title: MrCharles Aegis Wishlist
description: Generated by MrCharles. Filters: Grade>=A, PPC=3

// No Hesitation
//notes:S-Tier. on-demand survivability on any class, Benevolence synergy. Origin: Dealer's Choice
dimwishlist:item=1801007332&perks=202670084,3142289711,2980589453,3523296417,4293542123,243981275,2298656195,1988485648
dimwishlist:item=1801007332&perks=3142289711,2980589453,3523296417,4293542123,243981275,2298656195,1988485648
dimwishlist:item=1801007332&perks=202670084,2980589453,3523296417,4293542123,243981275,2298656195,1988485648
dimwishlist:item=1801007332&perks=202670084,3142289711,2980589453,3523296417,4293542123,243981275,2298656195
dimwishlist:item=1801007332&perks=2980589453,3523296417,4293542123,243981275,2298656195,1988485648
dimwishlist:item=1801007332&perks=3142289711,2980589453,3523296417,4293542123,243981275,2298656195
dimwishlist:item=1801007332&perks=202670084,2980589453,3523296417,4293542123,243981275,2298656195
dimwishlist:item=1801007332&perks=2980589453,3523296417,4293542123,243981275,2298656195

// Cusp Sempiternal
//notes:A-Tier. Void Overshield to allies, great perk pool. Origin: Frame of Reference
dimwishlist:item=2579693381&perks=202670084,3142289711,692399809,776531651,243981275,2048641572,3081867624,1134488199,2597494435
dimwishlist:item=2579693381&perks=3142289711,692399809,776531651,243981275,2048641572,3081867624,1134488199,2597494435
dimwishlist:item=2579693381&perks=202670084,692399809,776531651,243981275,2048641572,3081867624,1134488199,2597494435
dimwishlist:item=2579693381&perks=202670084,3142289711,692399809,776531651,243981275,2048641572,3081867624,1134488199
dimwishlist:item=2579693381&perks=692399809,776531651,243981275,2048641572,3081867624,1134488199,2597494435
dimwishlist:item=2579693381&perks=3142289711,692399809,776531651,243981275,2048641572,3081867624,1134488199
dimwishlist:item=2579693381&perks=202670084,692399809,776531651,243981275,2048641572,3081867624,1134488199
dimwishlist:item=2579693381&perks=692399809,776531651,243981275,2048641572,3081867624,1134488199

// Reckless Oracle
//notes:A-Tier. best archetype + arguably best overall splash combo right now. Origin: Photoinhibition
dimwishlist:item=3385326721&perks=1840239774,839105230,1431678320,3523296417
dimwishlist:item=3385326721&perks=1840239774,1431678320,3523296417
dimwishlist:item=3385326721&perks=1840239774,839105230,3523296417
dimwishlist:item=3385326721&perks=839105230,1431678320,3523296417
dimwishlist:item=3385326721&perks=1840239774,3523296417
dimwishlist:item=3385326721&perks=1431678320,3523296417
dimwishlist:item=3385326721&perks=839105230,3523296417
dimwishlist:item=3385326721&perks=3523296417

// Reckless Oracle
//notes:A-Tier. best archetype + arguably best overall splash combo right now. Origin: Photoinhibition
dimwishlist:item=1992309064&perks=1840239774,839105230,3230963543,1431678320,2048641572,3523296417,776531651,4049631843,511914882
dimwishlist:item=1992309064&perks=1840239774,3230963543,1431678320,2048641572,3523296417,776531651,4049631843,511914882
dimwishlist:item=1992309064&perks=1840239774,839105230,3230963543,2048641572,3523296417,776531651,4049631843,511914882
dimwishlist:item=1992309064&perks=839105230,3230963543,1431678320,2048641572,3523296417,776531651,4049631843,511914882
dimwishlist:item=1992309064&perks=1840239774,839105230,1431678320,2048641572,3523296417,776531651,4049631843,511914882
dimwishlist:item=1992309064&perks=1840239774,839105230,3230963543,1431678320,2048641572,3523296417,776531651,4049631843
dimwishlist:item=1992309064&perks=1840239774,3230963543,2048641572,3523296417,776531651,4049631843,511914882
dimwishlist:item=1992309064&perks=3230963543,1431678320,2048641572,3523296417,776531651,4049631843,511914882
dimwishlist:item=1992309064&perks=1840239774,1431678320,2048641572,3523296417,776531651,4049631843,511914882
dimwishlist:item=1992309064&perks=839105230,3230963543,2048641572,3523296417,776531651,4049631843,511914882
dimwishlist:item=1992309064&perks=1840239774,839105230,2048641572,3523296417,776531651,4049631843,511914882
dimwishlist:item=1992309064&perks=839105230,1431678320,2048641572,3523296417,776531651,4049631843,511914882
dimwishlist:item=1992309064&perks=1840239774,3230963543,1431678320,2048641572,3523296417,776531651,4049631843
dimwishlist:item=1992309064&perks=1840239774,839105230,3230963543,2048641572,3523296417,776531651,4049631843
dimwishlist:item=1992309064&perks=839105230,3230963543,1431678320,2048641572,3523296417,776531651,4049631843
dimwishlist:item=1992309064&perks=1840239774,839105230,1431678320,2048641572,3523296417,776531651,4049631843
dimwishlist:item=1992309064&perks=3230963543,2048641572,3523296417,776531651,4049631843,511914882
dimwishlist:item=1992309064&perks=1840239774,2048641572,3523296417,776531651,4049631843,511914882
dimwishlist:item=1992309064&perks=1431678320,2048641572,3523296417,776531651,4049631843,511914882
dimwishlist:item=1992309064&perks=839105230,2048641572,3523296417,776531651,4049631843,511914882
dimwishlist:item=1992309064&perks=1840239774,3230963543,2048641572,3523296417,776531651,4049631843
dimwishlist:item=1992309064&perks=3230963543,1431678320,2048641572,3523296417,776531651,4049631843
dimwishlist:item=1992309064&perks=1840239774,1431678320,2048641572,3523296417,776531651,4049631843
dimwishlist:item=1992309064&perks=839105230,3230963543,2048641572,3523296417,776531651,4049631843
dimwishlist:item=1992309064&perks=1840239774,839105230,2048641572,3523296417,776531651,4049631843
dimwishlist:item=1992309064&perks=839105230,1431678320,2048641572,3523296417,776531651,4049631843
dimwishlist:item=1992309064&perks=2048641572,3523296417,776531651,4049631843,511914882
dimwishlist:item=1992309064&perks=3230963543,2048641572,3523296417,776531651,4049631843
dimwishlist:item=1992309064&perks=1840239774,2048641572,3523296417,776531651,4049631843
dimwishlist:item=1992309064&perks=1431678320,2048641572,3523296417,776531651,4049631843
dimwishlist:item=1992309064&perks=839105230,2048641572,3523296417,776531651,4049631843
dimwishlist:item=1992309064&perks=2048641572,3523296417,776531651,4049631843

// Zealous Ideal
//notes:A-Tier. similar to Ahab Char, has Incandescent/Attrition/blaster access though. Origin: Imperial Allegiance
dimwishlist:item=1863583117&perks=1840239774,839105230,1946186791,1092016998,3017780555,243981275,4293542123,2890807135,1164078247
dimwishlist:item=1863583117&perks=1840239774,1946186791,1092016998,3017780555,243981275,4293542123,2890807135,1164078247
dimwishlist:item=1863583117&perks=1840239774,839105230,1946186791,3017780555,243981275,4293542123,2890807135,1164078247
dimwishlist:item=1863583117&perks=839105230,1946186791,1092016998,3017780555,243981275,4293542123,2890807135,1164078247
dimwishlist:item=1863583117&perks=1840239774,839105230,1092016998,3017780555,243981275,4293542123,2890807135,1164078247
dimwishlist:item=1863583117&perks=1840239774,839105230,1946186791,1092016998,3017780555,243981275,4293542123,2890807135
dimwishlist:item=1863583117&perks=1840239774,1946186791,3017780555,243981275,4293542123,2890807135,1164078247
dimwishlist:item=1863583117&perks=1946186791,1092016998,3017780555,243981275,4293542123,2890807135,1164078247
dimwishlist:item=1863583117&perks=1840239774,1092016998,3017780555,243981275,4293542123,2890807135,1164078247
dimwishlist:item=1863583117&perks=839105230,1946186791,3017780555,243981275,4293542123,2890807135,1164078247
dimwishlist:item=1863583117&perks=1840239774,839105230,3017780555,243981275,4293542123,2890807135,1164078247
dimwishlist:item=1863583117&perks=839105230,1092016998,3017780555,243981275,4293542123,2890807135,1164078247
dimwishlist:item=1863583117&perks=1840239774,1946186791,1092016998,3017780555,243981275,4293542123,2890807135
dimwishlist:item=1863583117&perks=1840239774,839105230,1946186791,3017780555,243981275,4293542123,2890807135
dimwishlist:item=1863583117&perks=839105230,1946186791,1092016998,3017780555,243981275,4293542123,2890807135
dimwishlist:item=1863583117&perks=1840239774,839105230,1092016998,3017780555,243981275,4293542123,2890807135
dimwishlist:item=1863583117&perks=1946186791,3017780555,243981275,4293542123,2890807135,1164078247
dimwishlist:item=1863583117&perks=1840239774,3017780555,243981275,4293542123,2890807135,1164078247
dimwishlist:item=1863583117&perks=1092016998,3017780555,243981275,4293542123,2890807135,1164078247
dimwishlist:item=1863583117&perks=839105230,3017780555,243981275,4293542123,2890807135,1164078247
dimwishlist:item=1863583117&perks=1840239774,1946186791,3017780555,243981275,4293542123,2890807135
dimwishlist:item=1863583117&perks=1946186791,1092016998,3017780555,243981275,4293542123,2890807135
dimwishlist:item=1863583117&perks=1840239774,1092016998,3017780555,243981275,4293542123,2890807135
dimwishlist:item=1863583117&perks=839105230,1946186791,3017780555,243981275,4293542123,2890807135
dimwishlist:item=1863583117&perks=1840239774,839105230,3017780555,243981275,4293542123,2890807135
dimwishlist:item=1863583117&perks=839105230,1092016998,3017780555,243981275,4293542123,2890807135
dimwishlist:item=1863583117&perks=3017780555,243981275,4293542123,2890807135,1164078247
dimwishlist:item=1863583117&perks=1946186791,3017780555,243981275,4293542123,2890807135
dimwishlist:item=1863583117&perks=1840239774,3017780555,243981275,4293542123,2890807135
dimwishlist:item=1863583117&perks=1092016998,3017780555,243981275,4293542123,2890807135
dimwishlist:item=1863583117&perks=839105230,3017780555,243981275,4293542123,2890807135
dimwishlist:item=1863583117&perks=3017780555,243981275,4293542123,2890807135

// Reghusk's Pledge
//notes:A-Tier. basically Reckless with a few extra perks and a different origin. Origin: Skulking Wolf
dimwishlist:item=2370525224&perks=1840239774,839105230,3230963543,1431678320,2048641572,1464081238,776531651,2610012052,243981275,3989629871
dimwishlist:item=2370525224&perks=1840239774,3230963543,1431678320,2048641572,1464081238,776531651,2610012052,243981275,3989629871
dimwishlist:item=2370525224&perks=1840239774,839105230,3230963543,2048641572,1464081238,776531651,2610012052,243981275,3989629871
dimwishlist:item=2370525224&perks=839105230,3230963543,1431678320,2048641572,1464081238,776531651,2610012052,243981275,3989629871
dimwishlist:item=2370525224&perks=1840239774,839105230,1431678320,2048641572,1464081238,776531651,2610012052,243981275,3989629871
dimwishlist:item=2370525224&perks=1840239774,839105230,3230963543,1431678320,2048641572,1464081238,776531651,2610012052,243981275
dimwishlist:item=2370525224&perks=1840239774,3230963543,2048641572,1464081238,776531651,2610012052,243981275,3989629871
dimwishlist:item=2370525224&perks=3230963543,1431678320,2048641572,1464081238,776531651,2610012052,243981275,3989629871
dimwishlist:item=2370525224&perks=1840239774,1431678320,2048641572,1464081238,776531651,2610012052,243981275,3989629871
dimwishlist:item=2370525224&perks=839105230,3230963543,2048641572,1464081238,776531651,2610012052,243981275,3989629871
dimwishlist:item=2370525224&perks=1840239774,839105230,2048641572,1464081238,776531651,2610012052,243981275,3989629871
dimwishlist:item=2370525224&perks=839105230,1431678320,2048641572,1464081238,776531651,2610012052,243981275,3989629871
dimwishlist:item=2370525224&perks=1840239774,3230963543,1431678320,2048641572,1464081238,776531651,2610012052,243981275
dimwishlist:item=2370525224&perks=1840239774,839105230,3230963543,2048641572,1464081238,776531651,2610012052,243981275
dimwishlist:item=2370525224&perks=839105230,3230963543,1431678320,2048641572,1464081238,776531651,2610012052,243981275
dimwishlist:item=2370525224&perks=1840239774,839105230,1431678320,2048641572,1464081238,776531651,2610012052,243981275
dimwishlist:item=2370525224&perks=3230963543,2048641572,1464081238,776531651,2610012052,243981275,3989629871
dimwishlist:item=2370525224&perks=1840239774,2048641572,1464081238,776531651,2610012052,243981275,3989629871
dimwishlist:item=2370525224&perks=1431678320,2048641572,1464081238,776531651,2610012052,243981275,3989629871
dimwishlist:item=2370525224&perks=839105230,2048641572,1464081238,776531651,2610012052,243981275,3989629871
dimwishlist:item=2370525224&perks=1840239774,3230963543,2048641572,1464081238,776531651,2610012052,243981275
dimwishlist:item=2370525224&perks=3230963543,1431678320,2048641572,1464081238,776531651,2610012052,243981275
dimwishlist:item=2370525224&perks=1840239774,1431678320,2048641572,1464081238,776531651,2610012052,243981275
dimwishlist:item=2370525224&perks=839105230,3230963543,2048641572,1464081238,776531651,2610012052,243981275
dimwishlist:item=2370525224&perks=1840239774,839105230,2048641572,1464081238,776531651,2610012052,243981275
dimwishlist:item=2370525224&perks=839105230,1431678320,2048641572,1464081238,776531651,2610012052,243981275
dimwishlist:item=2370525224&perks=2048641572,1464081238,776531651,2610012052,243981275,3989629871
dimwishlist:item=2370525224&perks=3230963543,2048641572,1464081238,776531651,2610012052,243981275
dimwishlist:item=2370525224&perks=1840239774,2048641572,1464081238,776531651,2610012052,243981275
dimwishlist:item=2370525224&perks=1431678320,2048641572,1464081238,776531651,2610012052,243981275
dimwishlist:item=2370525224&perks=839105230,2048641572,1464081238,776531651,2610012052,243981275
dimwishlist:item=2370525224&perks=2048641572,1464081238,776531651,2610012052,243981275

// Abyss Defiant
//notes:A-Tier. excellent origin and solid perks held back by frame. Origin: Cursed Thrall
dimwishlist:item=3782662983&perks=1840239774,839105230,3230963543,1431678320,3017780555,3828510309,4293542123,1156201379
dimwishlist:item=3782662983&perks=1840239774,3230963543,1431678320,3017780555,3828510309,4293542123,1156201379
dimwishlist:item=3782662983&perks=1840239774,839105230,3230963543,3017780555,3828510309,4293542123,1156201379
dimwishlist:item=3782662983&perks=839105230,3230963543,1431678320,3017780555,3828510309,4293542123,1156201379
dimwishlist:item=3782662983&perks=1840239774,839105230,1431678320,3017780555,3828510309,4293542123,1156201379
dimwishlist:item=3782662983&perks=1840239774,839105230,3230963543,1431678320,3017780555,3828510309,4293542123
dimwishlist:item=3782662983&perks=1840239774,3230963543,3017780555,3828510309,4293542123,1156201379
dimwishlist:item=3782662983&perks=3230963543,1431678320,3017780555,3828510309,4293542123,1156201379
dimwishlist:item=3782662983&perks=1840239774,1431678320,3017780555,3828510309,4293542123,1156201379
dimwishlist:item=3782662983&perks=839105230,3230963543,3017780555,3828510309,4293542123,1156201379
dimwishlist:item=3782662983&perks=1840239774,839105230,3017780555,3828510309,4293542123,1156201379
dimwishlist:item=3782662983&perks=839105230,1431678320,3017780555,3828510309,4293542123,1156201379
dimwishlist:item=3782662983&perks=1840239774,3230963543,1431678320,3017780555,3828510309,4293542123
dimwishlist:item=3782662983&perks=1840239774,839105230,3230963543,3017780555,3828510309,4293542123
dimwishlist:item=3782662983&perks=839105230,3230963543,1431678320,3017780555,3828510309,4293542123
dimwishlist:item=3782662983&perks=1840239774,839105230,1431678320,3017780555,3828510309,4293542123
dimwishlist:item=3782662983&perks=3230963543,3017780555,3828510309,4293542123,1156201379
dimwishlist:item=3782662983&perks=1840239774,3017780555,3828510309,4293542123,1156201379
dimwishlist:item=3782662983&perks=1431678320,3017780555,3828510309,4293542123,1156201379
dimwishlist:item=3782662983&perks=839105230,3017780555,3828510309,4293542123,1156201379
dimwishlist:item=3782662983&perks=1840239774,3230963543,3017780555,3828510309,4293542123
dimwishlist:item=3782662983&perks=3230963543,1431678320,3017780555,3828510309,4293542123
dimwishlist:item=3782662983&perks=1840239774,1431678320,3017780555,3828510309,4293542123
dimwishlist:item=3782662983&perks=839105230,3230963543,3017780555,3828510309,4293542123
dimwishlist:item=3782662983&perks=1840239774,839105230,3017780555,3828510309,4293542123
dimwishlist:item=3782662983&perks=839105230,1431678320,3017780555,3828510309,4293542123
dimwishlist:item=3782662983&perks=3017780555,3828510309,4293542123,1156201379
dimwishlist:item=3782662983&perks=3230963543,3017780555,3828510309,4293542123
dimwishlist:item=3782662983&perks=1840239774,3017780555,3828510309,4293542123
dimwishlist:item=3782662983&perks=1431678320,3017780555,3828510309,4293542123
dimwishlist:item=3782662983&perks=839105230,3017780555,3828510309,4293542123
dimwishlist:item=3782662983&perks=3017780555,3828510309,4293542123

// Abyss Defiant
//notes:A-Tier. excellent origin and solid perks held back by frame. Origin: Cursed Thrall
dimwishlist:item=833898322&perks=1840239774,839105230,3230963543,1431678320,3017780555,3828510309,4293542123,1156201379
dimwishlist:item=833898322&perks=1840239774,3230963543,1431678320,3017780555,3828510309,4293542123,1156201379
dimwishlist:item=833898322&perks=1840239774,839105230,3230963543,3017780555,3828510309,4293542123,1156201379
dimwishlist:item=833898322&perks=839105230,3230963543,1431678320,3017780555,3828510309,4293542123,1156201379
dimwishlist:item=833898322&perks=1840239774,839105230,1431678320,3017780555,3828510309,4293542123,1156201379
dimwishlist:item=833898322&perks=1840239774,839105230,3230963543,1431678320,3017780555,3828510309,4293542123
dimwishlist:item=833898322&perks=1840239774,3230963543,3017780555,3828510309,4293542123,1156201379
dimwishlist:item=833898322&perks=3230963543,1431678320,3017780555,3828510309,4293542123,1156201379
dimwishlist:item=833898322&perks=1840239774,1431678320,3017780555,3828510309,4293542123,1156201379
dimwishlist:item=833898322&perks=839105230,3230963543,3017780555,3828510309,4293542123,1156201379
dimwishlist:item=833898322&perks=1840239774,839105230,3017780555,3828510309,4293542123,1156201379
dimwishlist:item=833898322&perks=839105230,1431678320,3017780555,3828510309,4293542123,1156201379
dimwishlist:item=833898322&perks=1840239774,3230963543,1431678320,3017780555,3828510309,4293542123
dimwishlist:item=833898322&perks=1840239774,839105230,3230963543,3017780555,3828510309,4293542123
dimwishlist:item=833898322&perks=839105230,3230963543,1431678320,3017780555,3828510309,4293542123
dimwishlist:item=833898322&perks=1840239774,839105230,1431678320,3017780555,3828510309,4293542123
dimwishlist:item=833898322&perks=3230963543,3017780555,3828510309,4293542123,1156201379
dimwishlist:item=833898322&perks=1840239774,3017780555,3828510309,4293542123,1156201379
dimwishlist:item=833898322&perks=1431678320,3017780555,3828510309,4293542123,1156201379
dimwishlist:item=833898322&perks=839105230,3017780555,3828510309,4293542123,1156201379
dimwishlist:item=833898322&perks=1840239774,3230963543,3017780555,3828510309,4293542123
dimwishlist:item=833898322&perks=3230963543,1431678320,3017780555,3828510309,4293542123
dimwishlist:item=833898322&perks=1840239774,1431678320,3017780555,3828510309,4293542123
dimwishlist:item=833898322&perks=839105230,3230963543,3017780555,3828510309,4293542123
dimwishlist:item=833898322&perks=1840239774,839105230,3017780555,3828510309,4293542123
dimwishlist:item=833898322&perks=839105230,1431678320,3017780555,3828510309,4293542123
dimwishlist:item=833898322&perks=3017780555,3828510309,4293542123,1156201379
dimwishlist:item=833898322&perks=3230963543,3017780555,3828510309,4293542123
dimwishlist:item=833898322&perks=1840239774,3017780555,3828510309,4293542123
dimwishlist:item=833898322&perks=1431678320,3017780555,3828510309,4293542123
dimwishlist:item=833898322&perks=839105230,3017780555,3828510309,4293542123
dimwishlist:item=833898322&perks=3017780555,3828510309,4293542123

// The Summoner
//notes:A-Tier. solid origin and perks with better archetype than Abyss. Origin: Wild Card
dimwishlist:item=1292594730&perks=1840239774,839105230,3230963543,1431678320,3017780555,4293542123,95528736,1050127423
dimwishlist:item=1292594730&perks=1840239774,3230963543,1431678320,3017780555,4293542123,95528736,1050127423
dimwishlist:item=1292594730&perks=1840239774,839105230,3230963543,3017780555,4293542123,95528736,1050127423
dimwishlist:item=1292594730&perks=839105230,3230963543,1431678320,3017780555,4293542123,95528736,1050127423
dimwishlist:item=1292594730&perks=1840239774,839105230,1431678320,3017780555,4293542123,95528736,1050127423
dimwishlist:item=1292594730&perks=1840239774,839105230,3230963543,1431678320,3017780555,4293542123,95528736
dimwishlist:item=1292594730&perks=1840239774,3230963543,3017780555,4293542123,95528736,1050127423
dimwishlist:item=1292594730&perks=3230963543,1431678320,3017780555,4293542123,95528736,1050127423
dimwishlist:item=1292594730&perks=1840239774,1431678320,3017780555,4293542123,95528736,1050127423
dimwishlist:item=1292594730&perks=839105230,3230963543,3017780555,4293542123,95528736,1050127423
dimwishlist:item=1292594730&perks=1840239774,839105230,3017780555,4293542123,95528736,1050127423
dimwishlist:item=1292594730&perks=839105230,1431678320,3017780555,4293542123,95528736,1050127423
dimwishlist:item=1292594730&perks=1840239774,3230963543,1431678320,3017780555,4293542123,95528736
dimwishlist:item=1292594730&perks=1840239774,839105230,3230963543,3017780555,4293542123,95528736
dimwishlist:item=1292594730&perks=839105230,3230963543,1431678320,3017780555,4293542123,95528736
dimwishlist:item=1292594730&perks=1840239774,839105230,1431678320,3017780555,4293542123,95528736
dimwishlist:item=1292594730&perks=3230963543,3017780555,4293542123,95528736,1050127423
dimwishlist:item=1292594730&perks=1840239774,3017780555,4293542123,95528736,1050127423
dimwishlist:item=1292594730&perks=1431678320,3017780555,4293542123,95528736,1050127423
dimwishlist:item=1292594730&perks=839105230,3017780555,4293542123,95528736,1050127423
dimwishlist:item=1292594730&perks=1840239774,3230963543,3017780555,4293542123,95528736
dimwishlist:item=1292594730&perks=3230963543,1431678320,3017780555,4293542123,95528736
dimwishlist:item=1292594730&perks=1840239774,1431678320,3017780555,4293542123,95528736
dimwishlist:item=1292594730&perks=839105230,3230963543,3017780555,4293542123,95528736
dimwishlist:item=1292594730&perks=1840239774,839105230,3017780555,4293542123,95528736
dimwishlist:item=1292594730&perks=839105230,1431678320,3017780555,4293542123,95528736
dimwishlist:item=1292594730&perks=3017780555,4293542123,95528736,1050127423
dimwishlist:item=1292594730&perks=3230963543,3017780555,4293542123,95528736
dimwishlist:item=1292594730&perks=1840239774,3017780555,4293542123,95528736
dimwishlist:item=1292594730&perks=1431678320,3017780555,4293542123,95528736
dimwishlist:item=1292594730&perks=839105230,3017780555,4293542123,95528736
dimwishlist:item=1292594730&perks=3017780555,4293542123,95528736

// The Summoner
//notes:A-Tier. solid origin and perks with better archetype than Abyss. Origin: Wild Card
dimwishlist:item=1820994983&perks=1840239774,839105230,3230963543,1431678320,3017780555,4293542123,95528736,1050127423
dimwishlist:item=1820994983&perks=1840239774,3230963543,1431678320,3017780555,4293542123,95528736,1050127423
dimwishlist:item=1820994983&perks=1840239774,839105230,3230963543,3017780555,4293542123,95528736,1050127423
dimwishlist:item=1820994983&perks=839105230,3230963543,1431678320,3017780555,4293542123,95528736,1050127423
dimwishlist:item=1820994983&perks=1840239774,839105230,1431678320,3017780555,4293542123,95528736,1050127423
dimwishlist:item=1820994983&perks=1840239774,839105230,3230963543,1431678320,3017780555,4293542123,95528736
dimwishlist:item=1820994983&perks=1840239774,3230963543,3017780555,4293542123,95528736,1050127423
dimwishlist:item=1820994983&perks=3230963543,1431678320,3017780555,4293542123,95528736,1050127423
dimwishlist:item=1820994983&perks=1840239774,1431678320,3017780555,4293542123,95528736,1050127423
dimwishlist:item=1820994983&perks=839105230,3230963543,3017780555,4293542123,95528736,1050127423
dimwishlist:item=1820994983&perks=1840239774,839105230,3017780555,4293542123,95528736,1050127423
dimwishlist:item=1820994983&perks=839105230,1431678320,3017780555,4293542123,95528736,1050127423
dimwishlist:item=1820994983&perks=1840239774,3230963543,1431678320,3017780555,4293542123,95528736
dimwishlist:item=1820994983&perks=1840239774,839105230,3230963543,3017780555,4293542123,95528736
dimwishlist:item=1820994983&perks=839105230,3230963543,1431678320,3017780555,4293542123,95528736
dimwishlist:item=1820994983&perks=1840239774,839105230,1431678320,3017780555,4293542123,95528736
dimwishlist:item=1820994983&perks=3230963543,3017780555,4293542123,95528736,1050127423
dimwishlist:item=1820994983&perks=1840239774,3017780555,4293542123,95528736,1050127423
dimwishlist:item=1820994983&perks=1431678320,3017780555,4293542123,95528736,1050127423
dimwishlist:item=1820994983&perks=839105230,3017780555,4293542123,95528736,1050127423
dimwishlist:item=1820994983&perks=1840239774,3230963543,3017780555,4293542123,95528736
dimwishlist:item=1820994983&perks=3230963543,1431678320,3017780555,4293542123,95528736
dimwishlist:item=1820994983&perks=1840239774,1431678320,3017780555,4293542123,95528736
dimwishlist:item=1820994983&perks=839105230,3230963543,3017780555,4293542123,95528736
dimwishlist:item=1820994983&perks=1840239774,839105230,3017780555,4293542123,95528736
dimwishlist:item=1820994983&perks=839105230,1431678320,3017780555,4293542123,95528736
dimwishlist:item=1820994983&perks=3017780555,4293542123,95528736,1050127423
dimwishlist:item=1820994983&perks=3230963543,3017780555,4293542123,95528736
dimwishlist:item=1820994983&perks=1840239774,3017780555,4293542123,95528736
dimwishlist:item=1820994983&perks=1431678320,3017780555,4293542123,95528736
dimwishlist:item=1820994983&perks=839105230,3017780555,4293542123,95528736
dimwishlist:item=1820994983&perks=3017780555,4293542123,95528736

// The Riposte
//notes:A-Tier. great perk pairing and archetype, just no origin. 
dimwishlist:item=3754408118&perks=1840239774,839105230,3230963543,1431678320,776531651,3828510309,2048641572
dimwishlist:item=3754408118&perks=1840239774,3230963543,1431678320,776531651,3828510309,2048641572
dimwishlist:item=3754408118&perks=1840239774,839105230,3230963543,776531651,3828510309,2048641572
dimwishlist:item=3754408118&perks=839105230,3230963543,1431678320,776531651,3828510309,2048641572
dimwishlist:item=3754408118&perks=1840239774,839105230,1431678320,776531651,3828510309,2048641572
dimwishlist:item=3754408118&perks=1840239774,3230963543,776531651,3828510309,2048641572
dimwishlist:item=3754408118&perks=3230963543,1431678320,776531651,3828510309,2048641572
dimwishlist:item=3754408118&perks=1840239774,1431678320,776531651,3828510309,2048641572
dimwishlist:item=3754408118&perks=839105230,3230963543,776531651,3828510309,2048641572
dimwishlist:item=3754408118&perks=1840239774,839105230,776531651,3828510309,2048641572
dimwishlist:item=3754408118&perks=839105230,1431678320,776531651,3828510309,2048641572
dimwishlist:item=3754408118&perks=3230963543,776531651,3828510309,2048641572
dimwishlist:item=3754408118&perks=1840239774,776531651,3828510309,2048641572
dimwishlist:item=3754408118&perks=1431678320,776531651,3828510309,2048641572
dimwishlist:item=3754408118&perks=839105230,776531651,3828510309,2048641572
dimwishlist:item=3754408118&perks=776531651,3828510309,2048641572

// Everburning Glitz
//notes:A-Tier. perks need playtime, but general package looks great. Origin: Fleet Footed
dimwishlist:item=2857870254&perks=1840239774,839105230,3230963543,1431678320,243981275,2289534249,3891536761,1202584452,65797256
dimwishlist:item=2857870254&perks=1840239774,3230963543,1431678320,243981275,2289534249,3891536761,1202584452,65797256
dimwishlist:item=2857870254&perks=1840239774,839105230,3230963543,243981275,2289534249,3891536761,1202584452,65797256
dimwishlist:item=2857870254&perks=839105230,3230963543,1431678320,243981275,2289534249,3891536761,1202584452,65797256
dimwishlist:item=2857870254&perks=1840239774,839105230,1431678320,243981275,2289534249,3891536761,1202584452,65797256
dimwishlist:item=2857870254&perks=1840239774,839105230,3230963543,1431678320,243981275,2289534249,3891536761,1202584452
dimwishlist:item=2857870254&perks=1840239774,3230963543,243981275,2289534249,3891536761,1202584452,65797256
dimwishlist:item=2857870254&perks=3230963543,1431678320,243981275,2289534249,3891536761,1202584452,65797256
dimwishlist:item=2857870254&perks=1840239774,1431678320,243981275,2289534249,3891536761,1202584452,65797256
dimwishlist:item=2857870254&perks=839105230,3230963543,243981275,2289534249,3891536761,1202584452,65797256
dimwishlist:item=2857870254&perks=1840239774,839105230,243981275,2289534249,3891536761,1202584452,65797256
dimwishlist:item=2857870254&perks=839105230,1431678320,243981275,2289534249,3891536761,1202584452,65797256
dimwishlist:item=2857870254&perks=1840239774,3230963543,1431678320,243981275,2289534249,3891536761,1202584452
dimwishlist:item=2857870254&perks=1840239774,839105230,3230963543,243981275,2289534249,3891536761,1202584452
dimwishlist:item=2857870254&perks=839105230,3230963543,1431678320,243981275,2289534249,3891536761,1202584452
dimwishlist:item=2857870254&perks=1840239774,839105230,1431678320,243981275,2289534249,3891536761,1202584452
dimwishlist:item=2857870254&perks=3230963543,243981275,2289534249,3891536761,1202584452,65797256
dimwishlist:item=2857870254&perks=1840239774,243981275,2289534249,3891536761,1202584452,65797256
dimwishlist:item=2857870254&perks=1431678320,243981275,2289534249,3891536761,1202584452,65797256
dimwishlist:item=2857870254&perks=839105230,243981275,2289534249,3891536761,1202584452,65797256
dimwishlist:item=2857870254&perks=1840239774,3230963543,243981275,2289534249,3891536761,1202584452
dimwishlist:item=2857870254&perks=3230963543,1431678320,243981275,2289534249,3891536761,1202584452
dimwishlist:item=2857870254&perks=1840239774,1431678320,243981275,2289534249,3891536761,1202584452
dimwishlist:item=2857870254&perks=839105230,3230963543,243981275,2289534249,3891536761,1202584452
dimwishlist:item=2857870254&perks=1840239774,839105230,243981275,2289534249,3891536761,1202584452
dimwishlist:item=2857870254&perks=839105230,1431678320,243981275,2289534249,3891536761,1202584452
dimwishlist:item=2857870254&perks=243981275,2289534249,3891536761,1202584452,65797256
dimwishlist:item=2857870254&perks=3230963543,243981275,2289534249,3891536761,1202584452
dimwishlist:item=2857870254&perks=1840239774,243981275,2289534249,3891536761,1202584452
dimwishlist:item=2857870254&perks=1431678320,243981275,2289534249,3891536761,1202584452
dimwishlist:item=2857870254&perks=839105230,243981275,2289534249,3891536761,1202584452
dimwishlist:item=2857870254&perks=243981275,2289534249,3891536761,1202584452

// VS Pyroelectric Propellant
//notes:A-Tier. one of the best Jolting users, great utility and origin. Origin: Bray Legacy
dimwishlist:item=4232480042&perks=1840239774,839105230,3230963543,1431678320,243981275,684456054,3966416502,4139916815
dimwishlist:item=4232480042&perks=1840239774,3230963543,1431678320,243981275,684456054,3966416502,4139916815
dimwishlist:item=4232480042&perks=1840239774,839105230,3230963543,243981275,684456054,3966416502,4139916815
dimwishlist:item=4232480042&perks=839105230,3230963543,1431678320,243981275,684456054,3966416502,4139916815
dimwishlist:item=4232480042&perks=1840239774,839105230,1431678320,243981275,684456054,3966416502,4139916815
dimwishlist:item=4232480042&perks=1840239774,839105230,3230963543,1431678320,243981275,684456054,3966416502
dimwishlist:item=4232480042&perks=1840239774,3230963543,243981275,684456054,3966416502,4139916815
dimwishlist:item=4232480042&perks=3230963543,1431678320,243981275,684456054,3966416502,4139916815
dimwishlist:item=4232480042&perks=1840239774,1431678320,243981275,684456054,3966416502,4139916815
dimwishlist:item=4232480042&perks=839105230,3230963543,243981275,684456054,3966416502,4139916815
dimwishlist:item=4232480042&perks=1840239774,839105230,243981275,684456054,3966416502,4139916815
dimwishlist:item=4232480042&perks=839105230,1431678320,243981275,684456054,3966416502,4139916815
dimwishlist:item=4232480042&perks=1840239774,3230963543,1431678320,243981275,684456054,3966416502
dimwishlist:item=4232480042&perks=1840239774,839105230,3230963543,243981275,684456054,3966416502
dimwishlist:item=4232480042&perks=839105230,3230963543,1431678320,243981275,684456054,3966416502
dimwishlist:item=4232480042&perks=1840239774,839105230,1431678320,243981275,684456054,3966416502
dimwishlist:item=4232480042&perks=3230963543,243981275,684456054,3966416502,4139916815
dimwishlist:item=4232480042&perks=1840239774,243981275,684456054,3966416502,4139916815
dimwishlist:item=4232480042&perks=1431678320,243981275,684456054,3966416502,4139916815
dimwishlist:item=4232480042&perks=839105230,243981275,684456054,3966416502,4139916815
dimwishlist:item=4232480042&perks=1840239774,3230963543,243981275,684456054,3966416502
dimwishlist:item=4232480042&perks=3230963543,1431678320,243981275,684456054,3966416502
dimwishlist:item=4232480042&perks=1840239774,1431678320,243981275,684456054,3966416502
dimwishlist:item=4232480042&perks=839105230,3230963543,243981275,684456054,3966416502
dimwishlist:item=4232480042&perks=1840239774,839105230,243981275,684456054,3966416502
dimwishlist:item=4232480042&perks=839105230,1431678320,243981275,684456054,3966416502
dimwishlist:item=4232480042&perks=243981275,684456054,3966416502,4139916815
dimwishlist:item=4232480042&perks=3230963543,243981275,684456054,3966416502
dimwishlist:item=4232480042&perks=1840239774,243981275,684456054,3966416502
dimwishlist:item=4232480042&perks=1431678320,243981275,684456054,3966416502
dimwishlist:item=4232480042&perks=839105230,243981275,684456054,3966416502
dimwishlist:item=4232480042&perks=243981275,684456054,3966416502

// Adamantite
//notes:A-Tier. worse healing effects vs. No Hesitation, but still useful in-slot. Origin: Runneth Over
dimwishlist:item=2987244302&perks=202670084,3142289711,692399809,923806249,3523296417,243981275,960997401,4104185692,120721526
dimwishlist:item=2987244302&perks=3142289711,692399809,923806249,3523296417,243981275,960997401,4104185692,120721526
dimwishlist:item=2987244302&perks=202670084,692399809,923806249,3523296417,243981275,960997401,4104185692,120721526
dimwishlist:item=2987244302&perks=202670084,3142289711,692399809,923806249,3523296417,243981275,960997401,4104185692
dimwishlist:item=2987244302&perks=692399809,923806249,3523296417,243981275,960997401,4104185692,120721526
dimwishlist:item=2987244302&perks=3142289711,692399809,923806249,3523296417,243981275,960997401,4104185692
dimwishlist:item=2987244302&perks=202670084,692399809,923806249,3523296417,243981275,960997401,4104185692
dimwishlist:item=2987244302&perks=692399809,923806249,3523296417,243981275,960997401,4104185692

// Adamantite
//notes:A-Tier. worse healing effects vs. No Hesitation, but still useful in-slot. Origin: Runneth Over
dimwishlist:item=3229982889&perks=202670084,3142289711,692399809,923806249,3523296417,243981275,960997401,4104185692
dimwishlist:item=3229982889&perks=3142289711,692399809,923806249,3523296417,243981275,960997401,4104185692
dimwishlist:item=3229982889&perks=202670084,692399809,923806249,3523296417,243981275,960997401,4104185692
dimwishlist:item=3229982889&perks=692399809,923806249,3523296417,243981275,960997401,4104185692

// Adamantite
//notes:A-Tier. worse healing effects vs. No Hesitation, but still useful in-slot. Origin: Runneth Over
dimwishlist:item=3485029080&perks=202670084,3142289711,692399809,923806249,3523296417,243981275,960997401,4104185692
dimwishlist:item=3485029080&perks=3142289711,692399809,923806249,3523296417,243981275,960997401,4104185692
dimwishlist:item=3485029080&perks=202670084,692399809,923806249,3523296417,243981275,960997401,4104185692
dimwishlist:item=3485029080&perks=692399809,923806249,3523296417,243981275,960997401,4104185692

// Adamantite
//notes:A-Tier. worse healing effects vs. No Hesitation, but still useful in-slot. Origin: Runneth Over
dimwishlist:item=601574723&perks=202670084,3142289711,692399809,923806249,3523296417,243981275,960997401,4104185692,120721526
dimwishlist:item=601574723&perks=3142289711,692399809,923806249,3523296417,243981275,960997401,4104185692,120721526
dimwishlist:item=601574723&perks=202670084,692399809,923806249,3523296417,243981275,960997401,4104185692,120721526
dimwishlist:item=601574723&perks=202670084,3142289711,692399809,923806249,3523296417,243981275,960997401,4104185692
dimwishlist:item=601574723&perks=692399809,923806249,3523296417,243981275,960997401,4104185692,120721526
dimwishlist:item=601574723&perks=3142289711,692399809,923806249,3523296417,243981275,960997401,4104185692
dimwishlist:item=601574723&perks=202670084,692399809,923806249,3523296417,243981275,960997401,4104185692
dimwishlist:item=601574723&perks=692399809,923806249,3523296417,243981275,960997401,4104185692

// Non-Denouement
//notes:S-Tier. prime example of double splash over arrow uptime usefulness. Origin: Collective Purpose
dimwishlist:item=1039915310&perks=2801223209,16392701,2848615171,201365942,3700496672,2173046394,3365897133,3640170453,1878756191
dimwishlist:item=1039915310&perks=16392701,2848615171,201365942,3700496672,2173046394,3365897133,3640170453,1878756191
dimwishlist:item=1039915310&perks=2801223209,2848615171,201365942,3700496672,2173046394,3365897133,3640170453,1878756191
dimwishlist:item=1039915310&perks=2801223209,16392701,2848615171,201365942,3700496672,2173046394,3365897133,3640170453
dimwishlist:item=1039915310&perks=2848615171,201365942,3700496672,2173046394,3365897133,3640170453,1878756191
dimwishlist:item=1039915310&perks=16392701,2848615171,201365942,3700496672,2173046394,3365897133,3640170453
dimwishlist:item=1039915310&perks=2801223209,2848615171,201365942,3700496672,2173046394,3365897133,3640170453
dimwishlist:item=1039915310&perks=2848615171,201365942,3700496672,2173046394,3365897133,3640170453

// Non-Denouement
//notes:S-Tier. prime example of double splash over arrow uptime usefulness. Origin: Collective Purpose
dimwishlist:item=1770490683&perks=2801223209,16392701,2848615171,201365942,3700496672,2173046394,3365897133,3640170453,1878756191
dimwishlist:item=1770490683&perks=16392701,2848615171,201365942,3700496672,2173046394,3365897133,3640170453,1878756191
dimwishlist:item=1770490683&perks=2801223209,2848615171,201365942,3700496672,2173046394,3365897133,3640170453,1878756191
dimwishlist:item=1770490683&perks=2801223209,16392701,2848615171,201365942,3700496672,2173046394,3365897133,3640170453
dimwishlist:item=1770490683&perks=2848615171,201365942,3700496672,2173046394,3365897133,3640170453,1878756191
dimwishlist:item=1770490683&perks=16392701,2848615171,201365942,3700496672,2173046394,3365897133,3640170453
dimwishlist:item=1770490683&perks=2801223209,2848615171,201365942,3700496672,2173046394,3365897133,3640170453
dimwishlist:item=1770490683&perks=2848615171,201365942,3700496672,2173046394,3365897133,3640170453

// Accrued Redemption
//notes:A-Tier. excellent in-slot with KT enhancement. Origin: Photoinhibition
dimwishlist:item=3621336854&perks=2801223209,16392701,201365942,3891536761,3824105627,511914882
dimwishlist:item=3621336854&perks=16392701,201365942,3891536761,3824105627,511914882
dimwishlist:item=3621336854&perks=2801223209,201365942,3891536761,3824105627,511914882
dimwishlist:item=3621336854&perks=2801223209,16392701,201365942,3891536761,3824105627
dimwishlist:item=3621336854&perks=201365942,3891536761,3824105627,511914882
dimwishlist:item=3621336854&perks=16392701,201365942,3891536761,3824105627
dimwishlist:item=3621336854&perks=2801223209,201365942,3891536761,3824105627
dimwishlist:item=3621336854&perks=201365942,3891536761,3824105627

// Accrued Redemption
//notes:A-Tier. excellent in-slot with KT enhancement. Origin: Photoinhibition
dimwishlist:item=4095896073&perks=2801223209,16392701,201365942
dimwishlist:item=4095896073&perks=16392701,201365942
dimwishlist:item=4095896073&perks=2801223209,201365942
dimwishlist:item=4095896073&perks=201365942

// Fortunate Star
//notes:A-Tier. double splash + utility options. Origin: Veist Stinger
dimwishlist:item=2326578623&perks=2801223209,16392701,776531651,2048641572,3988215619
dimwishlist:item=2326578623&perks=16392701,776531651,2048641572,3988215619
dimwishlist:item=2326578623&perks=2801223209,776531651,2048641572,3988215619
dimwishlist:item=2326578623&perks=2801223209,16392701,776531651,2048641572
dimwishlist:item=2326578623&perks=776531651,2048641572,3988215619
dimwishlist:item=2326578623&perks=16392701,776531651,2048641572
dimwishlist:item=2326578623&perks=2801223209,776531651,2048641572
dimwishlist:item=2326578623&perks=776531651,2048641572

// Fortunate Star
//notes:A-Tier. double splash + utility options. Origin: Veist Stinger
dimwishlist:item=2631466936&perks=2801223209,16392701,2848615171,776531651,2360347339,2048641572,1464081238,3365897133,3988215619
dimwishlist:item=2631466936&perks=16392701,2848615171,776531651,2360347339,2048641572,1464081238,3365897133,3988215619
dimwishlist:item=2631466936&perks=2801223209,2848615171,776531651,2360347339,2048641572,1464081238,3365897133,3988215619
dimwishlist:item=2631466936&perks=2801223209,16392701,2848615171,776531651,2360347339,2048641572,1464081238,3365897133
dimwishlist:item=2631466936&perks=2848615171,776531651,2360347339,2048641572,1464081238,3365897133,3988215619
dimwishlist:item=2631466936&perks=16392701,2848615171,776531651,2360347339,2048641572,1464081238,3365897133
dimwishlist:item=2631466936&perks=2801223209,2848615171,776531651,2360347339,2048641572,1464081238,3365897133
dimwishlist:item=2631466936&perks=2848615171,776531651,2360347339,2048641572,1464081238,3365897133

// Fortunate Star
//notes:A-Tier. double splash + utility options. Origin: Veist Stinger
dimwishlist:item=591672323&perks=2801223209,16392701,2848615171,776531651,2360347339,2048641572,1464081238,3365897133,3988215619
dimwishlist:item=591672323&perks=16392701,2848615171,776531651,2360347339,2048641572,1464081238,3365897133,3988215619
dimwishlist:item=591672323&perks=2801223209,2848615171,776531651,2360347339,2048641572,1464081238,3365897133,3988215619
dimwishlist:item=591672323&perks=2801223209,16392701,2848615171,776531651,2360347339,2048641572,1464081238,3365897133
dimwishlist:item=591672323&perks=2848615171,776531651,2360347339,2048641572,1464081238,3365897133,3988215619
dimwishlist:item=591672323&perks=16392701,2848615171,776531651,2360347339,2048641572,1464081238,3365897133
dimwishlist:item=591672323&perks=2801223209,2848615171,776531651,2360347339,2048641572,1464081238,3365897133
dimwishlist:item=591672323&perks=2848615171,776531651,2360347339,2048641572,1464081238,3365897133

// Anamnesis
//notes:A-Tier. double splash + utility options, worse origin than Fortunate. Origin: Runneth Over
dimwishlist:item=2291392465&perks=2801223209,16392701,776531651,2848615171,201365942,2048641572,1464081238,3365897133
dimwishlist:item=2291392465&perks=16392701,776531651,2848615171,201365942,2048641572,1464081238,3365897133
dimwishlist:item=2291392465&perks=2801223209,776531651,2848615171,201365942,2048641572,1464081238,3365897133
dimwishlist:item=2291392465&perks=776531651,2848615171,201365942,2048641572,1464081238,3365897133

// Anamnesis
//notes:A-Tier. double splash + utility options, worse origin than Fortunate. Origin: Runneth Over
dimwishlist:item=3417731926&perks=2801223209,16392701,776531651,2848615171,201365942,2048641572,1464081238,3365897133,120721526
dimwishlist:item=3417731926&perks=16392701,776531651,2848615171,201365942,2048641572,1464081238,3365897133,120721526
dimwishlist:item=3417731926&perks=2801223209,776531651,2848615171,201365942,2048641572,1464081238,3365897133,120721526
dimwishlist:item=3417731926&perks=2801223209,16392701,776531651,2848615171,201365942,2048641572,1464081238,3365897133
dimwishlist:item=3417731926&perks=776531651,2848615171,201365942,2048641572,1464081238,3365897133,120721526
dimwishlist:item=3417731926&perks=16392701,776531651,2848615171,201365942,2048641572,1464081238,3365897133
dimwishlist:item=3417731926&perks=2801223209,776531651,2848615171,201365942,2048641572,1464081238,3365897133
dimwishlist:item=3417731926&perks=776531651,2848615171,201365942,2048641572,1464081238,3365897133

// Anamnesis
//notes:A-Tier. double splash + utility options, worse origin than Fortunate. Origin: Runneth Over
dimwishlist:item=3949253499&perks=2801223209,16392701,776531651,2848615171,201365942,2048641572,1464081238,3365897133,120721526
dimwishlist:item=3949253499&perks=16392701,776531651,2848615171,201365942,2048641572,1464081238,3365897133,120721526
dimwishlist:item=3949253499&perks=2801223209,776531651,2848615171,201365942,2048641572,1464081238,3365897133,120721526
dimwishlist:item=3949253499&perks=2801223209,16392701,776531651,2848615171,201365942,2048641572,1464081238,3365897133
dimwishlist:item=3949253499&perks=776531651,2848615171,201365942,2048641572,1464081238,3365897133,120721526
dimwishlist:item=3949253499&perks=16392701,776531651,2848615171,201365942,2048641572,1464081238,3365897133
dimwishlist:item=3949253499&perks=2801223209,776531651,2848615171,201365942,2048641572,1464081238,3365897133
dimwishlist:item=3949253499&perks=776531651,2848615171,201365942,2048641572,1464081238,3365897133

// Anamnesis
//notes:A-Tier. double splash + utility options, worse origin than Fortunate. Origin: Runneth Over
dimwishlist:item=1536325168&perks=2801223209,16392701,776531651,2848615171,201365942,2048641572,1464081238,3365897133
dimwishlist:item=1536325168&perks=16392701,776531651,2848615171,201365942,2048641572,1464081238,3365897133
dimwishlist:item=1536325168&perks=2801223209,776531651,2848615171,201365942,2048641572,1464081238,3365897133
dimwishlist:item=1536325168&perks=776531651,2848615171,201365942,2048641572,1464081238,3365897133

// Pre Astyanax IV
//notes:A-Tier. double splash where Burning Ambition actually has use. Origin: Wild Card
dimwishlist:item=2932922810&perks=2801223209,16392701,4293542123,3365897133,1050127423
dimwishlist:item=2932922810&perks=16392701,4293542123,3365897133,1050127423
dimwishlist:item=2932922810&perks=2801223209,4293542123,3365897133,1050127423
dimwishlist:item=2932922810&perks=2801223209,16392701,4293542123,3365897133
dimwishlist:item=2932922810&perks=4293542123,3365897133,1050127423
dimwishlist:item=2932922810&perks=16392701,4293542123,3365897133
dimwishlist:item=2932922810&perks=2801223209,4293542123,3365897133
dimwishlist:item=2932922810&perks=4293542123,3365897133

// Pre Astyanax IV
//notes:A-Tier. double splash where Burning Ambition actually has use. Origin: Wild Card
dimwishlist:item=192784503&perks=2801223209,16392701,4293542123,3365897133,1050127423
dimwishlist:item=192784503&perks=16392701,4293542123,3365897133,1050127423
dimwishlist:item=192784503&perks=2801223209,4293542123,3365897133,1050127423
dimwishlist:item=192784503&perks=2801223209,16392701,4293542123,3365897133
dimwishlist:item=192784503&perks=4293542123,3365897133,1050127423
dimwishlist:item=192784503&perks=16392701,4293542123,3365897133
dimwishlist:item=192784503&perks=2801223209,4293542123,3365897133
dimwishlist:item=192784503&perks=4293542123,3365897133

// Pre Astyanax IV
//notes:A-Tier. double splash where Burning Ambition actually has use. Origin: Wild Card
dimwishlist:item=471764396&perks=2801223209,16392701,4293542123,3824105627,2890807135,3365897133,1089671869,1050127423
dimwishlist:item=471764396&perks=16392701,4293542123,3824105627,2890807135,3365897133,1089671869,1050127423
dimwishlist:item=471764396&perks=2801223209,4293542123,3824105627,2890807135,3365897133,1089671869,1050127423
dimwishlist:item=471764396&perks=2801223209,16392701,4293542123,3824105627,2890807135,3365897133,1089671869
dimwishlist:item=471764396&perks=4293542123,3824105627,2890807135,3365897133,1089671869,1050127423
dimwishlist:item=471764396&perks=16392701,4293542123,3824105627,2890807135,3365897133,1089671869
dimwishlist:item=471764396&perks=2801223209,4293542123,3824105627,2890807135,3365897133,1089671869
dimwishlist:item=471764396&perks=4293542123,3824105627,2890807135,3365897133,1089671869

// Pre Astyanax IV
//notes:A-Tier. double splash where Burning Ambition actually has use. Origin: Wild Card
dimwishlist:item=496556698&perks=2801223209,16392701,4293542123,3365897133,1050127423
dimwishlist:item=496556698&perks=16392701,4293542123,3365897133,1050127423
dimwishlist:item=496556698&perks=2801223209,4293542123,3365897133,1050127423
dimwishlist:item=496556698&perks=2801223209,16392701,4293542123,3365897133
dimwishlist:item=496556698&perks=4293542123,3365897133,1050127423
dimwishlist:item=496556698&perks=16392701,4293542123,3365897133
dimwishlist:item=496556698&perks=2801223209,4293542123,3365897133
dimwishlist:item=496556698&perks=4293542123,3365897133

// Pre Astyanax IV
//notes:A-Tier. double splash where Burning Ambition actually has use. Origin: Wild Card
dimwishlist:item=2063217087&perks=2801223209,16392701,4293542123,3365897133,1050127423
dimwishlist:item=2063217087&perks=16392701,4293542123,3365897133,1050127423
dimwishlist:item=2063217087&perks=2801223209,4293542123,3365897133,1050127423
dimwishlist:item=2063217087&perks=2801223209,16392701,4293542123,3365897133
dimwishlist:item=2063217087&perks=4293542123,3365897133,1050127423
dimwishlist:item=2063217087&perks=16392701,4293542123,3365897133
dimwishlist:item=2063217087&perks=2801223209,4293542123,3365897133
dimwishlist:item=2063217087&perks=4293542123,3365897133

// King Orfeo
//notes:A-Tier. only Meganeura bow, okay first column, worse than Non-Denouement. Origin: Nail, Meet Hammer
dimwishlist:item=3481382332&perks=2801223209,16392701,3365897133,201365942,3700496672,657025441,3966416502,2152442764
dimwishlist:item=3481382332&perks=16392701,3365897133,201365942,3700496672,657025441,3966416502,2152442764
dimwishlist:item=3481382332&perks=2801223209,3365897133,201365942,3700496672,657025441,3966416502,2152442764
dimwishlist:item=3481382332&perks=2801223209,16392701,3365897133,201365942,3700496672,657025441,3966416502
dimwishlist:item=3481382332&perks=3365897133,201365942,3700496672,657025441,3966416502,2152442764
dimwishlist:item=3481382332&perks=16392701,3365897133,201365942,3700496672,657025441,3966416502
dimwishlist:item=3481382332&perks=2801223209,3365897133,201365942,3700496672,657025441,3966416502
dimwishlist:item=3481382332&perks=3365897133,201365942,3700496672,657025441,3966416502

// King Orfeo
//notes:A-Tier. only Meganeura bow, okay first column, worse than Non-Denouement. Origin: Nail, Meet Hammer
dimwishlist:item=784540300&perks=2801223209,16392701,3365897133,201365942,3700496672,657025441,3966416502,2152442764
dimwishlist:item=784540300&perks=16392701,3365897133,201365942,3700496672,657025441,3966416502,2152442764
dimwishlist:item=784540300&perks=2801223209,3365897133,201365942,3700496672,657025441,3966416502,2152442764
dimwishlist:item=784540300&perks=2801223209,16392701,3365897133,201365942,3700496672,657025441,3966416502
dimwishlist:item=784540300&perks=3365897133,201365942,3700496672,657025441,3966416502,2152442764
dimwishlist:item=784540300&perks=16392701,3365897133,201365942,3700496672,657025441,3966416502
dimwishlist:item=784540300&perks=2801223209,3365897133,201365942,3700496672,657025441,3966416502
dimwishlist:item=784540300&perks=3365897133,201365942,3700496672,657025441,3966416502

// King Orfeo
//notes:A-Tier. only Meganeura bow, okay first column, worse than Non-Denouement. Origin: Nail, Meet Hammer
dimwishlist:item=784540301&perks=2801223209,16392701,3365897133,201365942,3700496672,657025441,3966416502,2152442764
dimwishlist:item=784540301&perks=16392701,3365897133,201365942,3700496672,657025441,3966416502,2152442764
dimwishlist:item=784540301&perks=2801223209,3365897133,201365942,3700496672,657025441,3966416502,2152442764
dimwishlist:item=784540301&perks=2801223209,16392701,3365897133,201365942,3700496672,657025441,3966416502
dimwishlist:item=784540301&perks=3365897133,201365942,3700496672,657025441,3966416502,2152442764
dimwishlist:item=784540301&perks=16392701,3365897133,201365942,3700496672,657025441,3966416502
dimwishlist:item=784540301&perks=2801223209,3365897133,201365942,3700496672,657025441,3966416502
dimwishlist:item=784540301&perks=3365897133,201365942,3700496672,657025441,3966416502

// King Orfeo
//notes:A-Tier. only Meganeura bow, okay first column, worse than Non-Denouement. Origin: Nail, Meet Hammer
dimwishlist:item=784540302&perks=2801223209,16392701,3365897133,201365942,3700496672,657025441,3966416502,2152442764
dimwishlist:item=784540302&perks=16392701,3365897133,201365942,3700496672,657025441,3966416502,2152442764
dimwishlist:item=784540302&perks=2801223209,3365897133,201365942,3700496672,657025441,3966416502,2152442764
dimwishlist:item=784540302&perks=2801223209,16392701,3365897133,201365942,3700496672,657025441,3966416502
dimwishlist:item=784540302&perks=3365897133,201365942,3700496672,657025441,3966416502,2152442764
dimwishlist:item=784540302&perks=16392701,3365897133,201365942,3700496672,657025441,3966416502
dimwishlist:item=784540302&perks=2801223209,3365897133,201365942,3700496672,657025441,3966416502
dimwishlist:item=784540302&perks=3365897133,201365942,3700496672,657025441,3966416502

// King Orfeo
//notes:A-Tier. only Meganeura bow, okay first column, worse than Non-Denouement. Origin: Nail, Meet Hammer
dimwishlist:item=784540303&perks=2801223209,16392701,3365897133,201365942,3700496672,657025441,3966416502,2152442764
dimwishlist:item=784540303&perks=16392701,3365897133,201365942,3700496672,657025441,3966416502,2152442764
dimwishlist:item=784540303&perks=2801223209,3365897133,201365942,3700496672,657025441,3966416502,2152442764
dimwishlist:item=784540303&perks=2801223209,16392701,3365897133,201365942,3700496672,657025441,3966416502
dimwishlist:item=784540303&perks=3365897133,201365942,3700496672,657025441,3966416502,2152442764
dimwishlist:item=784540303&perks=16392701,3365897133,201365942,3700496672,657025441,3966416502
dimwishlist:item=784540303&perks=2801223209,3365897133,201365942,3700496672,657025441,3966416502
dimwishlist:item=784540303&perks=3365897133,201365942,3700496672,657025441,3966416502

// Tyranny of Heaven
//notes:A-Tier. double splash but worse frame than Astyanax. Origin: Explosive Pact
dimwishlist:item=2721249463&perks=2801223209,16392701,2848615171,3365897133,201365942
dimwishlist:item=2721249463&perks=16392701,2848615171,3365897133,201365942
dimwishlist:item=2721249463&perks=2801223209,2848615171,3365897133,201365942
dimwishlist:item=2721249463&perks=2848615171,3365897133,201365942

// Tyranny of Heaven
//notes:A-Tier. double splash but worse frame than Astyanax. Origin: Explosive Pact
dimwishlist:item=3388655311&perks=2801223209,16392701,2848615171,3365897133,201365942,4293542123,4049631843,1489048135
dimwishlist:item=3388655311&perks=16392701,2848615171,3365897133,201365942,4293542123,4049631843,1489048135
dimwishlist:item=3388655311&perks=2801223209,2848615171,3365897133,201365942,4293542123,4049631843,1489048135
dimwishlist:item=3388655311&perks=2801223209,16392701,2848615171,3365897133,201365942,4293542123,4049631843
dimwishlist:item=3388655311&perks=2848615171,3365897133,201365942,4293542123,4049631843,1489048135
dimwishlist:item=3388655311&perks=16392701,2848615171,3365897133,201365942,4293542123,4049631843
dimwishlist:item=3388655311&perks=2801223209,2848615171,3365897133,201365942,4293542123,4049631843
dimwishlist:item=3388655311&perks=2848615171,3365897133,201365942,4293542123,4049631843

// Mercury-A
//notes:A-Tier. excessive draw time but still unique roll. Origin: Tenacity
dimwishlist:item=2838279629&perks=2801223209,16392701,243981275,2652708987,3891536761,3911709647
dimwishlist:item=2838279629&perks=16392701,243981275,2652708987,3891536761,3911709647
dimwishlist:item=2838279629&perks=2801223209,243981275,2652708987,3891536761,3911709647
dimwishlist:item=2838279629&perks=2801223209,16392701,243981275,2652708987,3891536761
dimwishlist:item=2838279629&perks=243981275,2652708987,3891536761,3911709647
dimwishlist:item=2838279629&perks=16392701,243981275,2652708987,3891536761
dimwishlist:item=2838279629&perks=2801223209,243981275,2652708987,3891536761
dimwishlist:item=2838279629&perks=243981275,2652708987,3891536761

// Word of Crota
//notes:S-Tier. great frame, excellent perks, amazing origin. Origin: Cursed Thrall
dimwishlist:item=3926103986&perks=1840239774,3230963543,1431678320,776531651,2848615171,2048641572,1156201379
dimwishlist:item=3926103986&perks=1840239774,3230963543,776531651,2848615171,2048641572,1156201379
dimwishlist:item=3926103986&perks=3230963543,1431678320,776531651,2848615171,2048641572,1156201379
dimwishlist:item=3926103986&perks=1840239774,1431678320,776531651,2848615171,2048641572,1156201379
dimwishlist:item=3926103986&perks=1840239774,3230963543,1431678320,776531651,2848615171,2048641572
dimwishlist:item=3926103986&perks=3230963543,776531651,2848615171,2048641572,1156201379
dimwishlist:item=3926103986&perks=1840239774,776531651,2848615171,2048641572,1156201379
dimwishlist:item=3926103986&perks=1431678320,776531651,2848615171,2048641572,1156201379
dimwishlist:item=3926103986&perks=1840239774,3230963543,776531651,2848615171,2048641572
dimwishlist:item=3926103986&perks=3230963543,1431678320,776531651,2848615171,2048641572
dimwishlist:item=3926103986&perks=1840239774,1431678320,776531651,2848615171,2048641572
dimwishlist:item=3926103986&perks=776531651,2848615171,2048641572,1156201379
dimwishlist:item=3926103986&perks=3230963543,776531651,2848615171,2048641572
dimwishlist:item=3926103986&perks=1840239774,776531651,2848615171,2048641572
dimwishlist:item=3926103986&perks=1431678320,776531651,2848615171,2048641572
dimwishlist:item=3926103986&perks=776531651,2848615171,2048641572

// Word of Crota
//notes:S-Tier. great frame, excellent perks, amazing origin. Origin: Cursed Thrall
dimwishlist:item=120706239&perks=1840239774,3230963543,1431678320,776531651,2848615171,2048641572,1156201379
dimwishlist:item=120706239&perks=1840239774,3230963543,776531651,2848615171,2048641572,1156201379
dimwishlist:item=120706239&perks=3230963543,1431678320,776531651,2848615171,2048641572,1156201379
dimwishlist:item=120706239&perks=1840239774,1431678320,776531651,2848615171,2048641572,1156201379
dimwishlist:item=120706239&perks=1840239774,3230963543,1431678320,776531651,2848615171,2048641572
dimwishlist:item=120706239&perks=3230963543,776531651,2848615171,2048641572,1156201379
dimwishlist:item=120706239&perks=1840239774,776531651,2848615171,2048641572,1156201379
dimwishlist:item=120706239&perks=1431678320,776531651,2848615171,2048641572,1156201379
dimwishlist:item=120706239&perks=1840239774,3230963543,776531651,2848615171,2048641572
dimwishlist:item=120706239&perks=3230963543,1431678320,776531651,2848615171,2048641572
dimwishlist:item=120706239&perks=1840239774,1431678320,776531651,2848615171,2048641572
dimwishlist:item=120706239&perks=776531651,2848615171,2048641572,1156201379
dimwishlist:item=120706239&perks=3230963543,776531651,2848615171,2048641572
dimwishlist:item=120706239&perks=1840239774,776531651,2848615171,2048641572
dimwishlist:item=120706239&perks=1431678320,776531651,2848615171,2048641572
dimwishlist:item=120706239&perks=776531651,2848615171,2048641572

// Posterity
//notes:S-Tier. great frame, splash + damage, solid origin. Origin: Bray Inheritance
dimwishlist:item=3281285075&perks=1840239774,3230963543,1431678320,2173046394,4104185692,3201496230,766321425
dimwishlist:item=3281285075&perks=1840239774,3230963543,2173046394,4104185692,3201496230,766321425
dimwishlist:item=3281285075&perks=3230963543,1431678320,2173046394,4104185692,3201496230,766321425
dimwishlist:item=3281285075&perks=1840239774,1431678320,2173046394,4104185692,3201496230,766321425
dimwishlist:item=3281285075&perks=1840239774,3230963543,1431678320,2173046394,4104185692,3201496230
dimwishlist:item=3281285075&perks=3230963543,2173046394,4104185692,3201496230,766321425
dimwishlist:item=3281285075&perks=1840239774,2173046394,4104185692,3201496230,766321425
dimwishlist:item=3281285075&perks=1431678320,2173046394,4104185692,3201496230,766321425
dimwishlist:item=3281285075&perks=1840239774,3230963543,2173046394,4104185692,3201496230
dimwishlist:item=3281285075&perks=3230963543,1431678320,2173046394,4104185692,3201496230
dimwishlist:item=3281285075&perks=1840239774,1431678320,2173046394,4104185692,3201496230
dimwishlist:item=3281285075&perks=2173046394,4104185692,3201496230,766321425
dimwishlist:item=3281285075&perks=3230963543,2173046394,4104185692,3201496230
dimwishlist:item=3281285075&perks=1840239774,2173046394,4104185692,3201496230
dimwishlist:item=3281285075&perks=1431678320,2173046394,4104185692,3201496230
dimwishlist:item=3281285075&perks=2173046394,4104185692,3201496230

// Modified B-7 Pistol
//notes:S-Tier. better version of Solemn Remembrance with Crystalline access. Origin: Accelerated Assault
dimwishlist:item=3146657388&perks=1840239774,1946186791,1092016998,3824105627,1955165503,247725512,124408337,2922950962
dimwishlist:item=3146657388&perks=1840239774,1946186791,3824105627,1955165503,247725512,124408337,2922950962
dimwishlist:item=3146657388&perks=1946186791,1092016998,3824105627,1955165503,247725512,124408337,2922950962
dimwishlist:item=3146657388&perks=1840239774,1092016998,3824105627,1955165503,247725512,124408337,2922950962
dimwishlist:item=3146657388&perks=1946186791,3824105627,1955165503,247725512,124408337,2922950962
dimwishlist:item=3146657388&perks=1840239774,3824105627,1955165503,247725512,124408337,2922950962
dimwishlist:item=3146657388&perks=1092016998,3824105627,1955165503,247725512,124408337,2922950962
dimwishlist:item=3146657388&perks=3824105627,1955165503,247725512,124408337,2922950962

// Modified B-7 Pistol
//notes:S-Tier. better version of Solemn Remembrance with Crystalline access. Origin: Accelerated Assault
dimwishlist:item=1872906663&perks=1840239774,1946186791,1092016998,3824105627,1955165503,247725512,124408337,2922950962,3713579091
dimwishlist:item=1872906663&perks=1840239774,1946186791,3824105627,1955165503,247725512,124408337,2922950962,3713579091
dimwishlist:item=1872906663&perks=1946186791,1092016998,3824105627,1955165503,247725512,124408337,2922950962,3713579091
dimwishlist:item=1872906663&perks=1840239774,1092016998,3824105627,1955165503,247725512,124408337,2922950962,3713579091
dimwishlist:item=1872906663&perks=1840239774,1946186791,1092016998,3824105627,1955165503,247725512,124408337,2922950962
dimwishlist:item=1872906663&perks=1946186791,3824105627,1955165503,247725512,124408337,2922950962,3713579091
dimwishlist:item=1872906663&perks=1840239774,3824105627,1955165503,247725512,124408337,2922950962,3713579091
dimwishlist:item=1872906663&perks=1092016998,3824105627,1955165503,247725512,124408337,2922950962,3713579091
dimwishlist:item=1872906663&perks=1840239774,1946186791,3824105627,1955165503,247725512,124408337,2922950962
dimwishlist:item=1872906663&perks=1946186791,1092016998,3824105627,1955165503,247725512,124408337,2922950962
dimwishlist:item=1872906663&perks=1840239774,1092016998,3824105627,1955165503,247725512,124408337,2922950962
dimwishlist:item=1872906663&perks=3824105627,1955165503,247725512,124408337,2922950962,3713579091
dimwishlist:item=1872906663&perks=1946186791,3824105627,1955165503,247725512,124408337,2922950962
dimwishlist:item=1872906663&perks=1840239774,3824105627,1955165503,247725512,124408337,2922950962
dimwishlist:item=1872906663&perks=1092016998,3824105627,1955165503,247725512,124408337,2922950962
dimwishlist:item=1872906663&perks=3824105627,1955165503,247725512,124408337,2922950962

// Aureus Neutralizer
//notes:A-Tier. BiS LP damage option, decent for neutral too. Origin: Hakke Breach Armaments
dimwishlist:item=3981920134&perks=1300023272,3230963543,1431678320,1546637391,1631667848,3751912585,2679249093,2360754333,1607056502
dimwishlist:item=3981920134&perks=1300023272,3230963543,1546637391,1631667848,3751912585,2679249093,2360754333,1607056502
dimwishlist:item=3981920134&perks=3230963543,1431678320,1546637391,1631667848,3751912585,2679249093,2360754333,1607056502
dimwishlist:item=3981920134&perks=1300023272,1431678320,1546637391,1631667848,3751912585,2679249093,2360754333,1607056502
dimwishlist:item=3981920134&perks=1300023272,3230963543,1431678320,1546637391,1631667848,3751912585,2679249093,2360754333
dimwishlist:item=3981920134&perks=3230963543,1546637391,1631667848,3751912585,2679249093,2360754333,1607056502
dimwishlist:item=3981920134&perks=1300023272,1546637391,1631667848,3751912585,2679249093,2360754333,1607056502
dimwishlist:item=3981920134&perks=1431678320,1546637391,1631667848,3751912585,2679249093,2360754333,1607056502
dimwishlist:item=3981920134&perks=1300023272,3230963543,1546637391,1631667848,3751912585,2679249093,2360754333
dimwishlist:item=3981920134&perks=3230963543,1431678320,1546637391,1631667848,3751912585,2679249093,2360754333
dimwishlist:item=3981920134&perks=1300023272,1431678320,1546637391,1631667848,3751912585,2679249093,2360754333
dimwishlist:item=3981920134&perks=1546637391,1631667848,3751912585,2679249093,2360754333,1607056502
dimwishlist:item=3981920134&perks=3230963543,1546637391,1631667848,3751912585,2679249093,2360754333
dimwishlist:item=3981920134&perks=1300023272,1546637391,1631667848,3751912585,2679249093,2360754333
dimwishlist:item=3981920134&perks=1431678320,1546637391,1631667848,3751912585,2679249093,2360754333
dimwishlist:item=3981920134&perks=1546637391,1631667848,3751912585,2679249093,2360754333

// Sightline Survey
//notes:A-Tier. doesn't scale as well as Posterity into upper-tier content. Origin: Radiolaria Transposer
dimwishlist:item=2350330520&perks=1840239774,3230963543,1431678320,3828510309,2173046394,253121539
dimwishlist:item=2350330520&perks=1840239774,3230963543,3828510309,2173046394,253121539
dimwishlist:item=2350330520&perks=3230963543,1431678320,3828510309,2173046394,253121539
dimwishlist:item=2350330520&perks=1840239774,1431678320,3828510309,2173046394,253121539
dimwishlist:item=2350330520&perks=1840239774,3230963543,1431678320,3828510309,2173046394
dimwishlist:item=2350330520&perks=3230963543,3828510309,2173046394,253121539
dimwishlist:item=2350330520&perks=1840239774,3828510309,2173046394,253121539
dimwishlist:item=2350330520&perks=1431678320,3828510309,2173046394,253121539
dimwishlist:item=2350330520&perks=1840239774,3230963543,3828510309,2173046394
dimwishlist:item=2350330520&perks=3230963543,1431678320,3828510309,2173046394
dimwishlist:item=2350330520&perks=1840239774,1431678320,3828510309,2173046394
dimwishlist:item=2350330520&perks=3828510309,2173046394,253121539
dimwishlist:item=2350330520&perks=3230963543,3828510309,2173046394
dimwishlist:item=2350330520&perks=1840239774,3828510309,2173046394
dimwishlist:item=2350330520&perks=1431678320,3828510309,2173046394
dimwishlist:item=2350330520&perks=3828510309,2173046394

// Agape
//notes:A-Tier. best energy slot heavy burst LP option, good neutral perks too. Origin: Exhaustive Research
dimwishlist:item=4124362340&perks=1840239774,3230963543,1431678320,1087426260,3017780555,3418782618,4293542123,3824105627,555281244,1906137414
dimwishlist:item=4124362340&perks=1840239774,3230963543,1431678320,3017780555,3418782618,4293542123,3824105627,555281244,1906137414
dimwishlist:item=4124362340&perks=1840239774,3230963543,1087426260,3017780555,3418782618,4293542123,3824105627,555281244,1906137414
dimwishlist:item=4124362340&perks=1840239774,1431678320,1087426260,3017780555,3418782618,4293542123,3824105627,555281244,1906137414
dimwishlist:item=4124362340&perks=1840239774,3230963543,3017780555,3418782618,4293542123,3824105627,555281244,1906137414
dimwishlist:item=4124362340&perks=3230963543,1431678320,3017780555,3418782618,4293542123,3824105627,555281244,1906137414
dimwishlist:item=4124362340&perks=1840239774,1431678320,3017780555,3418782618,4293542123,3824105627,555281244,1906137414
dimwishlist:item=4124362340&perks=3230963543,1087426260,3017780555,3418782618,4293542123,3824105627,555281244,1906137414
dimwishlist:item=4124362340&perks=1840239774,1087426260,3017780555,3418782618,4293542123,3824105627,555281244,1906137414
dimwishlist:item=4124362340&perks=1431678320,1087426260,3017780555,3418782618,4293542123,3824105627,555281244,1906137414
dimwishlist:item=4124362340&perks=1840239774,3230963543,1431678320,3017780555,3418782618,4293542123,3824105627,555281244
dimwishlist:item=4124362340&perks=1840239774,3230963543,1087426260,3017780555,3418782618,4293542123,3824105627,555281244
dimwishlist:item=4124362340&perks=1840239774,1431678320,1087426260,3017780555,3418782618,4293542123,3824105627,555281244
dimwishlist:item=4124362340&perks=3230963543,3017780555,3418782618,4293542123,3824105627,555281244,1906137414
dimwishlist:item=4124362340&perks=1840239774,3017780555,3418782618,4293542123,3824105627,555281244,1906137414
dimwishlist:item=4124362340&perks=1431678320,3017780555,3418782618,4293542123,3824105627,555281244,1906137414
dimwishlist:item=4124362340&perks=1087426260,3017780555,3418782618,4293542123,3824105627,555281244,1906137414
dimwishlist:item=4124362340&perks=1840239774,3230963543,3017780555,3418782618,4293542123,3824105627,555281244
dimwishlist:item=4124362340&perks=3230963543,1431678320,3017780555,3418782618,4293542123,3824105627,555281244
dimwishlist:item=4124362340&perks=1840239774,1431678320,3017780555,3418782618,4293542123,3824105627,555281244
dimwishlist:item=4124362340&perks=3230963543,1087426260,3017780555,3418782618,4293542123,3824105627,555281244
dimwishlist:item=4124362340&perks=1840239774,1087426260,3017780555,3418782618,4293542123,3824105627,555281244
dimwishlist:item=4124362340&perks=1431678320,1087426260,3017780555,3418782618,4293542123,3824105627,555281244
dimwishlist:item=4124362340&perks=3017780555,3418782618,4293542123,3824105627,555281244,1906137414
dimwishlist:item=4124362340&perks=3230963543,3017780555,3418782618,4293542123,3824105627,555281244
dimwishlist:item=4124362340&perks=1840239774,3017780555,3418782618,4293542123,3824105627,555281244
dimwishlist:item=4124362340&perks=1431678320,3017780555,3418782618,4293542123,3824105627,555281244
dimwishlist:item=4124362340&perks=1087426260,3017780555,3418782618,4293542123,3824105627,555281244
dimwishlist:item=4124362340&perks=3017780555,3418782618,4293542123,3824105627,555281244

// Corundum Hammer
//notes:A-Tier. Vulpecula replacement, cool double splash combo too, okay archetype. Origin: Fleet Footed
dimwishlist:item=2263462407&perks=1840239774,3230963543,1431678320,106909392,3824105627,923806249,3700496672,960997401,3038247973,1089671869,65797256
dimwishlist:item=2263462407&perks=1840239774,3230963543,1431678320,3824105627,923806249,3700496672,960997401,3038247973,1089671869,65797256
dimwishlist:item=2263462407&perks=1840239774,3230963543,106909392,3824105627,923806249,3700496672,960997401,3038247973,1089671869,65797256
dimwishlist:item=2263462407&perks=1840239774,1431678320,106909392,3824105627,923806249,3700496672,960997401,3038247973,1089671869,65797256
dimwishlist:item=2263462407&perks=1840239774,3230963543,3824105627,923806249,3700496672,960997401,3038247973,1089671869,65797256
dimwishlist:item=2263462407&perks=3230963543,1431678320,3824105627,923806249,3700496672,960997401,3038247973,1089671869,65797256
dimwishlist:item=2263462407&perks=1840239774,1431678320,3824105627,923806249,3700496672,960997401,3038247973,1089671869,65797256
dimwishlist:item=2263462407&perks=3230963543,106909392,3824105627,923806249,3700496672,960997401,3038247973,1089671869,65797256
dimwishlist:item=2263462407&perks=1840239774,106909392,3824105627,923806249,3700496672,960997401,3038247973,1089671869,65797256
dimwishlist:item=2263462407&perks=1431678320,106909392,3824105627,923806249,3700496672,960997401,3038247973,1089671869,65797256
dimwishlist:item=2263462407&perks=1840239774,3230963543,1431678320,3824105627,923806249,3700496672,960997401,3038247973,1089671869
dimwishlist:item=2263462407&perks=1840239774,3230963543,106909392,3824105627,923806249,3700496672,960997401,3038247973,1089671869
dimwishlist:item=2263462407&perks=1840239774,1431678320,106909392,3824105627,923806249,3700496672,960997401,3038247973,1089671869
dimwishlist:item=2263462407&perks=3230963543,3824105627,923806249,3700496672,960997401,3038247973,1089671869,65797256
dimwishlist:item=2263462407&perks=1840239774,3824105627,923806249,3700496672,960997401,3038247973,1089671869,65797256
dimwishlist:item=2263462407&perks=1431678320,3824105627,923806249,3700496672,960997401,3038247973,1089671869,65797256
dimwishlist:item=2263462407&perks=106909392,3824105627,923806249,3700496672,960997401,3038247973,1089671869,65797256
dimwishlist:item=2263462407&perks=1840239774,3230963543,3824105627,923806249,3700496672,960997401,3038247973,1089671869
dimwishlist:item=2263462407&perks=3230963543,1431678320,3824105627,923806249,3700496672,960997401,3038247973,1089671869
dimwishlist:item=2263462407&perks=1840239774,1431678320,3824105627,923806249,3700496672,960997401,3038247973,1089671869
dimwishlist:item=2263462407&perks=3230963543,106909392,3824105627,923806249,3700496672,960997401,3038247973,1089671869
dimwishlist:item=2263462407&perks=1840239774,106909392,3824105627,923806249,3700496672,960997401,3038247973,1089671869
dimwishlist:item=2263462407&perks=1431678320,106909392,3824105627,923806249,3700496672,960997401,3038247973,1089671869
dimwishlist:item=2263462407&perks=3824105627,923806249,3700496672,960997401,3038247973,1089671869,65797256
dimwishlist:item=2263462407&perks=3230963543,3824105627,923806249,3700496672,960997401,3038247973,1089671869
dimwishlist:item=2263462407&perks=1840239774,3824105627,923806249,3700496672,960997401,3038247973,1089671869
dimwishlist:item=2263462407&perks=1431678320,3824105627,923806249,3700496672,960997401,3038247973,1089671869
dimwishlist:item=2263462407&perks=106909392,3824105627,923806249,3700496672,960997401,3038247973,1089671869
dimwishlist:item=2263462407&perks=3824105627,923806249,3700496672,960997401,3038247973,1089671869

// Exalted Truth
//notes:A-Tier. solid Void combo + OFA option, subjective archetype. Origin: One Quiet Moment
dimwishlist:item=3102421004&perks=1840239774,3230963543,1431678320,776531651,4091460919
dimwishlist:item=3102421004&perks=1840239774,3230963543,776531651,4091460919
dimwishlist:item=3102421004&perks=3230963543,1431678320,776531651,4091460919
dimwishlist:item=3102421004&perks=1840239774,1431678320,776531651,4091460919
dimwishlist:item=3102421004&perks=1840239774,3230963543,1431678320,776531651
dimwishlist:item=3102421004&perks=3230963543,776531651,4091460919
dimwishlist:item=3102421004&perks=1840239774,776531651,4091460919
dimwishlist:item=3102421004&perks=1431678320,776531651,4091460919
dimwishlist:item=3102421004&perks=1840239774,3230963543,776531651
dimwishlist:item=3102421004&perks=3230963543,1431678320,776531651
dimwishlist:item=3102421004&perks=1840239774,1431678320,776531651
dimwishlist:item=3102421004&perks=776531651,4091460919
dimwishlist:item=3102421004&perks=3230963543,776531651
dimwishlist:item=3102421004&perks=1840239774,776531651
dimwishlist:item=3102421004&perks=1431678320,776531651
dimwishlist:item=3102421004&perks=776531651

// Exalted Truth
//notes:A-Tier. solid Void combo + OFA option, subjective archetype. Origin: One Quiet Moment
dimwishlist:item=3436626079&perks=1840239774,3230963543,1431678320,2048641572,776531651,4049631843,1464081238,4091460919
dimwishlist:item=3436626079&perks=1840239774,3230963543,2048641572,776531651,4049631843,1464081238,4091460919
dimwishlist:item=3436626079&perks=3230963543,1431678320,2048641572,776531651,4049631843,1464081238,4091460919
dimwishlist:item=3436626079&perks=1840239774,1431678320,2048641572,776531651,4049631843,1464081238,4091460919
dimwishlist:item=3436626079&perks=1840239774,3230963543,1431678320,2048641572,776531651,4049631843,1464081238
dimwishlist:item=3436626079&perks=3230963543,2048641572,776531651,4049631843,1464081238,4091460919
dimwishlist:item=3436626079&perks=1840239774,2048641572,776531651,4049631843,1464081238,4091460919
dimwishlist:item=3436626079&perks=1431678320,2048641572,776531651,4049631843,1464081238,4091460919
dimwishlist:item=3436626079&perks=1840239774,3230963543,2048641572,776531651,4049631843,1464081238
dimwishlist:item=3436626079&perks=3230963543,1431678320,2048641572,776531651,4049631843,1464081238
dimwishlist:item=3436626079&perks=1840239774,1431678320,2048641572,776531651,4049631843,1464081238
dimwishlist:item=3436626079&perks=2048641572,776531651,4049631843,1464081238,4091460919
dimwishlist:item=3436626079&perks=3230963543,2048641572,776531651,4049631843,1464081238
dimwishlist:item=3436626079&perks=1840239774,2048641572,776531651,4049631843,1464081238
dimwishlist:item=3436626079&perks=1431678320,2048641572,776531651,4049631843,1464081238
dimwishlist:item=3436626079&perks=2048641572,776531651,4049631843,1464081238

// Exalted Truth
//notes:A-Tier. solid Void combo + OFA option, subjective archetype. Origin: One Quiet Moment
dimwishlist:item=548809020&perks=1840239774,3230963543,1431678320,776531651,4091460919
dimwishlist:item=548809020&perks=1840239774,3230963543,776531651,4091460919
dimwishlist:item=548809020&perks=3230963543,1431678320,776531651,4091460919
dimwishlist:item=548809020&perks=1840239774,1431678320,776531651,4091460919
dimwishlist:item=548809020&perks=1840239774,3230963543,1431678320,776531651
dimwishlist:item=548809020&perks=3230963543,776531651,4091460919
dimwishlist:item=548809020&perks=1840239774,776531651,4091460919
dimwishlist:item=548809020&perks=1431678320,776531651,4091460919
dimwishlist:item=548809020&perks=1840239774,3230963543,776531651
dimwishlist:item=548809020&perks=3230963543,1431678320,776531651
dimwishlist:item=548809020&perks=1840239774,1431678320,776531651
dimwishlist:item=548809020&perks=776531651,4091460919
dimwishlist:item=548809020&perks=3230963543,776531651
dimwishlist:item=548809020&perks=1840239774,776531651
dimwishlist:item=548809020&perks=1431678320,776531651
dimwishlist:item=548809020&perks=776531651

// Exalted Truth
//notes:A-Tier. solid Void combo + OFA option, subjective archetype. Origin: One Quiet Moment
dimwishlist:item=3920882229&perks=1840239774,3230963543,1431678320,776531651,4091460919
dimwishlist:item=3920882229&perks=1840239774,3230963543,776531651,4091460919
dimwishlist:item=3920882229&perks=3230963543,1431678320,776531651,4091460919
dimwishlist:item=3920882229&perks=1840239774,1431678320,776531651,4091460919
dimwishlist:item=3920882229&perks=1840239774,3230963543,1431678320,776531651
dimwishlist:item=3920882229&perks=3230963543,776531651,4091460919
dimwishlist:item=3920882229&perks=1840239774,776531651,4091460919
dimwishlist:item=3920882229&perks=1431678320,776531651,4091460919
dimwishlist:item=3920882229&perks=1840239774,3230963543,776531651
dimwishlist:item=3920882229&perks=3230963543,1431678320,776531651
dimwishlist:item=3920882229&perks=1840239774,1431678320,776531651
dimwishlist:item=3920882229&perks=776531651,4091460919
dimwishlist:item=3920882229&perks=3230963543,776531651
dimwishlist:item=3920882229&perks=1840239774,776531651
dimwishlist:item=3920882229&perks=1431678320,776531651
dimwishlist:item=3920882229&perks=776531651

// Exalted Truth
//notes:A-Tier. solid Void combo + OFA option, subjective archetype. Origin: One Quiet Moment
dimwishlist:item=1201528146&perks=1840239774,3230963543,1431678320,2048641572,776531651,4049631843,1464081238,4091460919
dimwishlist:item=1201528146&perks=1840239774,3230963543,2048641572,776531651,4049631843,1464081238,4091460919
dimwishlist:item=1201528146&perks=3230963543,1431678320,2048641572,776531651,4049631843,1464081238,4091460919
dimwishlist:item=1201528146&perks=1840239774,1431678320,2048641572,776531651,4049631843,1464081238,4091460919
dimwishlist:item=1201528146&perks=1840239774,3230963543,1431678320,2048641572,776531651,4049631843,1464081238
dimwishlist:item=1201528146&perks=3230963543,2048641572,776531651,4049631843,1464081238,4091460919
dimwishlist:item=1201528146&perks=1840239774,2048641572,776531651,4049631843,1464081238,4091460919
dimwishlist:item=1201528146&perks=1431678320,2048641572,776531651,4049631843,1464081238,4091460919
dimwishlist:item=1201528146&perks=1840239774,3230963543,2048641572,776531651,4049631843,1464081238
dimwishlist:item=1201528146&perks=3230963543,1431678320,2048641572,776531651,4049631843,1464081238
dimwishlist:item=1201528146&perks=1840239774,1431678320,2048641572,776531651,4049631843,1464081238
dimwishlist:item=1201528146&perks=2048641572,776531651,4049631843,1464081238,4091460919
dimwishlist:item=1201528146&perks=3230963543,2048641572,776531651,4049631843,1464081238
dimwishlist:item=1201528146&perks=1840239774,2048641572,776531651,4049631843,1464081238
dimwishlist:item=1201528146&perks=1431678320,2048641572,776531651,4049631843,1464081238
dimwishlist:item=1201528146&perks=2048641572,776531651,4049631843,1464081238

// Exalted Truth
//notes:A-Tier. solid Void combo + OFA option, subjective archetype. Origin: One Quiet Moment
dimwishlist:item=1705843397&perks=1840239774,3230963543,1431678320,776531651,4091460919
dimwishlist:item=1705843397&perks=1840239774,3230963543,776531651,4091460919
dimwishlist:item=1705843397&perks=3230963543,1431678320,776531651,4091460919
dimwishlist:item=1705843397&perks=1840239774,1431678320,776531651,4091460919
dimwishlist:item=1705843397&perks=1840239774,3230963543,1431678320,776531651
dimwishlist:item=1705843397&perks=3230963543,776531651,4091460919
dimwishlist:item=1705843397&perks=1840239774,776531651,4091460919
dimwishlist:item=1705843397&perks=1431678320,776531651,4091460919
dimwishlist:item=1705843397&perks=1840239774,3230963543,776531651
dimwishlist:item=1705843397&perks=3230963543,1431678320,776531651
dimwishlist:item=1705843397&perks=1840239774,1431678320,776531651
dimwishlist:item=1705843397&perks=776531651,4091460919
dimwishlist:item=1705843397&perks=3230963543,776531651
dimwishlist:item=1705843397&perks=1840239774,776531651
dimwishlist:item=1705843397&perks=1431678320,776531651
dimwishlist:item=1705843397&perks=776531651

// Unloved
//notes:A-Tier. amazing origin, splash + damage option as well. Origin: Subjugation
dimwishlist:item=2485881870&perks=1840239774,3230963543,1431678320,1087426260,247725512,2848615171,831391274,1089671869,4104185692,1298135794
dimwishlist:item=2485881870&perks=1840239774,3230963543,1431678320,247725512,2848615171,831391274,1089671869,4104185692,1298135794
dimwishlist:item=2485881870&perks=1840239774,3230963543,1087426260,247725512,2848615171,831391274,1089671869,4104185692,1298135794
dimwishlist:item=2485881870&perks=1840239774,1431678320,1087426260,247725512,2848615171,831391274,1089671869,4104185692,1298135794
dimwishlist:item=2485881870&perks=1840239774,3230963543,247725512,2848615171,831391274,1089671869,4104185692,1298135794
dimwishlist:item=2485881870&perks=3230963543,1431678320,247725512,2848615171,831391274,1089671869,4104185692,1298135794
dimwishlist:item=2485881870&perks=1840239774,1431678320,247725512,2848615171,831391274,1089671869,4104185692,1298135794
dimwishlist:item=2485881870&perks=3230963543,1087426260,247725512,2848615171,831391274,1089671869,4104185692,1298135794
dimwishlist:item=2485881870&perks=1840239774,1087426260,247725512,2848615171,831391274,1089671869,4104185692,1298135794
dimwishlist:item=2485881870&perks=1431678320,1087426260,247725512,2848615171,831391274,1089671869,4104185692,1298135794
dimwishlist:item=2485881870&perks=1840239774,3230963543,1431678320,247725512,2848615171,831391274,1089671869,4104185692
dimwishlist:item=2485881870&perks=1840239774,3230963543,1087426260,247725512,2848615171,831391274,1089671869,4104185692
dimwishlist:item=2485881870&perks=1840239774,1431678320,1087426260,247725512,2848615171,831391274,1089671869,4104185692
dimwishlist:item=2485881870&perks=3230963543,247725512,2848615171,831391274,1089671869,4104185692,1298135794
dimwishlist:item=2485881870&perks=1840239774,247725512,2848615171,831391274,1089671869,4104185692,1298135794
dimwishlist:item=2485881870&perks=1431678320,247725512,2848615171,831391274,1089671869,4104185692,1298135794
dimwishlist:item=2485881870&perks=1087426260,247725512,2848615171,831391274,1089671869,4104185692,1298135794
dimwishlist:item=2485881870&perks=1840239774,3230963543,247725512,2848615171,831391274,1089671869,4104185692
dimwishlist:item=2485881870&perks=3230963543,1431678320,247725512,2848615171,831391274,1089671869,4104185692
dimwishlist:item=2485881870&perks=1840239774,1431678320,247725512,2848615171,831391274,1089671869,4104185692
dimwishlist:item=2485881870&perks=3230963543,1087426260,247725512,2848615171,831391274,1089671869,4104185692
dimwishlist:item=2485881870&perks=1840239774,1087426260,247725512,2848615171,831391274,1089671869,4104185692
dimwishlist:item=2485881870&perks=1431678320,1087426260,247725512,2848615171,831391274,1089671869,4104185692
dimwishlist:item=2485881870&perks=247725512,2848615171,831391274,1089671869,4104185692,1298135794
dimwishlist:item=2485881870&perks=3230963543,247725512,2848615171,831391274,1089671869,4104185692
dimwishlist:item=2485881870&perks=1840239774,247725512,2848615171,831391274,1089671869,4104185692
dimwishlist:item=2485881870&perks=1431678320,247725512,2848615171,831391274,1089671869,4104185692
dimwishlist:item=2485881870&perks=1087426260,247725512,2848615171,831391274,1089671869,4104185692
dimwishlist:item=2485881870&perks=247725512,2848615171,831391274,1089671869,4104185692

// Solemn Remembrance
//notes:A-Tier. only held back slightly by archetype and lack of origin. 
dimwishlist:item=4116518582&perks=1840239774,3230963543,1431678320,124408337,3824105627,1955165503
dimwishlist:item=4116518582&perks=1840239774,3230963543,124408337,3824105627,1955165503
dimwishlist:item=4116518582&perks=3230963543,1431678320,124408337,3824105627,1955165503
dimwishlist:item=4116518582&perks=1840239774,1431678320,124408337,3824105627,1955165503
dimwishlist:item=4116518582&perks=3230963543,124408337,3824105627,1955165503
dimwishlist:item=4116518582&perks=1840239774,124408337,3824105627,1955165503
dimwishlist:item=4116518582&perks=1431678320,124408337,3824105627,1955165503
dimwishlist:item=4116518582&perks=124408337,3824105627,1955165503

// Ancient Gospel
//notes:A-Tier. interesting pairing with Destabilizing. Origin: Photoinhibition
dimwishlist:item=963574173&perks=1840239774,3230963543,1431678320,2048641572,3038247973,511914882
dimwishlist:item=963574173&perks=1840239774,3230963543,2048641572,3038247973,511914882
dimwishlist:item=963574173&perks=3230963543,1431678320,2048641572,3038247973,511914882
dimwishlist:item=963574173&perks=1840239774,1431678320,2048641572,3038247973,511914882
dimwishlist:item=963574173&perks=1840239774,3230963543,1431678320,2048641572,3038247973
dimwishlist:item=963574173&perks=3230963543,2048641572,3038247973,511914882
dimwishlist:item=963574173&perks=1840239774,2048641572,3038247973,511914882
dimwishlist:item=963574173&perks=1431678320,2048641572,3038247973,511914882
dimwishlist:item=963574173&perks=1840239774,3230963543,2048641572,3038247973
dimwishlist:item=963574173&perks=3230963543,1431678320,2048641572,3038247973
dimwishlist:item=963574173&perks=1840239774,1431678320,2048641572,3038247973
dimwishlist:item=963574173&perks=2048641572,3038247973,511914882
dimwishlist:item=963574173&perks=3230963543,2048641572,3038247973
dimwishlist:item=963574173&perks=1840239774,2048641572,3038247973
dimwishlist:item=963574173&perks=1431678320,2048641572,3038247973
dimwishlist:item=963574173&perks=2048641572,3038247973

// Triple Laureate
//notes:A-Tier. Chaos Reshaped interesting pairing with Crystalline. Origin: Hakke Breach Armaments
dimwishlist:item=2908653246&perks=1300023272,3230963543,1431678320,2922950962,1631667848,3640170453,2679249093,1607056502
dimwishlist:item=2908653246&perks=1300023272,3230963543,2922950962,1631667848,3640170453,2679249093,1607056502
dimwishlist:item=2908653246&perks=3230963543,1431678320,2922950962,1631667848,3640170453,2679249093,1607056502
dimwishlist:item=2908653246&perks=1300023272,1431678320,2922950962,1631667848,3640170453,2679249093,1607056502
dimwishlist:item=2908653246&perks=1300023272,3230963543,1431678320,2922950962,1631667848,3640170453,2679249093
dimwishlist:item=2908653246&perks=3230963543,2922950962,1631667848,3640170453,2679249093,1607056502
dimwishlist:item=2908653246&perks=1300023272,2922950962,1631667848,3640170453,2679249093,1607056502
dimwishlist:item=2908653246&perks=1431678320,2922950962,1631667848,3640170453,2679249093,1607056502
dimwishlist:item=2908653246&perks=1300023272,3230963543,2922950962,1631667848,3640170453,2679249093
dimwishlist:item=2908653246&perks=3230963543,1431678320,2922950962,1631667848,3640170453,2679249093
dimwishlist:item=2908653246&perks=1300023272,1431678320,2922950962,1631667848,3640170453,2679249093
dimwishlist:item=2908653246&perks=2922950962,1631667848,3640170453,2679249093,1607056502
dimwishlist:item=2908653246&perks=3230963543,2922950962,1631667848,3640170453,2679249093
dimwishlist:item=2908653246&perks=1300023272,2922950962,1631667848,3640170453,2679249093
dimwishlist:item=2908653246&perks=1431678320,2922950962,1631667848,3640170453,2679249093
dimwishlist:item=2908653246&perks=2922950962,1631667848,3640170453,2679249093

// Triple Laureate
//notes:A-Tier. Chaos Reshaped interesting pairing with Crystalline. Origin: Hakke Breach Armaments
dimwishlist:item=1605599021&perks=1300023272,3230963543,1431678320,2922950962,1631667848,3640170453,2679249093,1607056502
dimwishlist:item=1605599021&perks=1300023272,3230963543,2922950962,1631667848,3640170453,2679249093,1607056502
dimwishlist:item=1605599021&perks=3230963543,1431678320,2922950962,1631667848,3640170453,2679249093,1607056502
dimwishlist:item=1605599021&perks=1300023272,1431678320,2922950962,1631667848,3640170453,2679249093,1607056502
dimwishlist:item=1605599021&perks=1300023272,3230963543,1431678320,2922950962,1631667848,3640170453,2679249093
dimwishlist:item=1605599021&perks=3230963543,2922950962,1631667848,3640170453,2679249093,1607056502
dimwishlist:item=1605599021&perks=1300023272,2922950962,1631667848,3640170453,2679249093,1607056502
dimwishlist:item=1605599021&perks=1431678320,2922950962,1631667848,3640170453,2679249093,1607056502
dimwishlist:item=1605599021&perks=1300023272,3230963543,2922950962,1631667848,3640170453,2679249093
dimwishlist:item=1605599021&perks=3230963543,1431678320,2922950962,1631667848,3640170453,2679249093
dimwishlist:item=1605599021&perks=1300023272,1431678320,2922950962,1631667848,3640170453,2679249093
dimwishlist:item=1605599021&perks=2922950962,1631667848,3640170453,2679249093,1607056502
dimwishlist:item=1605599021&perks=3230963543,2922950962,1631667848,3640170453,2679249093
dimwishlist:item=1605599021&perks=1300023272,2922950962,1631667848,3640170453,2679249093
dimwishlist:item=1605599021&perks=1431678320,2922950962,1631667848,3640170453,2679249093
dimwishlist:item=1605599021&perks=2922950962,1631667848,3640170453,2679249093

// Zaouli's Bane
//notes:A-Tier. slow reload animation but arguably best perk pairing with EP. Origin: Runneth Over
dimwishlist:item=291092617&perks=1840239774,3230963543,1431678320,3038247973,4293542123,4049631843,120721526
dimwishlist:item=291092617&perks=1840239774,3230963543,3038247973,4293542123,4049631843,120721526
dimwishlist:item=291092617&perks=3230963543,1431678320,3038247973,4293542123,4049631843,120721526
dimwishlist:item=291092617&perks=1840239774,1431678320,3038247973,4293542123,4049631843,120721526
dimwishlist:item=291092617&perks=1840239774,3230963543,1431678320,3038247973,4293542123,4049631843
dimwishlist:item=291092617&perks=3230963543,3038247973,4293542123,4049631843,120721526
dimwishlist:item=291092617&perks=1840239774,3038247973,4293542123,4049631843,120721526
dimwishlist:item=291092617&perks=1431678320,3038247973,4293542123,4049631843,120721526
dimwishlist:item=291092617&perks=1840239774,3230963543,3038247973,4293542123,4049631843
dimwishlist:item=291092617&perks=3230963543,1431678320,3038247973,4293542123,4049631843
dimwishlist:item=291092617&perks=1840239774,1431678320,3038247973,4293542123,4049631843
dimwishlist:item=291092617&perks=3038247973,4293542123,4049631843,120721526
dimwishlist:item=291092617&perks=3230963543,3038247973,4293542123,4049631843
dimwishlist:item=291092617&perks=1840239774,3038247973,4293542123,4049631843
dimwishlist:item=291092617&perks=1431678320,3038247973,4293542123,4049631843
dimwishlist:item=291092617&perks=3038247973,4293542123,4049631843

// Zaouli's Bane
//notes:A-Tier. slow reload animation but arguably best perk pairing with EP. Origin: Runneth Over
dimwishlist:item=431721920&perks=1840239774,3230963543,1431678320,3038247973,4293542123,4049631843,120721526
dimwishlist:item=431721920&perks=1840239774,3230963543,3038247973,4293542123,4049631843,120721526
dimwishlist:item=431721920&perks=3230963543,1431678320,3038247973,4293542123,4049631843,120721526
dimwishlist:item=431721920&perks=1840239774,1431678320,3038247973,4293542123,4049631843,120721526
dimwishlist:item=431721920&perks=1840239774,3230963543,1431678320,3038247973,4293542123,4049631843
dimwishlist:item=431721920&perks=3230963543,3038247973,4293542123,4049631843,120721526
dimwishlist:item=431721920&perks=1840239774,3038247973,4293542123,4049631843,120721526
dimwishlist:item=431721920&perks=1431678320,3038247973,4293542123,4049631843,120721526
dimwishlist:item=431721920&perks=1840239774,3230963543,3038247973,4293542123,4049631843
dimwishlist:item=431721920&perks=3230963543,1431678320,3038247973,4293542123,4049631843
dimwishlist:item=431721920&perks=1840239774,1431678320,3038247973,4293542123,4049631843
dimwishlist:item=431721920&perks=3038247973,4293542123,4049631843,120721526
dimwishlist:item=431721920&perks=3230963543,3038247973,4293542123,4049631843
dimwishlist:item=431721920&perks=1840239774,3038247973,4293542123,4049631843
dimwishlist:item=431721920&perks=1431678320,3038247973,4293542123,4049631843
dimwishlist:item=431721920&perks=3038247973,4293542123,4049631843

// Sarpedon-D
//notes:A-Tier. lacks universal reload perks, overall just okay. Origin: Accelerated Assault
dimwishlist:item=3318545829&perks=1300023272,3230963543,1431678320,1570399071,684456054,1115162408,2360754333,2679249093,3218042543,3713579091
dimwishlist:item=3318545829&perks=1300023272,3230963543,1570399071,684456054,1115162408,2360754333,2679249093,3218042543,3713579091
dimwishlist:item=3318545829&perks=3230963543,1431678320,1570399071,684456054,1115162408,2360754333,2679249093,3218042543,3713579091
dimwishlist:item=3318545829&perks=1300023272,1431678320,1570399071,684456054,1115162408,2360754333,2679249093,3218042543,3713579091
dimwishlist:item=3318545829&perks=1300023272,3230963543,1431678320,1570399071,684456054,1115162408,2360754333,2679249093,3218042543
dimwishlist:item=3318545829&perks=3230963543,1570399071,684456054,1115162408,2360754333,2679249093,3218042543,3713579091
dimwishlist:item=3318545829&perks=1300023272,1570399071,684456054,1115162408,2360754333,2679249093,3218042543,3713579091
dimwishlist:item=3318545829&perks=1431678320,1570399071,684456054,1115162408,2360754333,2679249093,3218042543,3713579091
dimwishlist:item=3318545829&perks=1300023272,3230963543,1570399071,684456054,1115162408,2360754333,2679249093,3218042543
dimwishlist:item=3318545829&perks=3230963543,1431678320,1570399071,684456054,1115162408,2360754333,2679249093,3218042543
dimwishlist:item=3318545829&perks=1300023272,1431678320,1570399071,684456054,1115162408,2360754333,2679249093,3218042543
dimwishlist:item=3318545829&perks=1570399071,684456054,1115162408,2360754333,2679249093,3218042543,3713579091
dimwishlist:item=3318545829&perks=3230963543,1570399071,684456054,1115162408,2360754333,2679249093,3218042543
dimwishlist:item=3318545829&perks=1300023272,1570399071,684456054,1115162408,2360754333,2679249093,3218042543
dimwishlist:item=3318545829&perks=1431678320,1570399071,684456054,1115162408,2360754333,2679249093,3218042543
dimwishlist:item=3318545829&perks=1570399071,684456054,1115162408,2360754333,2679249093,3218042543

// Sarpedon-D
//notes:A-Tier. lacks universal reload perks, overall just okay. Origin: Accelerated Assault
dimwishlist:item=1242785638&perks=1300023272,3230963543,1431678320,1570399071,684456054,1115162408,2360754333,2679249093,3218042543
dimwishlist:item=1242785638&perks=1300023272,3230963543,1570399071,684456054,1115162408,2360754333,2679249093,3218042543
dimwishlist:item=1242785638&perks=3230963543,1431678320,1570399071,684456054,1115162408,2360754333,2679249093,3218042543
dimwishlist:item=1242785638&perks=1300023272,1431678320,1570399071,684456054,1115162408,2360754333,2679249093,3218042543
dimwishlist:item=1242785638&perks=3230963543,1570399071,684456054,1115162408,2360754333,2679249093,3218042543
dimwishlist:item=1242785638&perks=1300023272,1570399071,684456054,1115162408,2360754333,2679249093,3218042543
dimwishlist:item=1242785638&perks=1431678320,1570399071,684456054,1115162408,2360754333,2679249093,3218042543
dimwishlist:item=1242785638&perks=1570399071,684456054,1115162408,2360754333,2679249093,3218042543

// Phoneutria Fera
//notes:A-Tier. solid damage profile at close ranges, good show of archetype potential. Origin: Tenacity
dimwishlist:item=3496887154&perks=1840239774,3230963543,1431678320,1126264488,4071163871,3161816588,4293542123,2679249093,3708227201,3911709647
dimwishlist:item=3496887154&perks=1840239774,3230963543,1126264488,4071163871,3161816588,4293542123,2679249093,3708227201,3911709647
dimwishlist:item=3496887154&perks=3230963543,1431678320,1126264488,4071163871,3161816588,4293542123,2679249093,3708227201,3911709647
dimwishlist:item=3496887154&perks=1840239774,1431678320,1126264488,4071163871,3161816588,4293542123,2679249093,3708227201,3911709647
dimwishlist:item=3496887154&perks=1840239774,3230963543,1431678320,1126264488,4071163871,3161816588,4293542123,2679249093,3708227201
dimwishlist:item=3496887154&perks=3230963543,1126264488,4071163871,3161816588,4293542123,2679249093,3708227201,3911709647
dimwishlist:item=3496887154&perks=1840239774,1126264488,4071163871,3161816588,4293542123,2679249093,3708227201,3911709647
dimwishlist:item=3496887154&perks=1431678320,1126264488,4071163871,3161816588,4293542123,2679249093,3708227201,3911709647
dimwishlist:item=3496887154&perks=1840239774,3230963543,1126264488,4071163871,3161816588,4293542123,2679249093,3708227201
dimwishlist:item=3496887154&perks=3230963543,1431678320,1126264488,4071163871,3161816588,4293542123,2679249093,3708227201
dimwishlist:item=3496887154&perks=1840239774,1431678320,1126264488,4071163871,3161816588,4293542123,2679249093,3708227201
dimwishlist:item=3496887154&perks=1126264488,4071163871,3161816588,4293542123,2679249093,3708227201,3911709647
dimwishlist:item=3496887154&perks=3230963543,1126264488,4071163871,3161816588,4293542123,2679249093,3708227201
dimwishlist:item=3496887154&perks=1840239774,1126264488,4071163871,3161816588,4293542123,2679249093,3708227201
dimwishlist:item=3496887154&perks=1431678320,1126264488,4071163871,3161816588,4293542123,2679249093,3708227201
dimwishlist:item=3496887154&perks=1126264488,4071163871,3161816588,4293542123,2679249093,3708227201

// Phoneutria Fera
//notes:A-Tier. solid damage profile at close ranges, good show of archetype potential. Origin: Tenacity
dimwishlist:item=3804242792&perks=1840239774,3230963543,1431678320,1126264488,4071163871,3161816588,4293542123,2679249093,3708227201,3911709647
dimwishlist:item=3804242792&perks=1840239774,3230963543,1126264488,4071163871,3161816588,4293542123,2679249093,3708227201,3911709647
dimwishlist:item=3804242792&perks=3230963543,1431678320,1126264488,4071163871,3161816588,4293542123,2679249093,3708227201,3911709647
dimwishlist:item=3804242792&perks=1840239774,1431678320,1126264488,4071163871,3161816588,4293542123,2679249093,3708227201,3911709647
dimwishlist:item=3804242792&perks=1840239774,3230963543,1431678320,1126264488,4071163871,3161816588,4293542123,2679249093,3708227201
dimwishlist:item=3804242792&perks=3230963543,1126264488,4071163871,3161816588,4293542123,2679249093,3708227201,3911709647
dimwishlist:item=3804242792&perks=1840239774,1126264488,4071163871,3161816588,4293542123,2679249093,3708227201,3911709647
dimwishlist:item=3804242792&perks=1431678320,1126264488,4071163871,3161816588,4293542123,2679249093,3708227201,3911709647
dimwishlist:item=3804242792&perks=1840239774,3230963543,1126264488,4071163871,3161816588,4293542123,2679249093,3708227201
dimwishlist:item=3804242792&perks=3230963543,1431678320,1126264488,4071163871,3161816588,4293542123,2679249093,3708227201
dimwishlist:item=3804242792&perks=1840239774,1431678320,1126264488,4071163871,3161816588,4293542123,2679249093,3708227201
dimwishlist:item=3804242792&perks=1126264488,4071163871,3161816588,4293542123,2679249093,3708227201,3911709647
dimwishlist:item=3804242792&perks=3230963543,1126264488,4071163871,3161816588,4293542123,2679249093,3708227201
dimwishlist:item=3804242792&perks=1840239774,1126264488,4071163871,3161816588,4293542123,2679249093,3708227201
dimwishlist:item=3804242792&perks=1431678320,1126264488,4071163871,3161816588,4293542123,2679249093,3708227201
dimwishlist:item=3804242792&perks=1126264488,4071163871,3161816588,4293542123,2679249093,3708227201

// Phoneutria Fera
//notes:A-Tier. solid damage profile at close ranges, good show of archetype potential. Origin: Tenacity
dimwishlist:item=3804242793&perks=1840239774,3230963543,1431678320,1126264488,4071163871,3161816588,4293542123,2679249093,3708227201,3911709647
dimwishlist:item=3804242793&perks=1840239774,3230963543,1126264488,4071163871,3161816588,4293542123,2679249093,3708227201,3911709647
dimwishlist:item=3804242793&perks=3230963543,1431678320,1126264488,4071163871,3161816588,4293542123,2679249093,3708227201,3911709647
dimwishlist:item=3804242793&perks=1840239774,1431678320,1126264488,4071163871,3161816588,4293542123,2679249093,3708227201,3911709647
dimwishlist:item=3804242793&perks=1840239774,3230963543,1431678320,1126264488,4071163871,3161816588,4293542123,2679249093,3708227201
dimwishlist:item=3804242793&perks=3230963543,1126264488,4071163871,3161816588,4293542123,2679249093,3708227201,3911709647
dimwishlist:item=3804242793&perks=1840239774,1126264488,4071163871,3161816588,4293542123,2679249093,3708227201,3911709647
dimwishlist:item=3804242793&perks=1431678320,1126264488,4071163871,3161816588,4293542123,2679249093,3708227201,3911709647
dimwishlist:item=3804242793&perks=1840239774,3230963543,1126264488,4071163871,3161816588,4293542123,2679249093,3708227201
dimwishlist:item=3804242793&perks=3230963543,1431678320,1126264488,4071163871,3161816588,4293542123,2679249093,3708227201
dimwishlist:item=3804242793&perks=1840239774,1431678320,1126264488,4071163871,3161816588,4293542123,2679249093,3708227201
dimwishlist:item=3804242793&perks=1126264488,4071163871,3161816588,4293542123,2679249093,3708227201,3911709647
dimwishlist:item=3804242793&perks=3230963543,1126264488,4071163871,3161816588,4293542123,2679249093,3708227201
dimwishlist:item=3804242793&perks=1840239774,1126264488,4071163871,3161816588,4293542123,2679249093,3708227201
dimwishlist:item=3804242793&perks=1431678320,1126264488,4071163871,3161816588,4293542123,2679249093,3708227201
dimwishlist:item=3804242793&perks=1126264488,4071163871,3161816588,4293542123,2679249093,3708227201

// Phoneutria Fera
//notes:A-Tier. solid damage profile at close ranges, good show of archetype potential. Origin: Tenacity
dimwishlist:item=3804242794&perks=1840239774,3230963543,1431678320,1126264488,4071163871,3161816588,4293542123,2679249093,3708227201,3911709647
dimwishlist:item=3804242794&perks=1840239774,3230963543,1126264488,4071163871,3161816588,4293542123,2679249093,3708227201,3911709647
dimwishlist:item=3804242794&perks=3230963543,1431678320,1126264488,4071163871,3161816588,4293542123,2679249093,3708227201,3911709647
dimwishlist:item=3804242794&perks=1840239774,1431678320,1126264488,4071163871,3161816588,4293542123,2679249093,3708227201,3911709647
dimwishlist:item=3804242794&perks=1840239774,3230963543,1431678320,1126264488,4071163871,3161816588,4293542123,2679249093,3708227201
dimwishlist:item=3804242794&perks=3230963543,1126264488,4071163871,3161816588,4293542123,2679249093,3708227201,3911709647
dimwishlist:item=3804242794&perks=1840239774,1126264488,4071163871,3161816588,4293542123,2679249093,3708227201,3911709647
dimwishlist:item=3804242794&perks=1431678320,1126264488,4071163871,3161816588,4293542123,2679249093,3708227201,3911709647
dimwishlist:item=3804242794&perks=1840239774,3230963543,1126264488,4071163871,3161816588,4293542123,2679249093,3708227201
dimwishlist:item=3804242794&perks=3230963543,1431678320,1126264488,4071163871,3161816588,4293542123,2679249093,3708227201
dimwishlist:item=3804242794&perks=1840239774,1431678320,1126264488,4071163871,3161816588,4293542123,2679249093,3708227201
dimwishlist:item=3804242794&perks=1126264488,4071163871,3161816588,4293542123,2679249093,3708227201,3911709647
dimwishlist:item=3804242794&perks=3230963543,1126264488,4071163871,3161816588,4293542123,2679249093,3708227201
dimwishlist:item=3804242794&perks=1840239774,1126264488,4071163871,3161816588,4293542123,2679249093,3708227201
dimwishlist:item=3804242794&perks=1431678320,1126264488,4071163871,3161816588,4293542123,2679249093,3708227201
dimwishlist:item=3804242794&perks=1126264488,4071163871,3161816588,4293542123,2679249093,3708227201

// Phoneutria Fera
//notes:A-Tier. solid damage profile at close ranges, good show of archetype potential. Origin: Tenacity
dimwishlist:item=3804242795&perks=1840239774,3230963543,1431678320,1126264488,4071163871,3161816588,4293542123,2679249093,3708227201,3911709647
dimwishlist:item=3804242795&perks=1840239774,3230963543,1126264488,4071163871,3161816588,4293542123,2679249093,3708227201,3911709647
dimwishlist:item=3804242795&perks=3230963543,1431678320,1126264488,4071163871,3161816588,4293542123,2679249093,3708227201,3911709647
dimwishlist:item=3804242795&perks=1840239774,1431678320,1126264488,4071163871,3161816588,4293542123,2679249093,3708227201,3911709647
dimwishlist:item=3804242795&perks=1840239774,3230963543,1431678320,1126264488,4071163871,3161816588,4293542123,2679249093,3708227201
dimwishlist:item=3804242795&perks=3230963543,1126264488,4071163871,3161816588,4293542123,2679249093,3708227201,3911709647
dimwishlist:item=3804242795&perks=1840239774,1126264488,4071163871,3161816588,4293542123,2679249093,3708227201,3911709647
dimwishlist:item=3804242795&perks=1431678320,1126264488,4071163871,3161816588,4293542123,2679249093,3708227201,3911709647
dimwishlist:item=3804242795&perks=1840239774,3230963543,1126264488,4071163871,3161816588,4293542123,2679249093,3708227201
dimwishlist:item=3804242795&perks=3230963543,1431678320,1126264488,4071163871,3161816588,4293542123,2679249093,3708227201
dimwishlist:item=3804242795&perks=1840239774,1431678320,1126264488,4071163871,3161816588,4293542123,2679249093,3708227201
dimwishlist:item=3804242795&perks=1126264488,4071163871,3161816588,4293542123,2679249093,3708227201,3911709647
dimwishlist:item=3804242795&perks=3230963543,1126264488,4071163871,3161816588,4293542123,2679249093,3708227201
dimwishlist:item=3804242795&perks=1840239774,1126264488,4071163871,3161816588,4293542123,2679249093,3708227201
dimwishlist:item=3804242795&perks=1431678320,1126264488,4071163871,3161816588,4293542123,2679249093,3708227201
dimwishlist:item=3804242795&perks=1126264488,4071163871,3161816588,4293542123,2679249093,3708227201

// Midnight Coup
//notes:A-Tier. KT not that appealing on HCs, otherwise decent. Origin: Indomitability
dimwishlist:item=2499720827&perks=1840239774,3230963543,1431678320,3824105627,3700496672,3038247973,3891536761,4104185692,4049631843,2489430594
dimwishlist:item=2499720827&perks=1840239774,3230963543,3824105627,3700496672,3038247973,3891536761,4104185692,4049631843,2489430594
dimwishlist:item=2499720827&perks=3230963543,1431678320,3824105627,3700496672,3038247973,3891536761,4104185692,4049631843,2489430594
dimwishlist:item=2499720827&perks=1840239774,1431678320,3824105627,3700496672,3038247973,3891536761,4104185692,4049631843,2489430594
dimwishlist:item=2499720827&perks=1840239774,3230963543,1431678320,3824105627,3700496672,3038247973,3891536761,4104185692,4049631843
dimwishlist:item=2499720827&perks=3230963543,3824105627,3700496672,3038247973,3891536761,4104185692,4049631843,2489430594
dimwishlist:item=2499720827&perks=1840239774,3824105627,3700496672,3038247973,3891536761,4104185692,4049631843,2489430594
dimwishlist:item=2499720827&perks=1431678320,3824105627,3700496672,3038247973,3891536761,4104185692,4049631843,2489430594
dimwishlist:item=2499720827&perks=1840239774,3230963543,3824105627,3700496672,3038247973,3891536761,4104185692,4049631843
dimwishlist:item=2499720827&perks=3230963543,1431678320,3824105627,3700496672,3038247973,3891536761,4104185692,4049631843
dimwishlist:item=2499720827&perks=1840239774,1431678320,3824105627,3700496672,3038247973,3891536761,4104185692,4049631843
dimwishlist:item=2499720827&perks=3824105627,3700496672,3038247973,3891536761,4104185692,4049631843,2489430594
dimwishlist:item=2499720827&perks=3230963543,3824105627,3700496672,3038247973,3891536761,4104185692,4049631843
dimwishlist:item=2499720827&perks=1840239774,3824105627,3700496672,3038247973,3891536761,4104185692,4049631843
dimwishlist:item=2499720827&perks=1431678320,3824105627,3700496672,3038247973,3891536761,4104185692,4049631843
dimwishlist:item=2499720827&perks=3824105627,3700496672,3038247973,3891536761,4104185692,4049631843

// Midnight Coup
//notes:A-Tier. KT not that appealing on HCs, otherwise decent. Origin: Indomitability
dimwishlist:item=2763843898&perks=1840239774,3230963543,1431678320,3824105627,3700496672,3038247973,3891536761,4104185692,4049631843,2489430594
dimwishlist:item=2763843898&perks=1840239774,3230963543,3824105627,3700496672,3038247973,3891536761,4104185692,4049631843,2489430594
dimwishlist:item=2763843898&perks=3230963543,1431678320,3824105627,3700496672,3038247973,3891536761,4104185692,4049631843,2489430594
dimwishlist:item=2763843898&perks=1840239774,1431678320,3824105627,3700496672,3038247973,3891536761,4104185692,4049631843,2489430594
dimwishlist:item=2763843898&perks=1840239774,3230963543,1431678320,3824105627,3700496672,3038247973,3891536761,4104185692,4049631843
dimwishlist:item=2763843898&perks=3230963543,3824105627,3700496672,3038247973,3891536761,4104185692,4049631843,2489430594
dimwishlist:item=2763843898&perks=1840239774,3824105627,3700496672,3038247973,3891536761,4104185692,4049631843,2489430594
dimwishlist:item=2763843898&perks=1431678320,3824105627,3700496672,3038247973,3891536761,4104185692,4049631843,2489430594
dimwishlist:item=2763843898&perks=1840239774,3230963543,3824105627,3700496672,3038247973,3891536761,4104185692,4049631843
dimwishlist:item=2763843898&perks=3230963543,1431678320,3824105627,3700496672,3038247973,3891536761,4104185692,4049631843
dimwishlist:item=2763843898&perks=1840239774,1431678320,3824105627,3700496672,3038247973,3891536761,4104185692,4049631843
dimwishlist:item=2763843898&perks=3824105627,3700496672,3038247973,3891536761,4104185692,4049631843,2489430594
dimwishlist:item=2763843898&perks=3230963543,3824105627,3700496672,3038247973,3891536761,4104185692,4049631843
dimwishlist:item=2763843898&perks=1840239774,3824105627,3700496672,3038247973,3891536761,4104185692,4049631843
dimwishlist:item=2763843898&perks=1431678320,3824105627,3700496672,3038247973,3891536761,4104185692,4049631843
dimwishlist:item=2763843898&perks=3824105627,3700496672,3038247973,3891536761,4104185692,4049631843

// Fatebringer
//notes:A-Tier. classic EP + Frenzy/Firefly combo, still pretty decent. Origin: Timelost Magazine
dimwishlist:item=2171478765&perks=1840239774,3230963543,1431678320,3038247973,3824105627,4104185692
dimwishlist:item=2171478765&perks=1840239774,3230963543,3038247973,3824105627,4104185692
dimwishlist:item=2171478765&perks=3230963543,1431678320,3038247973,3824105627,4104185692
dimwishlist:item=2171478765&perks=1840239774,1431678320,3038247973,3824105627,4104185692
dimwishlist:item=2171478765&perks=3230963543,3038247973,3824105627,4104185692
dimwishlist:item=2171478765&perks=1840239774,3038247973,3824105627,4104185692
dimwishlist:item=2171478765&perks=1431678320,3038247973,3824105627,4104185692
dimwishlist:item=2171478765&perks=3038247973,3824105627,4104185692

// Fatebringer
//notes:A-Tier. classic EP + Frenzy/Firefly combo, still pretty decent. Origin: Timelost Magazine
dimwishlist:item=4184168210&perks=1840239774,3230963543,1431678320,3038247973,3891536761,3824105627,4049631843,4104185692,2589407652
dimwishlist:item=4184168210&perks=1840239774,3230963543,3038247973,3891536761,3824105627,4049631843,4104185692,2589407652
dimwishlist:item=4184168210&perks=3230963543,1431678320,3038247973,3891536761,3824105627,4049631843,4104185692,2589407652
dimwishlist:item=4184168210&perks=1840239774,1431678320,3038247973,3891536761,3824105627,4049631843,4104185692,2589407652
dimwishlist:item=4184168210&perks=1840239774,3230963543,1431678320,3038247973,3891536761,3824105627,4049631843,4104185692
dimwishlist:item=4184168210&perks=3230963543,3038247973,3891536761,3824105627,4049631843,4104185692,2589407652
dimwishlist:item=4184168210&perks=1840239774,3038247973,3891536761,3824105627,4049631843,4104185692,2589407652
dimwishlist:item=4184168210&perks=1431678320,3038247973,3891536761,3824105627,4049631843,4104185692,2589407652
dimwishlist:item=4184168210&perks=1840239774,3230963543,3038247973,3891536761,3824105627,4049631843,4104185692
dimwishlist:item=4184168210&perks=3230963543,1431678320,3038247973,3891536761,3824105627,4049631843,4104185692
dimwishlist:item=4184168210&perks=1840239774,1431678320,3038247973,3891536761,3824105627,4049631843,4104185692
dimwishlist:item=4184168210&perks=3038247973,3891536761,3824105627,4049631843,4104185692,2589407652
dimwishlist:item=4184168210&perks=3230963543,3038247973,3891536761,3824105627,4049631843,4104185692
dimwishlist:item=4184168210&perks=1840239774,3038247973,3891536761,3824105627,4049631843,4104185692
dimwishlist:item=4184168210&perks=1431678320,3038247973,3891536761,3824105627,4049631843,4104185692
dimwishlist:item=4184168210&perks=3038247973,3891536761,3824105627,4049631843,4104185692

// Fatebringer
//notes:A-Tier. classic EP + Frenzy/Firefly combo, still pretty decent. Origin: Timelost Magazine
dimwishlist:item=4219826183&perks=1840239774,3230963543,1431678320,3038247973,3891536761,3824105627,4049631843,4104185692,2589407652
dimwishlist:item=4219826183&perks=1840239774,3230963543,3038247973,3891536761,3824105627,4049631843,4104185692,2589407652
dimwishlist:item=4219826183&perks=3230963543,1431678320,3038247973,3891536761,3824105627,4049631843,4104185692,2589407652
dimwishlist:item=4219826183&perks=1840239774,1431678320,3038247973,3891536761,3824105627,4049631843,4104185692,2589407652
dimwishlist:item=4219826183&perks=1840239774,3230963543,1431678320,3038247973,3891536761,3824105627,4049631843,4104185692
dimwishlist:item=4219826183&perks=3230963543,3038247973,3891536761,3824105627,4049631843,4104185692,2589407652
dimwishlist:item=4219826183&perks=1840239774,3038247973,3891536761,3824105627,4049631843,4104185692,2589407652
dimwishlist:item=4219826183&perks=1431678320,3038247973,3891536761,3824105627,4049631843,4104185692,2589407652
dimwishlist:item=4219826183&perks=1840239774,3230963543,3038247973,3891536761,3824105627,4049631843,4104185692
dimwishlist:item=4219826183&perks=3230963543,1431678320,3038247973,3891536761,3824105627,4049631843,4104185692
dimwishlist:item=4219826183&perks=1840239774,1431678320,3038247973,3891536761,3824105627,4049631843,4104185692
dimwishlist:item=4219826183&perks=3038247973,3891536761,3824105627,4049631843,4104185692,2589407652
dimwishlist:item=4219826183&perks=3230963543,3038247973,3891536761,3824105627,4049631843,4104185692
dimwishlist:item=4219826183&perks=1840239774,3038247973,3891536761,3824105627,4049631843,4104185692
dimwishlist:item=4219826183&perks=1431678320,3038247973,3891536761,3824105627,4049631843,4104185692
dimwishlist:item=4219826183&perks=3038247973,3891536761,3824105627,4049631843,4104185692

// Fatebringer
//notes:A-Tier. classic EP + Frenzy/Firefly combo, still pretty decent. Origin: Timelost Magazine
dimwishlist:item=1216319404&perks=1840239774,3230963543,1431678320,3038247973,3824105627,4104185692
dimwishlist:item=1216319404&perks=1840239774,3230963543,3038247973,3824105627,4104185692
dimwishlist:item=1216319404&perks=3230963543,1431678320,3038247973,3824105627,4104185692
dimwishlist:item=1216319404&perks=1840239774,1431678320,3038247973,3824105627,4104185692
dimwishlist:item=1216319404&perks=3230963543,3038247973,3824105627,4104185692
dimwishlist:item=1216319404&perks=1840239774,3038247973,3824105627,4104185692
dimwishlist:item=1216319404&perks=1431678320,3038247973,3824105627,4104185692
dimwishlist:item=1216319404&perks=3038247973,3824105627,4104185692

// Maahes HC4
//notes:A-Tier. held back by awful reload with Void combo. Origin: Omolon Fluid Dynamics
dimwishlist:item=1246793994&perks=1840239774,3230963543,1431678320,776531651,3828510309,2048641572,2848615171,2839173408
dimwishlist:item=1246793994&perks=1840239774,3230963543,776531651,3828510309,2048641572,2848615171,2839173408
dimwishlist:item=1246793994&perks=3230963543,1431678320,776531651,3828510309,2048641572,2848615171,2839173408
dimwishlist:item=1246793994&perks=1840239774,1431678320,776531651,3828510309,2048641572,2848615171,2839173408
dimwishlist:item=1246793994&perks=1840239774,3230963543,1431678320,776531651,3828510309,2048641572,2848615171
dimwishlist:item=1246793994&perks=3230963543,776531651,3828510309,2048641572,2848615171,2839173408
dimwishlist:item=1246793994&perks=1840239774,776531651,3828510309,2048641572,2848615171,2839173408
dimwishlist:item=1246793994&perks=1431678320,776531651,3828510309,2048641572,2848615171,2839173408
dimwishlist:item=1246793994&perks=1840239774,3230963543,776531651,3828510309,2048641572,2848615171
dimwishlist:item=1246793994&perks=3230963543,1431678320,776531651,3828510309,2048641572,2848615171
dimwishlist:item=1246793994&perks=1840239774,1431678320,776531651,3828510309,2048641572,2848615171
dimwishlist:item=1246793994&perks=776531651,3828510309,2048641572,2848615171,2839173408
dimwishlist:item=1246793994&perks=3230963543,776531651,3828510309,2048641572,2848615171
dimwishlist:item=1246793994&perks=1840239774,776531651,3828510309,2048641572,2848615171
dimwishlist:item=1246793994&perks=1431678320,776531651,3828510309,2048641572,2848615171
dimwishlist:item=1246793994&perks=776531651,3828510309,2048641572,2848615171

// Gridskipper
//notes:S-Tier. great Void combo + solid origin for this primary type. Origin: Splicer Surge
dimwishlist:item=3433930495&perks=1840239774,839105230,3230963543,1431678320,776531651,3523296417,2048641572,3404929162
dimwishlist:item=3433930495&perks=1840239774,3230963543,1431678320,776531651,3523296417,2048641572,3404929162
dimwishlist:item=3433930495&perks=1840239774,839105230,3230963543,776531651,3523296417,2048641572,3404929162
dimwishlist:item=3433930495&perks=839105230,3230963543,1431678320,776531651,3523296417,2048641572,3404929162
dimwishlist:item=3433930495&perks=1840239774,839105230,1431678320,776531651,3523296417,2048641572,3404929162
dimwishlist:item=3433930495&perks=1840239774,839105230,3230963543,1431678320,776531651,3523296417,2048641572
dimwishlist:item=3433930495&perks=1840239774,3230963543,776531651,3523296417,2048641572,3404929162
dimwishlist:item=3433930495&perks=3230963543,1431678320,776531651,3523296417,2048641572,3404929162
dimwishlist:item=3433930495&perks=1840239774,1431678320,776531651,3523296417,2048641572,3404929162
dimwishlist:item=3433930495&perks=839105230,3230963543,776531651,3523296417,2048641572,3404929162
dimwishlist:item=3433930495&perks=1840239774,839105230,776531651,3523296417,2048641572,3404929162
dimwishlist:item=3433930495&perks=839105230,1431678320,776531651,3523296417,2048641572,3404929162
dimwishlist:item=3433930495&perks=1840239774,3230963543,1431678320,776531651,3523296417,2048641572
dimwishlist:item=3433930495&perks=1840239774,839105230,3230963543,776531651,3523296417,2048641572
dimwishlist:item=3433930495&perks=839105230,3230963543,1431678320,776531651,3523296417,2048641572
dimwishlist:item=3433930495&perks=1840239774,839105230,1431678320,776531651,3523296417,2048641572
dimwishlist:item=3433930495&perks=3230963543,776531651,3523296417,2048641572,3404929162
dimwishlist:item=3433930495&perks=1840239774,776531651,3523296417,2048641572,3404929162
dimwishlist:item=3433930495&perks=1431678320,776531651,3523296417,2048641572,3404929162
dimwishlist:item=3433930495&perks=839105230,776531651,3523296417,2048641572,3404929162
dimwishlist:item=3433930495&perks=1840239774,3230963543,776531651,3523296417,2048641572
dimwishlist:item=3433930495&perks=3230963543,1431678320,776531651,3523296417,2048641572
dimwishlist:item=3433930495&perks=1840239774,1431678320,776531651,3523296417,2048641572
dimwishlist:item=3433930495&perks=839105230,3230963543,776531651,3523296417,2048641572
dimwishlist:item=3433930495&perks=1840239774,839105230,776531651,3523296417,2048641572
dimwishlist:item=3433930495&perks=839105230,1431678320,776531651,3523296417,2048641572
dimwishlist:item=3433930495&perks=776531651,3523296417,2048641572,3404929162
dimwishlist:item=3433930495&perks=3230963543,776531651,3523296417,2048641572
dimwishlist:item=3433930495&perks=1840239774,776531651,3523296417,2048641572
dimwishlist:item=3433930495&perks=1431678320,776531651,3523296417,2048641572
dimwishlist:item=3433930495&perks=839105230,776531651,3523296417,2048641572
dimwishlist:item=3433930495&perks=776531651,3523296417,2048641572

// The Martlet
//notes:S-Tier. Gridskipper with worse origin/archetype and Firefly option. Origin: Fleet Footed
dimwishlist:item=877384&perks=1840239774,839105230,3230963543,1431678320,3824105627,776531651,2048641572,65797256
dimwishlist:item=877384&perks=1840239774,3230963543,1431678320,3824105627,776531651,2048641572,65797256
dimwishlist:item=877384&perks=1840239774,839105230,3230963543,3824105627,776531651,2048641572,65797256
dimwishlist:item=877384&perks=839105230,3230963543,1431678320,3824105627,776531651,2048641572,65797256
dimwishlist:item=877384&perks=1840239774,839105230,1431678320,3824105627,776531651,2048641572,65797256
dimwishlist:item=877384&perks=1840239774,839105230,3230963543,1431678320,3824105627,776531651,2048641572
dimwishlist:item=877384&perks=1840239774,3230963543,3824105627,776531651,2048641572,65797256
dimwishlist:item=877384&perks=3230963543,1431678320,3824105627,776531651,2048641572,65797256
dimwishlist:item=877384&perks=1840239774,1431678320,3824105627,776531651,2048641572,65797256
dimwishlist:item=877384&perks=839105230,3230963543,3824105627,776531651,2048641572,65797256
dimwishlist:item=877384&perks=1840239774,839105230,3824105627,776531651,2048641572,65797256
dimwishlist:item=877384&perks=839105230,1431678320,3824105627,776531651,2048641572,65797256
dimwishlist:item=877384&perks=1840239774,3230963543,1431678320,3824105627,776531651,2048641572
dimwishlist:item=877384&perks=1840239774,839105230,3230963543,3824105627,776531651,2048641572
dimwishlist:item=877384&perks=839105230,3230963543,1431678320,3824105627,776531651,2048641572
dimwishlist:item=877384&perks=1840239774,839105230,1431678320,3824105627,776531651,2048641572
dimwishlist:item=877384&perks=3230963543,3824105627,776531651,2048641572,65797256
dimwishlist:item=877384&perks=1840239774,3824105627,776531651,2048641572,65797256
dimwishlist:item=877384&perks=1431678320,3824105627,776531651,2048641572,65797256
dimwishlist:item=877384&perks=839105230,3824105627,776531651,2048641572,65797256
dimwishlist:item=877384&perks=1840239774,3230963543,3824105627,776531651,2048641572
dimwishlist:item=877384&perks=3230963543,1431678320,3824105627,776531651,2048641572
dimwishlist:item=877384&perks=1840239774,1431678320,3824105627,776531651,2048641572
dimwishlist:item=877384&perks=839105230,3230963543,3824105627,776531651,2048641572
dimwishlist:item=877384&perks=1840239774,839105230,3824105627,776531651,2048641572
dimwishlist:item=877384&perks=839105230,1431678320,3824105627,776531651,2048641572
dimwishlist:item=877384&perks=3824105627,776531651,2048641572,65797256
dimwishlist:item=877384&perks=3230963543,3824105627,776531651,2048641572
dimwishlist:item=877384&perks=1840239774,3824105627,776531651,2048641572
dimwishlist:item=877384&perks=1431678320,3824105627,776531651,2048641572
dimwishlist:item=877384&perks=839105230,3824105627,776531651,2048641572
dimwishlist:item=877384&perks=3824105627,776531651,2048641572

// Claws of the Wolf
//notes:S-Tier. similar to Gridskipper with arugably worse origin. Origin: Skulking Wolf
dimwishlist:item=1505862304&perks=1840239774,839105230,3230963543,1431678320,776531651,2048641572,243981275,3989629871
dimwishlist:item=1505862304&perks=1840239774,3230963543,1431678320,776531651,2048641572,243981275,3989629871
dimwishlist:item=1505862304&perks=1840239774,839105230,3230963543,776531651,2048641572,243981275,3989629871
dimwishlist:item=1505862304&perks=839105230,3230963543,1431678320,776531651,2048641572,243981275,3989629871
dimwishlist:item=1505862304&perks=1840239774,839105230,1431678320,776531651,2048641572,243981275,3989629871
dimwishlist:item=1505862304&perks=1840239774,839105230,3230963543,1431678320,776531651,2048641572,243981275
dimwishlist:item=1505862304&perks=1840239774,3230963543,776531651,2048641572,243981275,3989629871
dimwishlist:item=1505862304&perks=3230963543,1431678320,776531651,2048641572,243981275,3989629871
dimwishlist:item=1505862304&perks=1840239774,1431678320,776531651,2048641572,243981275,3989629871
dimwishlist:item=1505862304&perks=839105230,3230963543,776531651,2048641572,243981275,3989629871
dimwishlist:item=1505862304&perks=1840239774,839105230,776531651,2048641572,243981275,3989629871
dimwishlist:item=1505862304&perks=839105230,1431678320,776531651,2048641572,243981275,3989629871
dimwishlist:item=1505862304&perks=1840239774,3230963543,1431678320,776531651,2048641572,243981275
dimwishlist:item=1505862304&perks=1840239774,839105230,3230963543,776531651,2048641572,243981275
dimwishlist:item=1505862304&perks=839105230,3230963543,1431678320,776531651,2048641572,243981275
dimwishlist:item=1505862304&perks=1840239774,839105230,1431678320,776531651,2048641572,243981275
dimwishlist:item=1505862304&perks=3230963543,776531651,2048641572,243981275,3989629871
dimwishlist:item=1505862304&perks=1840239774,776531651,2048641572,243981275,3989629871
dimwishlist:item=1505862304&perks=1431678320,776531651,2048641572,243981275,3989629871
dimwishlist:item=1505862304&perks=839105230,776531651,2048641572,243981275,3989629871
dimwishlist:item=1505862304&perks=1840239774,3230963543,776531651,2048641572,243981275
dimwishlist:item=1505862304&perks=3230963543,1431678320,776531651,2048641572,243981275
dimwishlist:item=1505862304&perks=1840239774,1431678320,776531651,2048641572,243981275
dimwishlist:item=1505862304&perks=839105230,3230963543,776531651,2048641572,243981275
dimwishlist:item=1505862304&perks=1840239774,839105230,776531651,2048641572,243981275
dimwishlist:item=1505862304&perks=839105230,1431678320,776531651,2048641572,243981275
dimwishlist:item=1505862304&perks=776531651,2048641572,243981275,3989629871
dimwishlist:item=1505862304&perks=3230963543,776531651,2048641572,243981275
dimwishlist:item=1505862304&perks=1840239774,776531651,2048641572,243981275
dimwishlist:item=1505862304&perks=1431678320,776531651,2048641572,243981275
dimwishlist:item=1505862304&perks=839105230,776531651,2048641572,243981275
dimwishlist:item=1505862304&perks=776531651,2048641572,243981275

// Joxer's Longsword
//notes:S-Tier. bit more diversity and arguably better archetype for worse origin. Origin: One Quiet Moment
dimwishlist:item=157601190&perks=1840239774,3230963543,1431678320,776531651,2848615171,3523296417,2048641572,1464081238,4091460919
dimwishlist:item=157601190&perks=1840239774,3230963543,776531651,2848615171,3523296417,2048641572,1464081238,4091460919
dimwishlist:item=157601190&perks=3230963543,1431678320,776531651,2848615171,3523296417,2048641572,1464081238,4091460919
dimwishlist:item=157601190&perks=1840239774,1431678320,776531651,2848615171,3523296417,2048641572,1464081238,4091460919
dimwishlist:item=157601190&perks=1840239774,3230963543,1431678320,776531651,2848615171,3523296417,2048641572,1464081238
dimwishlist:item=157601190&perks=3230963543,776531651,2848615171,3523296417,2048641572,1464081238,4091460919
dimwishlist:item=157601190&perks=1840239774,776531651,2848615171,3523296417,2048641572,1464081238,4091460919
dimwishlist:item=157601190&perks=1431678320,776531651,2848615171,3523296417,2048641572,1464081238,4091460919
dimwishlist:item=157601190&perks=1840239774,3230963543,776531651,2848615171,3523296417,2048641572,1464081238
dimwishlist:item=157601190&perks=3230963543,1431678320,776531651,2848615171,3523296417,2048641572,1464081238
dimwishlist:item=157601190&perks=1840239774,1431678320,776531651,2848615171,3523296417,2048641572,1464081238
dimwishlist:item=157601190&perks=776531651,2848615171,3523296417,2048641572,1464081238,4091460919
dimwishlist:item=157601190&perks=3230963543,776531651,2848615171,3523296417,2048641572,1464081238
dimwishlist:item=157601190&perks=1840239774,776531651,2848615171,3523296417,2048641572,1464081238
dimwishlist:item=157601190&perks=1431678320,776531651,2848615171,3523296417,2048641572,1464081238
dimwishlist:item=157601190&perks=776531651,2848615171,3523296417,2048641572,1464081238

// Nullify
//notes:S-Tier. great frame, double splash, diverse perks, just mid origin. Origin: Collective Purpose
dimwishlist:item=859869931&perks=1840239774,3230963543,1431678320,3824105627,3017780555,3523296417,4293542123,3640170453,243981275,1878756191
dimwishlist:item=859869931&perks=1840239774,3230963543,3824105627,3017780555,3523296417,4293542123,3640170453,243981275,1878756191
dimwishlist:item=859869931&perks=3230963543,1431678320,3824105627,3017780555,3523296417,4293542123,3640170453,243981275,1878756191
dimwishlist:item=859869931&perks=1840239774,1431678320,3824105627,3017780555,3523296417,4293542123,3640170453,243981275,1878756191
dimwishlist:item=859869931&perks=1840239774,3230963543,1431678320,3824105627,3017780555,3523296417,4293542123,3640170453,243981275
dimwishlist:item=859869931&perks=3230963543,3824105627,3017780555,3523296417,4293542123,3640170453,243981275,1878756191
dimwishlist:item=859869931&perks=1840239774,3824105627,3017780555,3523296417,4293542123,3640170453,243981275,1878756191
dimwishlist:item=859869931&perks=1431678320,3824105627,3017780555,3523296417,4293542123,3640170453,243981275,1878756191
dimwishlist:item=859869931&perks=1840239774,3230963543,3824105627,3017780555,3523296417,4293542123,3640170453,243981275
dimwishlist:item=859869931&perks=3230963543,1431678320,3824105627,3017780555,3523296417,4293542123,3640170453,243981275
dimwishlist:item=859869931&perks=1840239774,1431678320,3824105627,3017780555,3523296417,4293542123,3640170453,243981275
dimwishlist:item=859869931&perks=3824105627,3017780555,3523296417,4293542123,3640170453,243981275,1878756191
dimwishlist:item=859869931&perks=3230963543,3824105627,3017780555,3523296417,4293542123,3640170453,243981275
dimwishlist:item=859869931&perks=1840239774,3824105627,3017780555,3523296417,4293542123,3640170453,243981275
dimwishlist:item=859869931&perks=1431678320,3824105627,3017780555,3523296417,4293542123,3640170453,243981275
dimwishlist:item=859869931&perks=3824105627,3017780555,3523296417,4293542123,3640170453,243981275

// Nullify
//notes:S-Tier. great frame, double splash, diverse perks, just mid origin. Origin: Collective Purpose
dimwishlist:item=892183998&perks=1840239774,3230963543,1431678320,3824105627,3017780555,3523296417,4293542123,3640170453,243981275,1878756191
dimwishlist:item=892183998&perks=1840239774,3230963543,3824105627,3017780555,3523296417,4293542123,3640170453,243981275,1878756191
dimwishlist:item=892183998&perks=3230963543,1431678320,3824105627,3017780555,3523296417,4293542123,3640170453,243981275,1878756191
dimwishlist:item=892183998&perks=1840239774,1431678320,3824105627,3017780555,3523296417,4293542123,3640170453,243981275,1878756191
dimwishlist:item=892183998&perks=1840239774,3230963543,1431678320,3824105627,3017780555,3523296417,4293542123,3640170453,243981275
dimwishlist:item=892183998&perks=3230963543,3824105627,3017780555,3523296417,4293542123,3640170453,243981275,1878756191
dimwishlist:item=892183998&perks=1840239774,3824105627,3017780555,3523296417,4293542123,3640170453,243981275,1878756191
dimwishlist:item=892183998&perks=1431678320,3824105627,3017780555,3523296417,4293542123,3640170453,243981275,1878756191
dimwishlist:item=892183998&perks=1840239774,3230963543,3824105627,3017780555,3523296417,4293542123,3640170453,243981275
dimwishlist:item=892183998&perks=3230963543,1431678320,3824105627,3017780555,3523296417,4293542123,3640170453,243981275
dimwishlist:item=892183998&perks=1840239774,1431678320,3824105627,3017780555,3523296417,4293542123,3640170453,243981275
dimwishlist:item=892183998&perks=3824105627,3017780555,3523296417,4293542123,3640170453,243981275,1878756191
dimwishlist:item=892183998&perks=3230963543,3824105627,3017780555,3523296417,4293542123,3640170453,243981275
dimwishlist:item=892183998&perks=1840239774,3824105627,3017780555,3523296417,4293542123,3640170453,243981275
dimwishlist:item=892183998&perks=1431678320,3824105627,3017780555,3523296417,4293542123,3640170453,243981275
dimwishlist:item=892183998&perks=3824105627,3017780555,3523296417,4293542123,3640170453,243981275

// High Tyrant
//notes:S-Tier. shame about Destab in 1st column but good double splash. Origin: Imperial Allegiance
dimwishlist:item=2873508409&perks=1840239774,839105230,1946186791,1092016998,2048641572,776531651,1119449540,657025441,1464081238,4104185692,1164078247
dimwishlist:item=2873508409&perks=1840239774,1946186791,1092016998,2048641572,776531651,1119449540,657025441,1464081238,4104185692,1164078247
dimwishlist:item=2873508409&perks=1840239774,839105230,1946186791,2048641572,776531651,1119449540,657025441,1464081238,4104185692,1164078247
dimwishlist:item=2873508409&perks=839105230,1946186791,1092016998,2048641572,776531651,1119449540,657025441,1464081238,4104185692,1164078247
dimwishlist:item=2873508409&perks=1840239774,839105230,1092016998,2048641572,776531651,1119449540,657025441,1464081238,4104185692,1164078247
dimwishlist:item=2873508409&perks=1840239774,839105230,1946186791,1092016998,2048641572,776531651,1119449540,657025441,1464081238,4104185692
dimwishlist:item=2873508409&perks=1840239774,1946186791,2048641572,776531651,1119449540,657025441,1464081238,4104185692,1164078247
dimwishlist:item=2873508409&perks=1946186791,1092016998,2048641572,776531651,1119449540,657025441,1464081238,4104185692,1164078247
dimwishlist:item=2873508409&perks=1840239774,1092016998,2048641572,776531651,1119449540,657025441,1464081238,4104185692,1164078247
dimwishlist:item=2873508409&perks=839105230,1946186791,2048641572,776531651,1119449540,657025441,1464081238,4104185692,1164078247
dimwishlist:item=2873508409&perks=1840239774,839105230,2048641572,776531651,1119449540,657025441,1464081238,4104185692,1164078247
dimwishlist:item=2873508409&perks=839105230,1092016998,2048641572,776531651,1119449540,657025441,1464081238,4104185692,1164078247
dimwishlist:item=2873508409&perks=1840239774,1946186791,1092016998,2048641572,776531651,1119449540,657025441,1464081238,4104185692
dimwishlist:item=2873508409&perks=1840239774,839105230,1946186791,2048641572,776531651,1119449540,657025441,1464081238,4104185692
dimwishlist:item=2873508409&perks=839105230,1946186791,1092016998,2048641572,776531651,1119449540,657025441,1464081238,4104185692
dimwishlist:item=2873508409&perks=1840239774,839105230,1092016998,2048641572,776531651,1119449540,657025441,1464081238,4104185692
dimwishlist:item=2873508409&perks=1946186791,2048641572,776531651,1119449540,657025441,1464081238,4104185692,1164078247
dimwishlist:item=2873508409&perks=1840239774,2048641572,776531651,1119449540,657025441,1464081238,4104185692,1164078247
dimwishlist:item=2873508409&perks=1092016998,2048641572,776531651,1119449540,657025441,1464081238,4104185692,1164078247
dimwishlist:item=2873508409&perks=839105230,2048641572,776531651,1119449540,657025441,1464081238,4104185692,1164078247
dimwishlist:item=2873508409&perks=1840239774,1946186791,2048641572,776531651,1119449540,657025441,1464081238,4104185692
dimwishlist:item=2873508409&perks=1946186791,1092016998,2048641572,776531651,1119449540,657025441,1464081238,4104185692
dimwishlist:item=2873508409&perks=1840239774,1092016998,2048641572,776531651,1119449540,657025441,1464081238,4104185692
dimwishlist:item=2873508409&perks=839105230,1946186791,2048641572,776531651,1119449540,657025441,1464081238,4104185692
dimwishlist:item=2873508409&perks=1840239774,839105230,2048641572,776531651,1119449540,657025441,1464081238,4104185692
dimwishlist:item=2873508409&perks=839105230,1092016998,2048641572,776531651,1119449540,657025441,1464081238,4104185692
dimwishlist:item=2873508409&perks=2048641572,776531651,1119449540,657025441,1464081238,4104185692,1164078247
dimwishlist:item=2873508409&perks=1946186791,2048641572,776531651,1119449540,657025441,1464081238,4104185692
dimwishlist:item=2873508409&perks=1840239774,2048641572,776531651,1119449540,657025441,1464081238,4104185692
dimwishlist:item=2873508409&perks=1092016998,2048641572,776531651,1119449540,657025441,1464081238,4104185692
dimwishlist:item=2873508409&perks=839105230,2048641572,776531651,1119449540,657025441,1464081238,4104185692
dimwishlist:item=2873508409&perks=2048641572,776531651,1119449540,657025441,1464081238,4104185692

// Horror's Least
//notes:A-Tier. fast Jolting activations, unknown reload perk quality. Origin: Accelerated Assault
dimwishlist:item=827835657&perks=1840239774,839105230,3230963543,1431678320,1115162408,1511100135,3966416502,3218042543
dimwishlist:item=827835657&perks=1840239774,3230963543,1431678320,1115162408,1511100135,3966416502,3218042543
dimwishlist:item=827835657&perks=1840239774,839105230,3230963543,1115162408,1511100135,3966416502,3218042543
dimwishlist:item=827835657&perks=839105230,3230963543,1431678320,1115162408,1511100135,3966416502,3218042543
dimwishlist:item=827835657&perks=1840239774,839105230,1431678320,1115162408,1511100135,3966416502,3218042543
dimwishlist:item=827835657&perks=1840239774,3230963543,1115162408,1511100135,3966416502,3218042543
dimwishlist:item=827835657&perks=3230963543,1431678320,1115162408,1511100135,3966416502,3218042543
dimwishlist:item=827835657&perks=1840239774,1431678320,1115162408,1511100135,3966416502,3218042543
dimwishlist:item=827835657&perks=839105230,3230963543,1115162408,1511100135,3966416502,3218042543
dimwishlist:item=827835657&perks=1840239774,839105230,1115162408,1511100135,3966416502,3218042543
dimwishlist:item=827835657&perks=839105230,1431678320,1115162408,1511100135,3966416502,3218042543
dimwishlist:item=827835657&perks=3230963543,1115162408,1511100135,3966416502,3218042543
dimwishlist:item=827835657&perks=1840239774,1115162408,1511100135,3966416502,3218042543
dimwishlist:item=827835657&perks=1431678320,1115162408,1511100135,3966416502,3218042543
dimwishlist:item=827835657&perks=839105230,1115162408,1511100135,3966416502,3218042543
dimwishlist:item=827835657&perks=1115162408,1511100135,3966416502,3218042543

// Horror's Least
//notes:A-Tier. fast Jolting activations, unknown reload perk quality. Origin: Accelerated Assault
dimwishlist:item=1018012078&perks=1840239774,839105230,3230963543,1431678320,1115162408,1511100135,3966416502,3218042543,3713579091
dimwishlist:item=1018012078&perks=1840239774,3230963543,1431678320,1115162408,1511100135,3966416502,3218042543,3713579091
dimwishlist:item=1018012078&perks=1840239774,839105230,3230963543,1115162408,1511100135,3966416502,3218042543,3713579091
dimwishlist:item=1018012078&perks=839105230,3230963543,1431678320,1115162408,1511100135,3966416502,3218042543,3713579091
dimwishlist:item=1018012078&perks=1840239774,839105230,1431678320,1115162408,1511100135,3966416502,3218042543,3713579091
dimwishlist:item=1018012078&perks=1840239774,839105230,3230963543,1431678320,1115162408,1511100135,3966416502,3218042543
dimwishlist:item=1018012078&perks=1840239774,3230963543,1115162408,1511100135,3966416502,3218042543,3713579091
dimwishlist:item=1018012078&perks=3230963543,1431678320,1115162408,1511100135,3966416502,3218042543,3713579091
dimwishlist:item=1018012078&perks=1840239774,1431678320,1115162408,1511100135,3966416502,3218042543,3713579091
dimwishlist:item=1018012078&perks=839105230,3230963543,1115162408,1511100135,3966416502,3218042543,3713579091
dimwishlist:item=1018012078&perks=1840239774,839105230,1115162408,1511100135,3966416502,3218042543,3713579091
dimwishlist:item=1018012078&perks=839105230,1431678320,1115162408,1511100135,3966416502,3218042543,3713579091
dimwishlist:item=1018012078&perks=1840239774,3230963543,1431678320,1115162408,1511100135,3966416502,3218042543
dimwishlist:item=1018012078&perks=1840239774,839105230,3230963543,1115162408,1511100135,3966416502,3218042543
dimwishlist:item=1018012078&perks=839105230,3230963543,1431678320,1115162408,1511100135,3966416502,3218042543
dimwishlist:item=1018012078&perks=1840239774,839105230,1431678320,1115162408,1511100135,3966416502,3218042543
dimwishlist:item=1018012078&perks=3230963543,1115162408,1511100135,3966416502,3218042543,3713579091
dimwishlist:item=1018012078&perks=1840239774,1115162408,1511100135,3966416502,3218042543,3713579091
dimwishlist:item=1018012078&perks=1431678320,1115162408,1511100135,3966416502,3218042543,3713579091
dimwishlist:item=1018012078&perks=839105230,1115162408,1511100135,3966416502,3218042543,3713579091
dimwishlist:item=1018012078&perks=1840239774,3230963543,1115162408,1511100135,3966416502,3218042543
dimwishlist:item=1018012078&perks=3230963543,1431678320,1115162408,1511100135,3966416502,3218042543
dimwishlist:item=1018012078&perks=1840239774,1431678320,1115162408,1511100135,3966416502,3218042543
dimwishlist:item=1018012078&perks=839105230,3230963543,1115162408,1511100135,3966416502,3218042543
dimwishlist:item=1018012078&perks=1840239774,839105230,1115162408,1511100135,3966416502,3218042543
dimwishlist:item=1018012078&perks=839105230,1431678320,1115162408,1511100135,3966416502,3218042543
dimwishlist:item=1018012078&perks=1115162408,1511100135,3966416502,3218042543,3713579091
dimwishlist:item=1018012078&perks=3230963543,1115162408,1511100135,3966416502,3218042543
dimwishlist:item=1018012078&perks=1840239774,1115162408,1511100135,3966416502,3218042543
dimwishlist:item=1018012078&perks=1431678320,1115162408,1511100135,3966416502,3218042543
dimwishlist:item=1018012078&perks=839105230,1115162408,1511100135,3966416502,3218042543
dimwishlist:item=1018012078&perks=1115162408,1511100135,3966416502,3218042543

// Vantage Point
//notes:A-Tier. underrated combo of Jolting + great origin. Origin: Dark Ether Reaper
dimwishlist:item=3830941962&perks=1840239774,839105230,3230963543,1431678320,684456054,3966416502,2041432007
dimwishlist:item=3830941962&perks=1840239774,3230963543,1431678320,684456054,3966416502,2041432007
dimwishlist:item=3830941962&perks=1840239774,839105230,3230963543,684456054,3966416502,2041432007
dimwishlist:item=3830941962&perks=839105230,3230963543,1431678320,684456054,3966416502,2041432007
dimwishlist:item=3830941962&perks=1840239774,839105230,1431678320,684456054,3966416502,2041432007
dimwishlist:item=3830941962&perks=1840239774,839105230,3230963543,1431678320,684456054,3966416502
dimwishlist:item=3830941962&perks=1840239774,3230963543,684456054,3966416502,2041432007
dimwishlist:item=3830941962&perks=3230963543,1431678320,684456054,3966416502,2041432007
dimwishlist:item=3830941962&perks=1840239774,1431678320,684456054,3966416502,2041432007
dimwishlist:item=3830941962&perks=839105230,3230963543,684456054,3966416502,2041432007
dimwishlist:item=3830941962&perks=1840239774,839105230,684456054,3966416502,2041432007
dimwishlist:item=3830941962&perks=839105230,1431678320,684456054,3966416502,2041432007
dimwishlist:item=3830941962&perks=1840239774,3230963543,1431678320,684456054,3966416502
dimwishlist:item=3830941962&perks=1840239774,839105230,3230963543,684456054,3966416502
dimwishlist:item=3830941962&perks=839105230,3230963543,1431678320,684456054,3966416502
dimwishlist:item=3830941962&perks=1840239774,839105230,1431678320,684456054,3966416502
dimwishlist:item=3830941962&perks=3230963543,684456054,3966416502,2041432007
dimwishlist:item=3830941962&perks=1840239774,684456054,3966416502,2041432007
dimwishlist:item=3830941962&perks=1431678320,684456054,3966416502,2041432007
dimwishlist:item=3830941962&perks=839105230,684456054,3966416502,2041432007
dimwishlist:item=3830941962&perks=1840239774,3230963543,684456054,3966416502
dimwishlist:item=3830941962&perks=3230963543,1431678320,684456054,3966416502
dimwishlist:item=3830941962&perks=1840239774,1431678320,684456054,3966416502
dimwishlist:item=3830941962&perks=839105230,3230963543,684456054,3966416502
dimwishlist:item=3830941962&perks=1840239774,839105230,684456054,3966416502
dimwishlist:item=3830941962&perks=839105230,1431678320,684456054,3966416502
dimwishlist:item=3830941962&perks=684456054,3966416502,2041432007
dimwishlist:item=3830941962&perks=3230963543,684456054,3966416502
dimwishlist:item=3830941962&perks=1840239774,684456054,3966416502
dimwishlist:item=3830941962&perks=1431678320,684456054,3966416502
dimwishlist:item=3830941962&perks=839105230,684456054,3966416502
dimwishlist:item=3830941962&perks=684456054,3966416502

// Oversoul Edict
//notes:A-Tier. excellent origin + best frame for Voltshot usage. Origin: Cursed Thrall
dimwishlist:item=578105049&perks=1840239774,839105230,3230963543,1431678320,684456054,3523296417,2173046394,1156201379
dimwishlist:item=578105049&perks=1840239774,3230963543,1431678320,684456054,3523296417,2173046394,1156201379
dimwishlist:item=578105049&perks=1840239774,839105230,3230963543,684456054,3523296417,2173046394,1156201379
dimwishlist:item=578105049&perks=839105230,3230963543,1431678320,684456054,3523296417,2173046394,1156201379
dimwishlist:item=578105049&perks=1840239774,839105230,1431678320,684456054,3523296417,2173046394,1156201379
dimwishlist:item=578105049&perks=1840239774,839105230,3230963543,1431678320,684456054,3523296417,2173046394
dimwishlist:item=578105049&perks=1840239774,3230963543,684456054,3523296417,2173046394,1156201379
dimwishlist:item=578105049&perks=3230963543,1431678320,684456054,3523296417,2173046394,1156201379
dimwishlist:item=578105049&perks=1840239774,1431678320,684456054,3523296417,2173046394,1156201379
dimwishlist:item=578105049&perks=839105230,3230963543,684456054,3523296417,2173046394,1156201379
dimwishlist:item=578105049&perks=1840239774,839105230,684456054,3523296417,2173046394,1156201379
dimwishlist:item=578105049&perks=839105230,1431678320,684456054,3523296417,2173046394,1156201379
dimwishlist:item=578105049&perks=1840239774,3230963543,1431678320,684456054,3523296417,2173046394
dimwishlist:item=578105049&perks=1840239774,839105230,3230963543,684456054,3523296417,2173046394
dimwishlist:item=578105049&perks=839105230,3230963543,1431678320,684456054,3523296417,2173046394
dimwishlist:item=578105049&perks=1840239774,839105230,1431678320,684456054,3523296417,2173046394
dimwishlist:item=578105049&perks=3230963543,684456054,3523296417,2173046394,1156201379
dimwishlist:item=578105049&perks=1840239774,684456054,3523296417,2173046394,1156201379
dimwishlist:item=578105049&perks=1431678320,684456054,3523296417,2173046394,1156201379
dimwishlist:item=578105049&perks=839105230,684456054,3523296417,2173046394,1156201379
dimwishlist:item=578105049&perks=1840239774,3230963543,684456054,3523296417,2173046394
dimwishlist:item=578105049&perks=3230963543,1431678320,684456054,3523296417,2173046394
dimwishlist:item=578105049&perks=1840239774,1431678320,684456054,3523296417,2173046394
dimwishlist:item=578105049&perks=839105230,3230963543,684456054,3523296417,2173046394
dimwishlist:item=578105049&perks=1840239774,839105230,684456054,3523296417,2173046394
dimwishlist:item=578105049&perks=839105230,1431678320,684456054,3523296417,2173046394
dimwishlist:item=578105049&perks=684456054,3523296417,2173046394,1156201379
dimwishlist:item=578105049&perks=3230963543,684456054,3523296417,2173046394
dimwishlist:item=578105049&perks=1840239774,684456054,3523296417,2173046394
dimwishlist:item=578105049&perks=1431678320,684456054,3523296417,2173046394
dimwishlist:item=578105049&perks=839105230,684456054,3523296417,2173046394
dimwishlist:item=578105049&perks=684456054,3523296417,2173046394

// Oversoul Edict
//notes:A-Tier. excellent origin + best frame for Voltshot usage. Origin: Cursed Thrall
dimwishlist:item=1098171824&perks=1840239774,839105230,3230963543,1431678320,684456054,3523296417,2173046394,1156201379
dimwishlist:item=1098171824&perks=1840239774,3230963543,1431678320,684456054,3523296417,2173046394,1156201379
dimwishlist:item=1098171824&perks=1840239774,839105230,3230963543,684456054,3523296417,2173046394,1156201379
dimwishlist:item=1098171824&perks=839105230,3230963543,1431678320,684456054,3523296417,2173046394,1156201379
dimwishlist:item=1098171824&perks=1840239774,839105230,1431678320,684456054,3523296417,2173046394,1156201379
dimwishlist:item=1098171824&perks=1840239774,839105230,3230963543,1431678320,684456054,3523296417,2173046394
dimwishlist:item=1098171824&perks=1840239774,3230963543,684456054,3523296417,2173046394,1156201379
dimwishlist:item=1098171824&perks=3230963543,1431678320,684456054,3523296417,2173046394,1156201379
dimwishlist:item=1098171824&perks=1840239774,1431678320,684456054,3523296417,2173046394,1156201379
dimwishlist:item=1098171824&perks=839105230,3230963543,684456054,3523296417,2173046394,1156201379
dimwishlist:item=1098171824&perks=1840239774,839105230,684456054,3523296417,2173046394,1156201379
dimwishlist:item=1098171824&perks=839105230,1431678320,684456054,3523296417,2173046394,1156201379
dimwishlist:item=1098171824&perks=1840239774,3230963543,1431678320,684456054,3523296417,2173046394
dimwishlist:item=1098171824&perks=1840239774,839105230,3230963543,684456054,3523296417,2173046394
dimwishlist:item=1098171824&perks=839105230,3230963543,1431678320,684456054,3523296417,2173046394
dimwishlist:item=1098171824&perks=1840239774,839105230,1431678320,684456054,3523296417,2173046394
dimwishlist:item=1098171824&perks=3230963543,684456054,3523296417,2173046394,1156201379
dimwishlist:item=1098171824&perks=1840239774,684456054,3523296417,2173046394,1156201379
dimwishlist:item=1098171824&perks=1431678320,684456054,3523296417,2173046394,1156201379
dimwishlist:item=1098171824&perks=839105230,684456054,3523296417,2173046394,1156201379
dimwishlist:item=1098171824&perks=1840239774,3230963543,684456054,3523296417,2173046394
dimwishlist:item=1098171824&perks=3230963543,1431678320,684456054,3523296417,2173046394
dimwishlist:item=1098171824&perks=1840239774,1431678320,684456054,3523296417,2173046394
dimwishlist:item=1098171824&perks=839105230,3230963543,684456054,3523296417,2173046394
dimwishlist:item=1098171824&perks=1840239774,839105230,684456054,3523296417,2173046394
dimwishlist:item=1098171824&perks=839105230,1431678320,684456054,3523296417,2173046394
dimwishlist:item=1098171824&perks=684456054,3523296417,2173046394,1156201379
dimwishlist:item=1098171824&perks=3230963543,684456054,3523296417,2173046394
dimwishlist:item=1098171824&perks=1840239774,684456054,3523296417,2173046394
dimwishlist:item=1098171824&perks=1431678320,684456054,3523296417,2173046394
dimwishlist:item=1098171824&perks=839105230,684456054,3523296417,2173046394
dimwishlist:item=1098171824&perks=684456054,3523296417,2173046394

// All or Nothing
//notes:A-Tier. like Relentless but new frame and enhancements. Origin: Accelerated Assault
dimwishlist:item=3984776322&perks=1840239774,839105230,1946186791,1092016998,3824105627,923806249,960997401,831391274
dimwishlist:item=3984776322&perks=1840239774,1946186791,1092016998,3824105627,923806249,960997401,831391274
dimwishlist:item=3984776322&perks=1840239774,839105230,1946186791,3824105627,923806249,960997401,831391274
dimwishlist:item=3984776322&perks=839105230,1946186791,1092016998,3824105627,923806249,960997401,831391274
dimwishlist:item=3984776322&perks=1840239774,839105230,1092016998,3824105627,923806249,960997401,831391274
dimwishlist:item=3984776322&perks=1840239774,1946186791,3824105627,923806249,960997401,831391274
dimwishlist:item=3984776322&perks=1946186791,1092016998,3824105627,923806249,960997401,831391274
dimwishlist:item=3984776322&perks=1840239774,1092016998,3824105627,923806249,960997401,831391274
dimwishlist:item=3984776322&perks=839105230,1946186791,3824105627,923806249,960997401,831391274
dimwishlist:item=3984776322&perks=1840239774,839105230,3824105627,923806249,960997401,831391274
dimwishlist:item=3984776322&perks=839105230,1092016998,3824105627,923806249,960997401,831391274
dimwishlist:item=3984776322&perks=1946186791,3824105627,923806249,960997401,831391274
dimwishlist:item=3984776322&perks=1840239774,3824105627,923806249,960997401,831391274
dimwishlist:item=3984776322&perks=1092016998,3824105627,923806249,960997401,831391274
dimwishlist:item=3984776322&perks=839105230,3824105627,923806249,960997401,831391274
dimwishlist:item=3984776322&perks=3824105627,923806249,960997401,831391274

// All or Nothing
//notes:A-Tier. like Relentless but new frame and enhancements. Origin: Accelerated Assault
dimwishlist:item=2023002233&perks=1840239774,839105230,1946186791,1092016998,3824105627,923806249,960997401,831391274,3713579091
dimwishlist:item=2023002233&perks=1840239774,1946186791,1092016998,3824105627,923806249,960997401,831391274,3713579091
dimwishlist:item=2023002233&perks=1840239774,839105230,1946186791,3824105627,923806249,960997401,831391274,3713579091
dimwishlist:item=2023002233&perks=839105230,1946186791,1092016998,3824105627,923806249,960997401,831391274,3713579091
dimwishlist:item=2023002233&perks=1840239774,839105230,1092016998,3824105627,923806249,960997401,831391274,3713579091
dimwishlist:item=2023002233&perks=1840239774,839105230,1946186791,1092016998,3824105627,923806249,960997401,831391274
dimwishlist:item=2023002233&perks=1840239774,1946186791,3824105627,923806249,960997401,831391274,3713579091
dimwishlist:item=2023002233&perks=1946186791,1092016998,3824105627,923806249,960997401,831391274,3713579091
dimwishlist:item=2023002233&perks=1840239774,1092016998,3824105627,923806249,960997401,831391274,3713579091
dimwishlist:item=2023002233&perks=839105230,1946186791,3824105627,923806249,960997401,831391274,3713579091
dimwishlist:item=2023002233&perks=1840239774,839105230,3824105627,923806249,960997401,831391274,3713579091
dimwishlist:item=2023002233&perks=839105230,1092016998,3824105627,923806249,960997401,831391274,3713579091
dimwishlist:item=2023002233&perks=1840239774,1946186791,1092016998,3824105627,923806249,960997401,831391274
dimwishlist:item=2023002233&perks=1840239774,839105230,1946186791,3824105627,923806249,960997401,831391274
dimwishlist:item=2023002233&perks=839105230,1946186791,1092016998,3824105627,923806249,960997401,831391274
dimwishlist:item=2023002233&perks=1840239774,839105230,1092016998,3824105627,923806249,960997401,831391274
dimwishlist:item=2023002233&perks=1946186791,3824105627,923806249,960997401,831391274,3713579091
dimwishlist:item=2023002233&perks=1840239774,3824105627,923806249,960997401,831391274,3713579091
dimwishlist:item=2023002233&perks=1092016998,3824105627,923806249,960997401,831391274,3713579091
dimwishlist:item=2023002233&perks=839105230,3824105627,923806249,960997401,831391274,3713579091
dimwishlist:item=2023002233&perks=1840239774,1946186791,3824105627,923806249,960997401,831391274
dimwishlist:item=2023002233&perks=1946186791,1092016998,3824105627,923806249,960997401,831391274
dimwishlist:item=2023002233&perks=1840239774,1092016998,3824105627,923806249,960997401,831391274
dimwishlist:item=2023002233&perks=839105230,1946186791,3824105627,923806249,960997401,831391274
dimwishlist:item=2023002233&perks=1840239774,839105230,3824105627,923806249,960997401,831391274
dimwishlist:item=2023002233&perks=839105230,1092016998,3824105627,923806249,960997401,831391274
dimwishlist:item=2023002233&perks=3824105627,923806249,960997401,831391274,3713579091
dimwishlist:item=2023002233&perks=1946186791,3824105627,923806249,960997401,831391274
dimwishlist:item=2023002233&perks=1840239774,3824105627,923806249,960997401,831391274
dimwishlist:item=2023002233&perks=1092016998,3824105627,923806249,960997401,831391274
dimwishlist:item=2023002233&perks=839105230,3824105627,923806249,960997401,831391274
dimwishlist:item=2023002233&perks=3824105627,923806249,960997401,831391274

// Corrasion
//notes:A-Tier. similar to Oversoul Edict with some small tweaks. Origin: Radiolaria Transposer
dimwishlist:item=2126178511&perks=1840239774,3230963543,1431678320,684456054,3828510309,2173046394,253121539
dimwishlist:item=2126178511&perks=1840239774,3230963543,684456054,3828510309,2173046394,253121539
dimwishlist:item=2126178511&perks=3230963543,1431678320,684456054,3828510309,2173046394,253121539
dimwishlist:item=2126178511&perks=1840239774,1431678320,684456054,3828510309,2173046394,253121539
dimwishlist:item=2126178511&perks=1840239774,3230963543,1431678320,684456054,3828510309,2173046394
dimwishlist:item=2126178511&perks=3230963543,684456054,3828510309,2173046394,253121539
dimwishlist:item=2126178511&perks=1840239774,684456054,3828510309,2173046394,253121539
dimwishlist:item=2126178511&perks=1431678320,684456054,3828510309,2173046394,253121539
dimwishlist:item=2126178511&perks=1840239774,3230963543,684456054,3828510309,2173046394
dimwishlist:item=2126178511&perks=3230963543,1431678320,684456054,3828510309,2173046394
dimwishlist:item=2126178511&perks=1840239774,1431678320,684456054,3828510309,2173046394
dimwishlist:item=2126178511&perks=684456054,3828510309,2173046394,253121539
dimwishlist:item=2126178511&perks=3230963543,684456054,3828510309,2173046394
dimwishlist:item=2126178511&perks=1840239774,684456054,3828510309,2173046394
dimwishlist:item=2126178511&perks=1431678320,684456054,3828510309,2173046394
dimwishlist:item=2126178511&perks=684456054,3828510309,2173046394

// Elsie's Rifle
//notes:A-Tier. solid Void combo + decent origin but bad frame. Origin: Indomitability
dimwishlist:item=2372514509&perks=1840239774,839105230,3230963543,1431678320,776531651,3418782618,1119449540,2048641572,4104185692,2489430594
dimwishlist:item=2372514509&perks=1840239774,3230963543,1431678320,776531651,3418782618,1119449540,2048641572,4104185692,2489430594
dimwishlist:item=2372514509&perks=1840239774,839105230,3230963543,776531651,3418782618,1119449540,2048641572,4104185692,2489430594
dimwishlist:item=2372514509&perks=839105230,3230963543,1431678320,776531651,3418782618,1119449540,2048641572,4104185692,2489430594
dimwishlist:item=2372514509&perks=1840239774,839105230,1431678320,776531651,3418782618,1119449540,2048641572,4104185692,2489430594
dimwishlist:item=2372514509&perks=1840239774,839105230,3230963543,1431678320,776531651,3418782618,1119449540,2048641572,4104185692
dimwishlist:item=2372514509&perks=1840239774,3230963543,776531651,3418782618,1119449540,2048641572,4104185692,2489430594
dimwishlist:item=2372514509&perks=3230963543,1431678320,776531651,3418782618,1119449540,2048641572,4104185692,2489430594
dimwishlist:item=2372514509&perks=1840239774,1431678320,776531651,3418782618,1119449540,2048641572,4104185692,2489430594
dimwishlist:item=2372514509&perks=839105230,3230963543,776531651,3418782618,1119449540,2048641572,4104185692,2489430594
dimwishlist:item=2372514509&perks=1840239774,839105230,776531651,3418782618,1119449540,2048641572,4104185692,2489430594
dimwishlist:item=2372514509&perks=839105230,1431678320,776531651,3418782618,1119449540,2048641572,4104185692,2489430594
dimwishlist:item=2372514509&perks=1840239774,3230963543,1431678320,776531651,3418782618,1119449540,2048641572,4104185692
dimwishlist:item=2372514509&perks=1840239774,839105230,3230963543,776531651,3418782618,1119449540,2048641572,4104185692
dimwishlist:item=2372514509&perks=839105230,3230963543,1431678320,776531651,3418782618,1119449540,2048641572,4104185692
dimwishlist:item=2372514509&perks=1840239774,839105230,1431678320,776531651,3418782618,1119449540,2048641572,4104185692
dimwishlist:item=2372514509&perks=3230963543,776531651,3418782618,1119449540,2048641572,4104185692,2489430594
dimwishlist:item=2372514509&perks=1840239774,776531651,3418782618,1119449540,2048641572,4104185692,2489430594
dimwishlist:item=2372514509&perks=1431678320,776531651,3418782618,1119449540,2048641572,4104185692,2489430594
dimwishlist:item=2372514509&perks=839105230,776531651,3418782618,1119449540,2048641572,4104185692,2489430594
dimwishlist:item=2372514509&perks=1840239774,3230963543,776531651,3418782618,1119449540,2048641572,4104185692
dimwishlist:item=2372514509&perks=3230963543,1431678320,776531651,3418782618,1119449540,2048641572,4104185692
dimwishlist:item=2372514509&perks=1840239774,1431678320,776531651,3418782618,1119449540,2048641572,4104185692
dimwishlist:item=2372514509&perks=839105230,3230963543,776531651,3418782618,1119449540,2048641572,4104185692
dimwishlist:item=2372514509&perks=1840239774,839105230,776531651,3418782618,1119449540,2048641572,4104185692
dimwishlist:item=2372514509&perks=839105230,1431678320,776531651,3418782618,1119449540,2048641572,4104185692
dimwishlist:item=2372514509&perks=776531651,3418782618,1119449540,2048641572,4104185692,2489430594
dimwishlist:item=2372514509&perks=3230963543,776531651,3418782618,1119449540,2048641572,4104185692
dimwishlist:item=2372514509&perks=1840239774,776531651,3418782618,1119449540,2048641572,4104185692
dimwishlist:item=2372514509&perks=1431678320,776531651,3418782618,1119449540,2048641572,4104185692
dimwishlist:item=2372514509&perks=839105230,776531651,3418782618,1119449540,2048641572,4104185692
dimwishlist:item=2372514509&perks=776531651,3418782618,1119449540,2048641572,4104185692

// Elsie's Rifle
//notes:A-Tier. solid Void combo + decent origin but bad frame. Origin: Indomitability
dimwishlist:item=3851176026&perks=1840239774,839105230,3230963543,1431678320,776531651,3418782618,1119449540,2048641572,4104185692,2489430594
dimwishlist:item=3851176026&perks=1840239774,3230963543,1431678320,776531651,3418782618,1119449540,2048641572,4104185692,2489430594
dimwishlist:item=3851176026&perks=1840239774,839105230,3230963543,776531651,3418782618,1119449540,2048641572,4104185692,2489430594
dimwishlist:item=3851176026&perks=839105230,3230963543,1431678320,776531651,3418782618,1119449540,2048641572,4104185692,2489430594
dimwishlist:item=3851176026&perks=1840239774,839105230,1431678320,776531651,3418782618,1119449540,2048641572,4104185692,2489430594
dimwishlist:item=3851176026&perks=1840239774,839105230,3230963543,1431678320,776531651,3418782618,1119449540,2048641572,4104185692
dimwishlist:item=3851176026&perks=1840239774,3230963543,776531651,3418782618,1119449540,2048641572,4104185692,2489430594
dimwishlist:item=3851176026&perks=3230963543,1431678320,776531651,3418782618,1119449540,2048641572,4104185692,2489430594
dimwishlist:item=3851176026&perks=1840239774,1431678320,776531651,3418782618,1119449540,2048641572,4104185692,2489430594
dimwishlist:item=3851176026&perks=839105230,3230963543,776531651,3418782618,1119449540,2048641572,4104185692,2489430594
dimwishlist:item=3851176026&perks=1840239774,839105230,776531651,3418782618,1119449540,2048641572,4104185692,2489430594
dimwishlist:item=3851176026&perks=839105230,1431678320,776531651,3418782618,1119449540,2048641572,4104185692,2489430594
dimwishlist:item=3851176026&perks=1840239774,3230963543,1431678320,776531651,3418782618,1119449540,2048641572,4104185692
dimwishlist:item=3851176026&perks=1840239774,839105230,3230963543,776531651,3418782618,1119449540,2048641572,4104185692
dimwishlist:item=3851176026&perks=839105230,3230963543,1431678320,776531651,3418782618,1119449540,2048641572,4104185692
dimwishlist:item=3851176026&perks=1840239774,839105230,1431678320,776531651,3418782618,1119449540,2048641572,4104185692
dimwishlist:item=3851176026&perks=3230963543,776531651,3418782618,1119449540,2048641572,4104185692,2489430594
dimwishlist:item=3851176026&perks=1840239774,776531651,3418782618,1119449540,2048641572,4104185692,2489430594
dimwishlist:item=3851176026&perks=1431678320,776531651,3418782618,1119449540,2048641572,4104185692,2489430594
dimwishlist:item=3851176026&perks=839105230,776531651,3418782618,1119449540,2048641572,4104185692,2489430594
dimwishlist:item=3851176026&perks=1840239774,3230963543,776531651,3418782618,1119449540,2048641572,4104185692
dimwishlist:item=3851176026&perks=3230963543,1431678320,776531651,3418782618,1119449540,2048641572,4104185692
dimwishlist:item=3851176026&perks=1840239774,1431678320,776531651,3418782618,1119449540,2048641572,4104185692
dimwishlist:item=3851176026&perks=839105230,3230963543,776531651,3418782618,1119449540,2048641572,4104185692
dimwishlist:item=3851176026&perks=1840239774,839105230,776531651,3418782618,1119449540,2048641572,4104185692
dimwishlist:item=3851176026&perks=839105230,1431678320,776531651,3418782618,1119449540,2048641572,4104185692
dimwishlist:item=3851176026&perks=776531651,3418782618,1119449540,2048641572,4104185692,2489430594
dimwishlist:item=3851176026&perks=3230963543,776531651,3418782618,1119449540,2048641572,4104185692
dimwishlist:item=3851176026&perks=1840239774,776531651,3418782618,1119449540,2048641572,4104185692
dimwishlist:item=3851176026&perks=1431678320,776531651,3418782618,1119449540,2048641572,4104185692
dimwishlist:item=3851176026&perks=839105230,776531651,3418782618,1119449540,2048641572,4104185692
dimwishlist:item=3851176026&perks=776531651,3418782618,1119449540,2048641572,4104185692

// Jurassic Green
//notes:A-Tier. classic Heal Clip + Incandescent combo on solid frame. Origin: Field-Tested
dimwishlist:item=2603335652&perks=1840239774,839105230,3230963543,1431678320,4293542123
dimwishlist:item=2603335652&perks=1840239774,3230963543,1431678320,4293542123
dimwishlist:item=2603335652&perks=1840239774,839105230,3230963543,4293542123
dimwishlist:item=2603335652&perks=839105230,3230963543,1431678320,4293542123
dimwishlist:item=2603335652&perks=1840239774,839105230,1431678320,4293542123
dimwishlist:item=2603335652&perks=1840239774,3230963543,4293542123
dimwishlist:item=2603335652&perks=3230963543,1431678320,4293542123
dimwishlist:item=2603335652&perks=1840239774,1431678320,4293542123
dimwishlist:item=2603335652&perks=839105230,3230963543,4293542123
dimwishlist:item=2603335652&perks=1840239774,839105230,4293542123
dimwishlist:item=2603335652&perks=839105230,1431678320,4293542123
dimwishlist:item=2603335652&perks=3230963543,4293542123
dimwishlist:item=2603335652&perks=1840239774,4293542123
dimwishlist:item=2603335652&perks=1431678320,4293542123
dimwishlist:item=2603335652&perks=839105230,4293542123
dimwishlist:item=2603335652&perks=4293542123

// Jurassic Green
//notes:A-Tier. classic Heal Clip + Incandescent combo on solid frame. Origin: Field-Tested
dimwishlist:item=3103255595&perks=1840239774,839105230,3230963543,1431678320,3017780555,1119449540,4293542123,2120661319
dimwishlist:item=3103255595&perks=1840239774,3230963543,1431678320,3017780555,1119449540,4293542123,2120661319
dimwishlist:item=3103255595&perks=1840239774,839105230,3230963543,3017780555,1119449540,4293542123,2120661319
dimwishlist:item=3103255595&perks=839105230,3230963543,1431678320,3017780555,1119449540,4293542123,2120661319
dimwishlist:item=3103255595&perks=1840239774,839105230,1431678320,3017780555,1119449540,4293542123,2120661319
dimwishlist:item=3103255595&perks=1840239774,839105230,3230963543,1431678320,3017780555,1119449540,4293542123
dimwishlist:item=3103255595&perks=1840239774,3230963543,3017780555,1119449540,4293542123,2120661319
dimwishlist:item=3103255595&perks=3230963543,1431678320,3017780555,1119449540,4293542123,2120661319
dimwishlist:item=3103255595&perks=1840239774,1431678320,3017780555,1119449540,4293542123,2120661319
dimwishlist:item=3103255595&perks=839105230,3230963543,3017780555,1119449540,4293542123,2120661319
dimwishlist:item=3103255595&perks=1840239774,839105230,3017780555,1119449540,4293542123,2120661319
dimwishlist:item=3103255595&perks=839105230,1431678320,3017780555,1119449540,4293542123,2120661319
dimwishlist:item=3103255595&perks=1840239774,3230963543,1431678320,3017780555,1119449540,4293542123
dimwishlist:item=3103255595&perks=1840239774,839105230,3230963543,3017780555,1119449540,4293542123
dimwishlist:item=3103255595&perks=839105230,3230963543,1431678320,3017780555,1119449540,4293542123
dimwishlist:item=3103255595&perks=1840239774,839105230,1431678320,3017780555,1119449540,4293542123
dimwishlist:item=3103255595&perks=3230963543,3017780555,1119449540,4293542123,2120661319
dimwishlist:item=3103255595&perks=1840239774,3017780555,1119449540,4293542123,2120661319
dimwishlist:item=3103255595&perks=1431678320,3017780555,1119449540,4293542123,2120661319
dimwishlist:item=3103255595&perks=839105230,3017780555,1119449540,4293542123,2120661319
dimwishlist:item=3103255595&perks=1840239774,3230963543,3017780555,1119449540,4293542123
dimwishlist:item=3103255595&perks=3230963543,1431678320,3017780555,1119449540,4293542123
dimwishlist:item=3103255595&perks=1840239774,1431678320,3017780555,1119449540,4293542123
dimwishlist:item=3103255595&perks=839105230,3230963543,3017780555,1119449540,4293542123
dimwishlist:item=3103255595&perks=1840239774,839105230,3017780555,1119449540,4293542123
dimwishlist:item=3103255595&perks=839105230,1431678320,3017780555,1119449540,4293542123
dimwishlist:item=3103255595&perks=3017780555,1119449540,4293542123,2120661319
dimwishlist:item=3103255595&perks=3230963543,3017780555,1119449540,4293542123
dimwishlist:item=3103255595&perks=1840239774,3017780555,1119449540,4293542123
dimwishlist:item=3103255595&perks=1431678320,3017780555,1119449540,4293542123
dimwishlist:item=3103255595&perks=839105230,3017780555,1119449540,4293542123
dimwishlist:item=3103255595&perks=3017780555,1119449540,4293542123

// Jurassic Green
//notes:A-Tier. classic Heal Clip + Incandescent combo on solid frame. Origin: Field-Tested
dimwishlist:item=689294985&perks=1840239774,839105230,3230963543,1431678320,3017780555,1119449540,4293542123,2120661319
dimwishlist:item=689294985&perks=1840239774,3230963543,1431678320,3017780555,1119449540,4293542123,2120661319
dimwishlist:item=689294985&perks=1840239774,839105230,3230963543,3017780555,1119449540,4293542123,2120661319
dimwishlist:item=689294985&perks=839105230,3230963543,1431678320,3017780555,1119449540,4293542123,2120661319
dimwishlist:item=689294985&perks=1840239774,839105230,1431678320,3017780555,1119449540,4293542123,2120661319
dimwishlist:item=689294985&perks=1840239774,839105230,3230963543,1431678320,3017780555,1119449540,4293542123
dimwishlist:item=689294985&perks=1840239774,3230963543,3017780555,1119449540,4293542123,2120661319
dimwishlist:item=689294985&perks=3230963543,1431678320,3017780555,1119449540,4293542123,2120661319
dimwishlist:item=689294985&perks=1840239774,1431678320,3017780555,1119449540,4293542123,2120661319
dimwishlist:item=689294985&perks=839105230,3230963543,3017780555,1119449540,4293542123,2120661319
dimwishlist:item=689294985&perks=1840239774,839105230,3017780555,1119449540,4293542123,2120661319
dimwishlist:item=689294985&perks=839105230,1431678320,3017780555,1119449540,4293542123,2120661319
dimwishlist:item=689294985&perks=1840239774,3230963543,1431678320,3017780555,1119449540,4293542123
dimwishlist:item=689294985&perks=1840239774,839105230,3230963543,3017780555,1119449540,4293542123
dimwishlist:item=689294985&perks=839105230,3230963543,1431678320,3017780555,1119449540,4293542123
dimwishlist:item=689294985&perks=1840239774,839105230,1431678320,3017780555,1119449540,4293542123
dimwishlist:item=689294985&perks=3230963543,3017780555,1119449540,4293542123,2120661319
dimwishlist:item=689294985&perks=1840239774,3017780555,1119449540,4293542123,2120661319
dimwishlist:item=689294985&perks=1431678320,3017780555,1119449540,4293542123,2120661319
dimwishlist:item=689294985&perks=839105230,3017780555,1119449540,4293542123,2120661319
dimwishlist:item=689294985&perks=1840239774,3230963543,3017780555,1119449540,4293542123
dimwishlist:item=689294985&perks=3230963543,1431678320,3017780555,1119449540,4293542123
dimwishlist:item=689294985&perks=1840239774,1431678320,3017780555,1119449540,4293542123
dimwishlist:item=689294985&perks=839105230,3230963543,3017780555,1119449540,4293542123
dimwishlist:item=689294985&perks=1840239774,839105230,3017780555,1119449540,4293542123
dimwishlist:item=689294985&perks=839105230,1431678320,3017780555,1119449540,4293542123
dimwishlist:item=689294985&perks=3017780555,1119449540,4293542123,2120661319
dimwishlist:item=689294985&perks=3230963543,3017780555,1119449540,4293542123
dimwishlist:item=689294985&perks=1840239774,3017780555,1119449540,4293542123
dimwishlist:item=689294985&perks=1431678320,3017780555,1119449540,4293542123
dimwishlist:item=689294985&perks=839105230,3017780555,1119449540,4293542123
dimwishlist:item=689294985&perks=3017780555,1119449540,4293542123

// Adhortative
//notes:A-Tier. worse frame than Jurassic but better origin. Origin: Nano-Munitions
dimwishlist:item=2993554824&perks=1840239774,839105230,3230963543,1431678320,3017780555,243981275,3700496672,4293542123,19542588
dimwishlist:item=2993554824&perks=1840239774,3230963543,1431678320,3017780555,243981275,3700496672,4293542123,19542588
dimwishlist:item=2993554824&perks=1840239774,839105230,3230963543,3017780555,243981275,3700496672,4293542123,19542588
dimwishlist:item=2993554824&perks=839105230,3230963543,1431678320,3017780555,243981275,3700496672,4293542123,19542588
dimwishlist:item=2993554824&perks=1840239774,839105230,1431678320,3017780555,243981275,3700496672,4293542123,19542588
dimwishlist:item=2993554824&perks=1840239774,839105230,3230963543,1431678320,3017780555,243981275,3700496672,4293542123
dimwishlist:item=2993554824&perks=1840239774,3230963543,3017780555,243981275,3700496672,4293542123,19542588
dimwishlist:item=2993554824&perks=3230963543,1431678320,3017780555,243981275,3700496672,4293542123,19542588
dimwishlist:item=2993554824&perks=1840239774,1431678320,3017780555,243981275,3700496672,4293542123,19542588
dimwishlist:item=2993554824&perks=839105230,3230963543,3017780555,243981275,3700496672,4293542123,19542588
dimwishlist:item=2993554824&perks=1840239774,839105230,3017780555,243981275,3700496672,4293542123,19542588
dimwishlist:item=2993554824&perks=839105230,1431678320,3017780555,243981275,3700496672,4293542123,19542588
dimwishlist:item=2993554824&perks=1840239774,3230963543,1431678320,3017780555,243981275,3700496672,4293542123
dimwishlist:item=2993554824&perks=1840239774,839105230,3230963543,3017780555,243981275,3700496672,4293542123
dimwishlist:item=2993554824&perks=839105230,3230963543,1431678320,3017780555,243981275,3700496672,4293542123
dimwishlist:item=2993554824&perks=1840239774,839105230,1431678320,3017780555,243981275,3700496672,4293542123
dimwishlist:item=2993554824&perks=3230963543,3017780555,243981275,3700496672,4293542123,19542588
dimwishlist:item=2993554824&perks=1840239774,3017780555,243981275,3700496672,4293542123,19542588
dimwishlist:item=2993554824&perks=1431678320,3017780555,243981275,3700496672,4293542123,19542588
dimwishlist:item=2993554824&perks=839105230,3017780555,243981275,3700496672,4293542123,19542588
dimwishlist:item=2993554824&perks=1840239774,3230963543,3017780555,243981275,3700496672,4293542123
dimwishlist:item=2993554824&perks=3230963543,1431678320,3017780555,243981275,3700496672,4293542123
dimwishlist:item=2993554824&perks=1840239774,1431678320,3017780555,243981275,3700496672,4293542123
dimwishlist:item=2993554824&perks=839105230,3230963543,3017780555,243981275,3700496672,4293542123
dimwishlist:item=2993554824&perks=1840239774,839105230,3017780555,243981275,3700496672,4293542123
dimwishlist:item=2993554824&perks=839105230,1431678320,3017780555,243981275,3700496672,4293542123
dimwishlist:item=2993554824&perks=3017780555,243981275,3700496672,4293542123,19542588
dimwishlist:item=2993554824&perks=3230963543,3017780555,243981275,3700496672,4293542123
dimwishlist:item=2993554824&perks=1840239774,3017780555,243981275,3700496672,4293542123
dimwishlist:item=2993554824&perks=1431678320,3017780555,243981275,3700496672,4293542123
dimwishlist:item=2993554824&perks=839105230,3017780555,243981275,3700496672,4293542123
dimwishlist:item=2993554824&perks=3017780555,243981275,3700496672,4293542123

// Darkest Before
//notes:A-Tier. worse origin than Jurassic but similar otherwise. Origin: Crossing Over
dimwishlist:item=435821040&perks=1840239774,839105230,3230963543,1431678320,3017780555,243981275,4293542123,4129855581
dimwishlist:item=435821040&perks=1840239774,3230963543,1431678320,3017780555,243981275,4293542123,4129855581
dimwishlist:item=435821040&perks=1840239774,839105230,3230963543,3017780555,243981275,4293542123,4129855581
dimwishlist:item=435821040&perks=839105230,3230963543,1431678320,3017780555,243981275,4293542123,4129855581
dimwishlist:item=435821040&perks=1840239774,839105230,1431678320,3017780555,243981275,4293542123,4129855581
dimwishlist:item=435821040&perks=1840239774,839105230,3230963543,1431678320,3017780555,243981275,4293542123
dimwishlist:item=435821040&perks=1840239774,3230963543,3017780555,243981275,4293542123,4129855581
dimwishlist:item=435821040&perks=3230963543,1431678320,3017780555,243981275,4293542123,4129855581
dimwishlist:item=435821040&perks=1840239774,1431678320,3017780555,243981275,4293542123,4129855581
dimwishlist:item=435821040&perks=839105230,3230963543,3017780555,243981275,4293542123,4129855581
dimwishlist:item=435821040&perks=1840239774,839105230,3017780555,243981275,4293542123,4129855581
dimwishlist:item=435821040&perks=839105230,1431678320,3017780555,243981275,4293542123,4129855581
dimwishlist:item=435821040&perks=1840239774,3230963543,1431678320,3017780555,243981275,4293542123
dimwishlist:item=435821040&perks=1840239774,839105230,3230963543,3017780555,243981275,4293542123
dimwishlist:item=435821040&perks=839105230,3230963543,1431678320,3017780555,243981275,4293542123
dimwishlist:item=435821040&perks=1840239774,839105230,1431678320,3017780555,243981275,4293542123
dimwishlist:item=435821040&perks=3230963543,3017780555,243981275,4293542123,4129855581
dimwishlist:item=435821040&perks=1840239774,3017780555,243981275,4293542123,4129855581
dimwishlist:item=435821040&perks=1431678320,3017780555,243981275,4293542123,4129855581
dimwishlist:item=435821040&perks=839105230,3017780555,243981275,4293542123,4129855581
dimwishlist:item=435821040&perks=1840239774,3230963543,3017780555,243981275,4293542123
dimwishlist:item=435821040&perks=3230963543,1431678320,3017780555,243981275,4293542123
dimwishlist:item=435821040&perks=1840239774,1431678320,3017780555,243981275,4293542123
dimwishlist:item=435821040&perks=839105230,3230963543,3017780555,243981275,4293542123
dimwishlist:item=435821040&perks=1840239774,839105230,3017780555,243981275,4293542123
dimwishlist:item=435821040&perks=839105230,1431678320,3017780555,243981275,4293542123
dimwishlist:item=435821040&perks=3017780555,243981275,4293542123,4129855581
dimwishlist:item=435821040&perks=3230963543,3017780555,243981275,4293542123
dimwishlist:item=435821040&perks=1840239774,3017780555,243981275,4293542123
dimwishlist:item=435821040&perks=1431678320,3017780555,243981275,4293542123
dimwishlist:item=435821040&perks=839105230,3017780555,243981275,4293542123
dimwishlist:item=435821040&perks=3017780555,243981275,4293542123

// Cruel Mercy
//notes:A-Tier. technically double splash on good frame but Rolling Storm is weak. Origin: Stunning Recovery
dimwishlist:item=2347178967&perks=1840239774,3230963543,1431678320,2848615171,684456054,3523296417,3218042543,4104185692,1281216113
dimwishlist:item=2347178967&perks=1840239774,3230963543,2848615171,684456054,3523296417,3218042543,4104185692,1281216113
dimwishlist:item=2347178967&perks=3230963543,1431678320,2848615171,684456054,3523296417,3218042543,4104185692,1281216113
dimwishlist:item=2347178967&perks=1840239774,1431678320,2848615171,684456054,3523296417,3218042543,4104185692,1281216113
dimwishlist:item=2347178967&perks=1840239774,3230963543,1431678320,2848615171,684456054,3523296417,3218042543,4104185692
dimwishlist:item=2347178967&perks=3230963543,2848615171,684456054,3523296417,3218042543,4104185692,1281216113
dimwishlist:item=2347178967&perks=1840239774,2848615171,684456054,3523296417,3218042543,4104185692,1281216113
dimwishlist:item=2347178967&perks=1431678320,2848615171,684456054,3523296417,3218042543,4104185692,1281216113
dimwishlist:item=2347178967&perks=1840239774,3230963543,2848615171,684456054,3523296417,3218042543,4104185692
dimwishlist:item=2347178967&perks=3230963543,1431678320,2848615171,684456054,3523296417,3218042543,4104185692
dimwishlist:item=2347178967&perks=1840239774,1431678320,2848615171,684456054,3523296417,3218042543,4104185692
dimwishlist:item=2347178967&perks=2848615171,684456054,3523296417,3218042543,4104185692,1281216113
dimwishlist:item=2347178967&perks=3230963543,2848615171,684456054,3523296417,3218042543,4104185692
dimwishlist:item=2347178967&perks=1840239774,2848615171,684456054,3523296417,3218042543,4104185692
dimwishlist:item=2347178967&perks=1431678320,2848615171,684456054,3523296417,3218042543,4104185692
dimwishlist:item=2347178967&perks=2848615171,684456054,3523296417,3218042543,4104185692

// Cruel Mercy
//notes:A-Tier. technically double splash on good frame but Rolling Storm is weak. Origin: Stunning Recovery
dimwishlist:item=233635202&perks=1840239774,3230963543,1431678320,2848615171,684456054,3523296417,3218042543,4104185692,1281216113
dimwishlist:item=233635202&perks=1840239774,3230963543,2848615171,684456054,3523296417,3218042543,4104185692,1281216113
dimwishlist:item=233635202&perks=3230963543,1431678320,2848615171,684456054,3523296417,3218042543,4104185692,1281216113
dimwishlist:item=233635202&perks=1840239774,1431678320,2848615171,684456054,3523296417,3218042543,4104185692,1281216113
dimwishlist:item=233635202&perks=1840239774,3230963543,1431678320,2848615171,684456054,3523296417,3218042543,4104185692
dimwishlist:item=233635202&perks=3230963543,2848615171,684456054,3523296417,3218042543,4104185692,1281216113
dimwishlist:item=233635202&perks=1840239774,2848615171,684456054,3523296417,3218042543,4104185692,1281216113
dimwishlist:item=233635202&perks=1431678320,2848615171,684456054,3523296417,3218042543,4104185692,1281216113
dimwishlist:item=233635202&perks=1840239774,3230963543,2848615171,684456054,3523296417,3218042543,4104185692
dimwishlist:item=233635202&perks=3230963543,1431678320,2848615171,684456054,3523296417,3218042543,4104185692
dimwishlist:item=233635202&perks=1840239774,1431678320,2848615171,684456054,3523296417,3218042543,4104185692
dimwishlist:item=233635202&perks=2848615171,684456054,3523296417,3218042543,4104185692,1281216113
dimwishlist:item=233635202&perks=3230963543,2848615171,684456054,3523296417,3218042543,4104185692
dimwishlist:item=233635202&perks=1840239774,2848615171,684456054,3523296417,3218042543,4104185692
dimwishlist:item=233635202&perks=1431678320,2848615171,684456054,3523296417,3218042543,4104185692
dimwishlist:item=233635202&perks=2848615171,684456054,3523296417,3218042543,4104185692

// Blast Furnace
//notes:A-Tier. double splash on kinetic + uptime perks on decent frame. Origin: Indomitability
dimwishlist:item=2372514508&perks=1840239774,839105230,3230963543,1431678320,3891536761,3700496672,3824105627,4049631843,4104185692,2489430594
dimwishlist:item=2372514508&perks=1840239774,3230963543,1431678320,3891536761,3700496672,3824105627,4049631843,4104185692,2489430594
dimwishlist:item=2372514508&perks=1840239774,839105230,3230963543,3891536761,3700496672,3824105627,4049631843,4104185692,2489430594
dimwishlist:item=2372514508&perks=839105230,3230963543,1431678320,3891536761,3700496672,3824105627,4049631843,4104185692,2489430594
dimwishlist:item=2372514508&perks=1840239774,839105230,1431678320,3891536761,3700496672,3824105627,4049631843,4104185692,2489430594
dimwishlist:item=2372514508&perks=1840239774,839105230,3230963543,1431678320,3891536761,3700496672,3824105627,4049631843,4104185692
dimwishlist:item=2372514508&perks=1840239774,3230963543,3891536761,3700496672,3824105627,4049631843,4104185692,2489430594
dimwishlist:item=2372514508&perks=3230963543,1431678320,3891536761,3700496672,3824105627,4049631843,4104185692,2489430594
dimwishlist:item=2372514508&perks=1840239774,1431678320,3891536761,3700496672,3824105627,4049631843,4104185692,2489430594
dimwishlist:item=2372514508&perks=839105230,3230963543,3891536761,3700496672,3824105627,4049631843,4104185692,2489430594
dimwishlist:item=2372514508&perks=1840239774,839105230,3891536761,3700496672,3824105627,4049631843,4104185692,2489430594
dimwishlist:item=2372514508&perks=839105230,1431678320,3891536761,3700496672,3824105627,4049631843,4104185692,2489430594
dimwishlist:item=2372514508&perks=1840239774,3230963543,1431678320,3891536761,3700496672,3824105627,4049631843,4104185692
dimwishlist:item=2372514508&perks=1840239774,839105230,3230963543,3891536761,3700496672,3824105627,4049631843,4104185692
dimwishlist:item=2372514508&perks=839105230,3230963543,1431678320,3891536761,3700496672,3824105627,4049631843,4104185692
dimwishlist:item=2372514508&perks=1840239774,839105230,1431678320,3891536761,3700496672,3824105627,4049631843,4104185692
dimwishlist:item=2372514508&perks=3230963543,3891536761,3700496672,3824105627,4049631843,4104185692,2489430594
dimwishlist:item=2372514508&perks=1840239774,3891536761,3700496672,3824105627,4049631843,4104185692,2489430594
dimwishlist:item=2372514508&perks=1431678320,3891536761,3700496672,3824105627,4049631843,4104185692,2489430594
dimwishlist:item=2372514508&perks=839105230,3891536761,3700496672,3824105627,4049631843,4104185692,2489430594
dimwishlist:item=2372514508&perks=1840239774,3230963543,3891536761,3700496672,3824105627,4049631843,4104185692
dimwishlist:item=2372514508&perks=3230963543,1431678320,3891536761,3700496672,3824105627,4049631843,4104185692
dimwishlist:item=2372514508&perks=1840239774,1431678320,3891536761,3700496672,3824105627,4049631843,4104185692
dimwishlist:item=2372514508&perks=839105230,3230963543,3891536761,3700496672,3824105627,4049631843,4104185692
dimwishlist:item=2372514508&perks=1840239774,839105230,3891536761,3700496672,3824105627,4049631843,4104185692
dimwishlist:item=2372514508&perks=839105230,1431678320,3891536761,3700496672,3824105627,4049631843,4104185692
dimwishlist:item=2372514508&perks=3891536761,3700496672,3824105627,4049631843,4104185692,2489430594
dimwishlist:item=2372514508&perks=3230963543,3891536761,3700496672,3824105627,4049631843,4104185692
dimwishlist:item=2372514508&perks=1840239774,3891536761,3700496672,3824105627,4049631843,4104185692
dimwishlist:item=2372514508&perks=1431678320,3891536761,3700496672,3824105627,4049631843,4104185692
dimwishlist:item=2372514508&perks=839105230,3891536761,3700496672,3824105627,4049631843,4104185692
dimwishlist:item=2372514508&perks=3891536761,3700496672,3824105627,4049631843,4104185692

// Blast Furnace
//notes:A-Tier. double splash on kinetic + uptime perks on decent frame. Origin: Indomitability
dimwishlist:item=2533990645&perks=1840239774,839105230,3230963543,1431678320,3891536761,3700496672,3824105627,4049631843,4104185692,2489430594
dimwishlist:item=2533990645&perks=1840239774,3230963543,1431678320,3891536761,3700496672,3824105627,4049631843,4104185692,2489430594
dimwishlist:item=2533990645&perks=1840239774,839105230,3230963543,3891536761,3700496672,3824105627,4049631843,4104185692,2489430594
dimwishlist:item=2533990645&perks=839105230,3230963543,1431678320,3891536761,3700496672,3824105627,4049631843,4104185692,2489430594
dimwishlist:item=2533990645&perks=1840239774,839105230,1431678320,3891536761,3700496672,3824105627,4049631843,4104185692,2489430594
dimwishlist:item=2533990645&perks=1840239774,839105230,3230963543,1431678320,3891536761,3700496672,3824105627,4049631843,4104185692
dimwishlist:item=2533990645&perks=1840239774,3230963543,3891536761,3700496672,3824105627,4049631843,4104185692,2489430594
dimwishlist:item=2533990645&perks=3230963543,1431678320,3891536761,3700496672,3824105627,4049631843,4104185692,2489430594
dimwishlist:item=2533990645&perks=1840239774,1431678320,3891536761,3700496672,3824105627,4049631843,4104185692,2489430594
dimwishlist:item=2533990645&perks=839105230,3230963543,3891536761,3700496672,3824105627,4049631843,4104185692,2489430594
dimwishlist:item=2533990645&perks=1840239774,839105230,3891536761,3700496672,3824105627,4049631843,4104185692,2489430594
dimwishlist:item=2533990645&perks=839105230,1431678320,3891536761,3700496672,3824105627,4049631843,4104185692,2489430594
dimwishlist:item=2533990645&perks=1840239774,3230963543,1431678320,3891536761,3700496672,3824105627,4049631843,4104185692
dimwishlist:item=2533990645&perks=1840239774,839105230,3230963543,3891536761,3700496672,3824105627,4049631843,4104185692
dimwishlist:item=2533990645&perks=839105230,3230963543,1431678320,3891536761,3700496672,3824105627,4049631843,4104185692
dimwishlist:item=2533990645&perks=1840239774,839105230,1431678320,3891536761,3700496672,3824105627,4049631843,4104185692
dimwishlist:item=2533990645&perks=3230963543,3891536761,3700496672,3824105627,4049631843,4104185692,2489430594
dimwishlist:item=2533990645&perks=1840239774,3891536761,3700496672,3824105627,4049631843,4104185692,2489430594
dimwishlist:item=2533990645&perks=1431678320,3891536761,3700496672,3824105627,4049631843,4104185692,2489430594
dimwishlist:item=2533990645&perks=839105230,3891536761,3700496672,3824105627,4049631843,4104185692,2489430594
dimwishlist:item=2533990645&perks=1840239774,3230963543,3891536761,3700496672,3824105627,4049631843,4104185692
dimwishlist:item=2533990645&perks=3230963543,1431678320,3891536761,3700496672,3824105627,4049631843,4104185692
dimwishlist:item=2533990645&perks=1840239774,1431678320,3891536761,3700496672,3824105627,4049631843,4104185692
dimwishlist:item=2533990645&perks=839105230,3230963543,3891536761,3700496672,3824105627,4049631843,4104185692
dimwishlist:item=2533990645&perks=1840239774,839105230,3891536761,3700496672,3824105627,4049631843,4104185692
dimwishlist:item=2533990645&perks=839105230,1431678320,3891536761,3700496672,3824105627,4049631843,4104185692
dimwishlist:item=2533990645&perks=3891536761,3700496672,3824105627,4049631843,4104185692,2489430594
dimwishlist:item=2533990645&perks=3230963543,3891536761,3700496672,3824105627,4049631843,4104185692
dimwishlist:item=2533990645&perks=1840239774,3891536761,3700496672,3824105627,4049631843,4104185692
dimwishlist:item=2533990645&perks=1431678320,3891536761,3700496672,3824105627,4049631843,4104185692
dimwishlist:item=2533990645&perks=839105230,3891536761,3700496672,3824105627,4049631843,4104185692
dimwishlist:item=2533990645&perks=3891536761,3700496672,3824105627,4049631843,4104185692

// Stars in Shadow
//notes:A-Tier. great perks and origin, just bad frame. Origin: Wild Card
dimwishlist:item=3602242905&perks=1840239774,839105230,3230963543,1431678320,3017780555,247725512,2360347339,4293542123,2890807135,1050127423
dimwishlist:item=3602242905&perks=1840239774,3230963543,1431678320,3017780555,247725512,2360347339,4293542123,2890807135,1050127423
dimwishlist:item=3602242905&perks=1840239774,839105230,3230963543,3017780555,247725512,2360347339,4293542123,2890807135,1050127423
dimwishlist:item=3602242905&perks=839105230,3230963543,1431678320,3017780555,247725512,2360347339,4293542123,2890807135,1050127423
dimwishlist:item=3602242905&perks=1840239774,839105230,1431678320,3017780555,247725512,2360347339,4293542123,2890807135,1050127423
dimwishlist:item=3602242905&perks=1840239774,839105230,3230963543,1431678320,3017780555,247725512,2360347339,4293542123,2890807135
dimwishlist:item=3602242905&perks=1840239774,3230963543,3017780555,247725512,2360347339,4293542123,2890807135,1050127423
dimwishlist:item=3602242905&perks=3230963543,1431678320,3017780555,247725512,2360347339,4293542123,2890807135,1050127423
dimwishlist:item=3602242905&perks=1840239774,1431678320,3017780555,247725512,2360347339,4293542123,2890807135,1050127423
dimwishlist:item=3602242905&perks=839105230,3230963543,3017780555,247725512,2360347339,4293542123,2890807135,1050127423
dimwishlist:item=3602242905&perks=1840239774,839105230,3017780555,247725512,2360347339,4293542123,2890807135,1050127423
dimwishlist:item=3602242905&perks=839105230,1431678320,3017780555,247725512,2360347339,4293542123,2890807135,1050127423
dimwishlist:item=3602242905&perks=1840239774,3230963543,1431678320,3017780555,247725512,2360347339,4293542123,2890807135
dimwishlist:item=3602242905&perks=1840239774,839105230,3230963543,3017780555,247725512,2360347339,4293542123,2890807135
dimwishlist:item=3602242905&perks=839105230,3230963543,1431678320,3017780555,247725512,2360347339,4293542123,2890807135
dimwishlist:item=3602242905&perks=1840239774,839105230,1431678320,3017780555,247725512,2360347339,4293542123,2890807135
dimwishlist:item=3602242905&perks=3230963543,3017780555,247725512,2360347339,4293542123,2890807135,1050127423
dimwishlist:item=3602242905&perks=1840239774,3017780555,247725512,2360347339,4293542123,2890807135,1050127423
dimwishlist:item=3602242905&perks=1431678320,3017780555,247725512,2360347339,4293542123,2890807135,1050127423
dimwishlist:item=3602242905&perks=839105230,3017780555,247725512,2360347339,4293542123,2890807135,1050127423
dimwishlist:item=3602242905&perks=1840239774,3230963543,3017780555,247725512,2360347339,4293542123,2890807135
dimwishlist:item=3602242905&perks=3230963543,1431678320,3017780555,247725512,2360347339,4293542123,2890807135
dimwishlist:item=3602242905&perks=1840239774,1431678320,3017780555,247725512,2360347339,4293542123,2890807135
dimwishlist:item=3602242905&perks=839105230,3230963543,3017780555,247725512,2360347339,4293542123,2890807135
dimwishlist:item=3602242905&perks=1840239774,839105230,3017780555,247725512,2360347339,4293542123,2890807135
dimwishlist:item=3602242905&perks=839105230,1431678320,3017780555,247725512,2360347339,4293542123,2890807135
dimwishlist:item=3602242905&perks=3017780555,247725512,2360347339,4293542123,2890807135,1050127423
dimwishlist:item=3602242905&perks=3230963543,3017780555,247725512,2360347339,4293542123,2890807135
dimwishlist:item=3602242905&perks=1840239774,3017780555,247725512,2360347339,4293542123,2890807135
dimwishlist:item=3602242905&perks=1431678320,3017780555,247725512,2360347339,4293542123,2890807135
dimwishlist:item=3602242905&perks=839105230,3017780555,247725512,2360347339,4293542123,2890807135
dimwishlist:item=3602242905&perks=3017780555,247725512,2360347339,4293542123,2890807135

// Unworthy
//notes:S-Tier. excellent double splash with amazing primary origin on best frame. Origin: Subjugation
dimwishlist:item=2226158470&perks=1840239774,3230963543,1431678320,3824105627,2173046394,4104185692,3215448563,1298135794
dimwishlist:item=2226158470&perks=1840239774,3230963543,3824105627,2173046394,4104185692,3215448563,1298135794
dimwishlist:item=2226158470&perks=3230963543,1431678320,3824105627,2173046394,4104185692,3215448563,1298135794
dimwishlist:item=2226158470&perks=1840239774,1431678320,3824105627,2173046394,4104185692,3215448563,1298135794
dimwishlist:item=2226158470&perks=1840239774,3230963543,1431678320,3824105627,2173046394,4104185692,3215448563
dimwishlist:item=2226158470&perks=3230963543,3824105627,2173046394,4104185692,3215448563,1298135794
dimwishlist:item=2226158470&perks=1840239774,3824105627,2173046394,4104185692,3215448563,1298135794
dimwishlist:item=2226158470&perks=1431678320,3824105627,2173046394,4104185692,3215448563,1298135794
dimwishlist:item=2226158470&perks=1840239774,3230963543,3824105627,2173046394,4104185692,3215448563
dimwishlist:item=2226158470&perks=3230963543,1431678320,3824105627,2173046394,4104185692,3215448563
dimwishlist:item=2226158470&perks=1840239774,1431678320,3824105627,2173046394,4104185692,3215448563
dimwishlist:item=2226158470&perks=3824105627,2173046394,4104185692,3215448563,1298135794
dimwishlist:item=2226158470&perks=3230963543,3824105627,2173046394,4104185692,3215448563
dimwishlist:item=2226158470&perks=1840239774,3824105627,2173046394,4104185692,3215448563
dimwishlist:item=2226158470&perks=1431678320,3824105627,2173046394,4104185692,3215448563
dimwishlist:item=2226158470&perks=3824105627,2173046394,4104185692,3215448563

// Voltaic Shade
//notes:S-Tier. decent double splash, solid archetype. Origin: Imperial Allegiance
dimwishlist:item=71057630&perks=1840239774,1946186791,1092016998,3966416502,247725512,3700496672,2173046394,657025441,4104185692,1164078247
dimwishlist:item=71057630&perks=1840239774,1946186791,3966416502,247725512,3700496672,2173046394,657025441,4104185692,1164078247
dimwishlist:item=71057630&perks=1946186791,1092016998,3966416502,247725512,3700496672,2173046394,657025441,4104185692,1164078247
dimwishlist:item=71057630&perks=1840239774,1092016998,3966416502,247725512,3700496672,2173046394,657025441,4104185692,1164078247
dimwishlist:item=71057630&perks=1840239774,1946186791,1092016998,3966416502,247725512,3700496672,2173046394,657025441,4104185692
dimwishlist:item=71057630&perks=1946186791,3966416502,247725512,3700496672,2173046394,657025441,4104185692,1164078247
dimwishlist:item=71057630&perks=1840239774,3966416502,247725512,3700496672,2173046394,657025441,4104185692,1164078247
dimwishlist:item=71057630&perks=1092016998,3966416502,247725512,3700496672,2173046394,657025441,4104185692,1164078247
dimwishlist:item=71057630&perks=1840239774,1946186791,3966416502,247725512,3700496672,2173046394,657025441,4104185692
dimwishlist:item=71057630&perks=1946186791,1092016998,3966416502,247725512,3700496672,2173046394,657025441,4104185692
dimwishlist:item=71057630&perks=1840239774,1092016998,3966416502,247725512,3700496672,2173046394,657025441,4104185692
dimwishlist:item=71057630&perks=3966416502,247725512,3700496672,2173046394,657025441,4104185692,1164078247
dimwishlist:item=71057630&perks=1946186791,3966416502,247725512,3700496672,2173046394,657025441,4104185692
dimwishlist:item=71057630&perks=1840239774,3966416502,247725512,3700496672,2173046394,657025441,4104185692
dimwishlist:item=71057630&perks=1092016998,3966416502,247725512,3700496672,2173046394,657025441,4104185692
dimwishlist:item=71057630&perks=3966416502,247725512,3700496672,2173046394,657025441,4104185692

// Aisha's Embrace
//notes:S-Tier. double splash with StL option, good frame just mid origin. Origin: Roar of Battle
dimwishlist:item=2638190703&perks=1840239774,3230963543,1431678320,3700496672
dimwishlist:item=2638190703&perks=1840239774,3230963543,3700496672
dimwishlist:item=2638190703&perks=3230963543,1431678320,3700496672
dimwishlist:item=2638190703&perks=1840239774,1431678320,3700496672
dimwishlist:item=2638190703&perks=3230963543,3700496672
dimwishlist:item=2638190703&perks=1840239774,3700496672
dimwishlist:item=2638190703&perks=1431678320,3700496672
dimwishlist:item=2638190703&perks=3700496672

// Aisha's Embrace
//notes:S-Tier. double splash with StL option, good frame just mid origin. Origin: Roar of Battle
dimwishlist:item=3709368142&perks=1840239774,3230963543,1431678320,1464081238,247725512,3700496672,2048641572,2109543898,1134488199,1673863459
dimwishlist:item=3709368142&perks=1840239774,3230963543,1464081238,247725512,3700496672,2048641572,2109543898,1134488199,1673863459
dimwishlist:item=3709368142&perks=3230963543,1431678320,1464081238,247725512,3700496672,2048641572,2109543898,1134488199,1673863459
dimwishlist:item=3709368142&perks=1840239774,1431678320,1464081238,247725512,3700496672,2048641572,2109543898,1134488199,1673863459
dimwishlist:item=3709368142&perks=1840239774,3230963543,1431678320,1464081238,247725512,3700496672,2048641572,2109543898,1134488199
dimwishlist:item=3709368142&perks=3230963543,1464081238,247725512,3700496672,2048641572,2109543898,1134488199,1673863459
dimwishlist:item=3709368142&perks=1840239774,1464081238,247725512,3700496672,2048641572,2109543898,1134488199,1673863459
dimwishlist:item=3709368142&perks=1431678320,1464081238,247725512,3700496672,2048641572,2109543898,1134488199,1673863459
dimwishlist:item=3709368142&perks=1840239774,3230963543,1464081238,247725512,3700496672,2048641572,2109543898,1134488199
dimwishlist:item=3709368142&perks=3230963543,1431678320,1464081238,247725512,3700496672,2048641572,2109543898,1134488199
dimwishlist:item=3709368142&perks=1840239774,1431678320,1464081238,247725512,3700496672,2048641572,2109543898,1134488199
dimwishlist:item=3709368142&perks=1464081238,247725512,3700496672,2048641572,2109543898,1134488199,1673863459
dimwishlist:item=3709368142&perks=3230963543,1464081238,247725512,3700496672,2048641572,2109543898,1134488199
dimwishlist:item=3709368142&perks=1840239774,1464081238,247725512,3700496672,2048641572,2109543898,1134488199
dimwishlist:item=3709368142&perks=1431678320,1464081238,247725512,3700496672,2048641572,2109543898,1134488199
dimwishlist:item=3709368142&perks=1464081238,247725512,3700496672,2048641572,2109543898,1134488199

// Aisha's Embrace
//notes:S-Tier. double splash with StL option, good frame just mid origin. Origin: Roar of Battle
dimwishlist:item=3245493570&perks=1840239774,3230963543,1431678320,3700496672
dimwishlist:item=3245493570&perks=1840239774,3230963543,3700496672
dimwishlist:item=3245493570&perks=3230963543,1431678320,3700496672
dimwishlist:item=3245493570&perks=1840239774,1431678320,3700496672
dimwishlist:item=3245493570&perks=3230963543,3700496672
dimwishlist:item=3245493570&perks=1840239774,3700496672
dimwishlist:item=3245493570&perks=1431678320,3700496672
dimwishlist:item=3245493570&perks=3700496672

// Trustee
//notes:S-Tier. Incandescent + Bray interaction, also solid otherwise. Origin: Bray Inheritance
dimwishlist:item=2850664015&perks=1840239774,3230963543,1431678320,247725512,4293542123
dimwishlist:item=2850664015&perks=1840239774,3230963543,247725512,4293542123
dimwishlist:item=2850664015&perks=3230963543,1431678320,247725512,4293542123
dimwishlist:item=2850664015&perks=1840239774,1431678320,247725512,4293542123
dimwishlist:item=2850664015&perks=3230963543,247725512,4293542123
dimwishlist:item=2850664015&perks=1840239774,247725512,4293542123
dimwishlist:item=2850664015&perks=1431678320,247725512,4293542123
dimwishlist:item=2850664015&perks=247725512,4293542123

// Trustee
//notes:S-Tier. Incandescent + Bray interaction, also solid otherwise. Origin: Bray Inheritance
dimwishlist:item=4077196130&perks=1840239774,3230963543,1431678320,247725512
dimwishlist:item=4077196130&perks=1840239774,3230963543,247725512
dimwishlist:item=4077196130&perks=3230963543,1431678320,247725512
dimwishlist:item=4077196130&perks=1840239774,1431678320,247725512
dimwishlist:item=4077196130&perks=3230963543,247725512
dimwishlist:item=4077196130&perks=1840239774,247725512
dimwishlist:item=4077196130&perks=1431678320,247725512
dimwishlist:item=4077196130&perks=247725512

// Trustee
//notes:S-Tier. Incandescent + Bray interaction, also solid otherwise. Origin: Bray Inheritance
dimwishlist:item=1392919471&perks=1840239774,3230963543,1431678320,247725512,1523832109,4293542123,766321425
dimwishlist:item=1392919471&perks=1840239774,3230963543,247725512,1523832109,4293542123,766321425
dimwishlist:item=1392919471&perks=3230963543,1431678320,247725512,1523832109,4293542123,766321425
dimwishlist:item=1392919471&perks=1840239774,1431678320,247725512,1523832109,4293542123,766321425
dimwishlist:item=1392919471&perks=1840239774,3230963543,1431678320,247725512,1523832109,4293542123
dimwishlist:item=1392919471&perks=3230963543,247725512,1523832109,4293542123,766321425
dimwishlist:item=1392919471&perks=1840239774,247725512,1523832109,4293542123,766321425
dimwishlist:item=1392919471&perks=1431678320,247725512,1523832109,4293542123,766321425
dimwishlist:item=1392919471&perks=1840239774,3230963543,247725512,1523832109,4293542123
dimwishlist:item=1392919471&perks=3230963543,1431678320,247725512,1523832109,4293542123
dimwishlist:item=1392919471&perks=1840239774,1431678320,247725512,1523832109,4293542123
dimwishlist:item=1392919471&perks=247725512,1523832109,4293542123,766321425
dimwishlist:item=1392919471&perks=3230963543,247725512,1523832109,4293542123
dimwishlist:item=1392919471&perks=1840239774,247725512,1523832109,4293542123
dimwishlist:item=1392919471&perks=1431678320,247725512,1523832109,4293542123
dimwishlist:item=1392919471&perks=247725512,1523832109,4293542123

// Vouchsafe
//notes:S-Tier. only Repulsor + Destab scout, decent frame. Origin: Advanced Reflexes
dimwishlist:item=3242168339&perks=1840239774,3230963543,1431678320,247725512,2848615171,3038247973
dimwishlist:item=3242168339&perks=1840239774,3230963543,247725512,2848615171,3038247973
dimwishlist:item=3242168339&perks=3230963543,1431678320,247725512,2848615171,3038247973
dimwishlist:item=3242168339&perks=1840239774,1431678320,247725512,2848615171,3038247973
dimwishlist:item=3242168339&perks=3230963543,247725512,2848615171,3038247973
dimwishlist:item=3242168339&perks=1840239774,247725512,2848615171,3038247973
dimwishlist:item=3242168339&perks=1431678320,247725512,2848615171,3038247973
dimwishlist:item=3242168339&perks=247725512,2848615171,3038247973

// Vouchsafe
//notes:S-Tier. only Repulsor + Destab scout, decent frame. Origin: Advanced Reflexes
dimwishlist:item=355922321&perks=1840239774,3230963543,1431678320,776531651,247725512,2048641572,2848615171,3038247973,930692523
dimwishlist:item=355922321&perks=1840239774,3230963543,776531651,247725512,2048641572,2848615171,3038247973,930692523
dimwishlist:item=355922321&perks=3230963543,1431678320,776531651,247725512,2048641572,2848615171,3038247973,930692523
dimwishlist:item=355922321&perks=1840239774,1431678320,776531651,247725512,2048641572,2848615171,3038247973,930692523
dimwishlist:item=355922321&perks=1840239774,3230963543,1431678320,776531651,247725512,2048641572,2848615171,3038247973
dimwishlist:item=355922321&perks=3230963543,776531651,247725512,2048641572,2848615171,3038247973,930692523
dimwishlist:item=355922321&perks=1840239774,776531651,247725512,2048641572,2848615171,3038247973,930692523
dimwishlist:item=355922321&perks=1431678320,776531651,247725512,2048641572,2848615171,3038247973,930692523
dimwishlist:item=355922321&perks=1840239774,3230963543,776531651,247725512,2048641572,2848615171,3038247973
dimwishlist:item=355922321&perks=3230963543,1431678320,776531651,247725512,2048641572,2848615171,3038247973
dimwishlist:item=355922321&perks=1840239774,1431678320,776531651,247725512,2048641572,2848615171,3038247973
dimwishlist:item=355922321&perks=776531651,247725512,2048641572,2848615171,3038247973,930692523
dimwishlist:item=355922321&perks=3230963543,776531651,247725512,2048641572,2848615171,3038247973
dimwishlist:item=355922321&perks=1840239774,776531651,247725512,2048641572,2848615171,3038247973
dimwishlist:item=355922321&perks=1431678320,776531651,247725512,2048641572,2848615171,3038247973
dimwishlist:item=355922321&perks=776531651,247725512,2048641572,2848615171,3038247973

// Forced Memorializer
//notes:A-Tier. untested perk combo, likely quite good, unfortunate frame. Origin: Problem Solver
dimwishlist:item=1197073834&perks=1840239774,3230963543,1431678320,2289534249,3038247973,247725512,1202584452,3891536761,3454102905
dimwishlist:item=1197073834&perks=1840239774,3230963543,2289534249,3038247973,247725512,1202584452,3891536761,3454102905
dimwishlist:item=1197073834&perks=3230963543,1431678320,2289534249,3038247973,247725512,1202584452,3891536761,3454102905
dimwishlist:item=1197073834&perks=1840239774,1431678320,2289534249,3038247973,247725512,1202584452,3891536761,3454102905
dimwishlist:item=1197073834&perks=1840239774,3230963543,1431678320,2289534249,3038247973,247725512,1202584452,3891536761
dimwishlist:item=1197073834&perks=3230963543,2289534249,3038247973,247725512,1202584452,3891536761,3454102905
dimwishlist:item=1197073834&perks=1840239774,2289534249,3038247973,247725512,1202584452,3891536761,3454102905
dimwishlist:item=1197073834&perks=1431678320,2289534249,3038247973,247725512,1202584452,3891536761,3454102905
dimwishlist:item=1197073834&perks=1840239774,3230963543,2289534249,3038247973,247725512,1202584452,3891536761
dimwishlist:item=1197073834&perks=3230963543,1431678320,2289534249,3038247973,247725512,1202584452,3891536761
dimwishlist:item=1197073834&perks=1840239774,1431678320,2289534249,3038247973,247725512,1202584452,3891536761
dimwishlist:item=1197073834&perks=2289534249,3038247973,247725512,1202584452,3891536761,3454102905
dimwishlist:item=1197073834&perks=3230963543,2289534249,3038247973,247725512,1202584452,3891536761
dimwishlist:item=1197073834&perks=1840239774,2289534249,3038247973,247725512,1202584452,3891536761
dimwishlist:item=1197073834&perks=1431678320,2289534249,3038247973,247725512,1202584452,3891536761
dimwishlist:item=1197073834&perks=2289534249,3038247973,247725512,1202584452,3891536761

// Hung Jury SR4
//notes:A-Tier. double splash with good perk diversity on mid frame, StL + EP option. Origin: Indomitability
dimwishlist:item=2883684343&perks=1840239774,3230963543,1431678320,3891536761,3700496672,3824105627
dimwishlist:item=2883684343&perks=1840239774,3230963543,3891536761,3700496672,3824105627
dimwishlist:item=2883684343&perks=3230963543,1431678320,3891536761,3700496672,3824105627
dimwishlist:item=2883684343&perks=1840239774,1431678320,3891536761,3700496672,3824105627
dimwishlist:item=2883684343&perks=3230963543,3891536761,3700496672,3824105627
dimwishlist:item=2883684343&perks=1840239774,3891536761,3700496672,3824105627
dimwishlist:item=2883684343&perks=1431678320,3891536761,3700496672,3824105627
dimwishlist:item=2883684343&perks=3891536761,3700496672,3824105627

// Hung Jury SR4
//notes:A-Tier. double splash with good perk diversity on mid frame, StL + EP option. Origin: Indomitability
dimwishlist:item=4074251943&perks=1840239774,3230963543,1431678320,3700496672,3824105627,3038247973
dimwishlist:item=4074251943&perks=1840239774,3230963543,3700496672,3824105627,3038247973
dimwishlist:item=4074251943&perks=3230963543,1431678320,3700496672,3824105627,3038247973
dimwishlist:item=4074251943&perks=1840239774,1431678320,3700496672,3824105627,3038247973
dimwishlist:item=4074251943&perks=3230963543,3700496672,3824105627,3038247973
dimwishlist:item=4074251943&perks=1840239774,3700496672,3824105627,3038247973
dimwishlist:item=4074251943&perks=1431678320,3700496672,3824105627,3038247973
dimwishlist:item=4074251943&perks=3700496672,3824105627,3038247973

// Hung Jury SR4
//notes:A-Tier. double splash with good perk diversity on mid frame, StL + EP option. Origin: Indomitability
dimwishlist:item=681067419&perks=1840239774,3230963543,1431678320,3824105627,3038247973,4049631843
dimwishlist:item=681067419&perks=1840239774,3230963543,3824105627,3038247973,4049631843
dimwishlist:item=681067419&perks=3230963543,1431678320,3824105627,3038247973,4049631843
dimwishlist:item=681067419&perks=1840239774,1431678320,3824105627,3038247973,4049631843
dimwishlist:item=681067419&perks=3230963543,3824105627,3038247973,4049631843
dimwishlist:item=681067419&perks=1840239774,3824105627,3038247973,4049631843
dimwishlist:item=681067419&perks=1431678320,3824105627,3038247973,4049631843
dimwishlist:item=681067419&perks=3824105627,3038247973,4049631843

// Hung Jury SR4
//notes:A-Tier. double splash with good perk diversity on mid frame, StL + EP option. Origin: Indomitability
dimwishlist:item=3832743906&perks=1840239774,3230963543,1431678320,3891536761,3700496672,3824105627
dimwishlist:item=3832743906&perks=1840239774,3230963543,3891536761,3700496672,3824105627
dimwishlist:item=3832743906&perks=3230963543,1431678320,3891536761,3700496672,3824105627
dimwishlist:item=3832743906&perks=1840239774,1431678320,3891536761,3700496672,3824105627
dimwishlist:item=3832743906&perks=3230963543,3891536761,3700496672,3824105627
dimwishlist:item=3832743906&perks=1840239774,3891536761,3700496672,3824105627
dimwishlist:item=3832743906&perks=1431678320,3891536761,3700496672,3824105627
dimwishlist:item=3832743906&perks=3891536761,3700496672,3824105627

// Hung Jury SR4
//notes:A-Tier. double splash with good perk diversity on mid frame, StL + EP option. Origin: Indomitability
dimwishlist:item=4281371574&perks=1840239774,3230963543,1431678320,3824105627,3038247973,4049631843
dimwishlist:item=4281371574&perks=1840239774,3230963543,3824105627,3038247973,4049631843
dimwishlist:item=4281371574&perks=3230963543,1431678320,3824105627,3038247973,4049631843
dimwishlist:item=4281371574&perks=1840239774,1431678320,3824105627,3038247973,4049631843
dimwishlist:item=4281371574&perks=3230963543,3824105627,3038247973,4049631843
dimwishlist:item=4281371574&perks=1840239774,3824105627,3038247973,4049631843
dimwishlist:item=4281371574&perks=1431678320,3824105627,3038247973,4049631843
dimwishlist:item=4281371574&perks=3824105627,3038247973,4049631843

// Hung Jury SR4
//notes:A-Tier. double splash with good perk diversity on mid frame, StL + EP option. Origin: Indomitability
dimwishlist:item=205225492&perks=1840239774,3230963543,1431678320,3891536761,3700496672,3828510309,3824105627,3038247973,4049631843,2489430594
dimwishlist:item=205225492&perks=1840239774,3230963543,3891536761,3700496672,3828510309,3824105627,3038247973,4049631843,2489430594
dimwishlist:item=205225492&perks=3230963543,1431678320,3891536761,3700496672,3828510309,3824105627,3038247973,4049631843,2489430594
dimwishlist:item=205225492&perks=1840239774,1431678320,3891536761,3700496672,3828510309,3824105627,3038247973,4049631843,2489430594
dimwishlist:item=205225492&perks=1840239774,3230963543,1431678320,3891536761,3700496672,3828510309,3824105627,3038247973,4049631843
dimwishlist:item=205225492&perks=3230963543,3891536761,3700496672,3828510309,3824105627,3038247973,4049631843,2489430594
dimwishlist:item=205225492&perks=1840239774,3891536761,3700496672,3828510309,3824105627,3038247973,4049631843,2489430594
dimwishlist:item=205225492&perks=1431678320,3891536761,3700496672,3828510309,3824105627,3038247973,4049631843,2489430594
dimwishlist:item=205225492&perks=1840239774,3230963543,3891536761,3700496672,3828510309,3824105627,3038247973,4049631843
dimwishlist:item=205225492&perks=3230963543,1431678320,3891536761,3700496672,3828510309,3824105627,3038247973,4049631843
dimwishlist:item=205225492&perks=1840239774,1431678320,3891536761,3700496672,3828510309,3824105627,3038247973,4049631843
dimwishlist:item=205225492&perks=3891536761,3700496672,3828510309,3824105627,3038247973,4049631843,2489430594
dimwishlist:item=205225492&perks=3230963543,3891536761,3700496672,3828510309,3824105627,3038247973,4049631843
dimwishlist:item=205225492&perks=1840239774,3891536761,3700496672,3828510309,3824105627,3038247973,4049631843
dimwishlist:item=205225492&perks=1431678320,3891536761,3700496672,3828510309,3824105627,3038247973,4049631843
dimwishlist:item=205225492&perks=3891536761,3700496672,3828510309,3824105627,3038247973,4049631843

// Hung Jury SR4
//notes:A-Tier. double splash with good perk diversity on mid frame, StL + EP option. Origin: Indomitability
dimwishlist:item=772231794&perks=1840239774,3230963543,1431678320,3700496672,3824105627,3038247973
dimwishlist:item=772231794&perks=1840239774,3230963543,3700496672,3824105627,3038247973
dimwishlist:item=772231794&perks=3230963543,1431678320,3700496672,3824105627,3038247973
dimwishlist:item=772231794&perks=1840239774,1431678320,3700496672,3824105627,3038247973
dimwishlist:item=772231794&perks=3230963543,3700496672,3824105627,3038247973
dimwishlist:item=772231794&perks=1840239774,3700496672,3824105627,3038247973
dimwishlist:item=772231794&perks=1431678320,3700496672,3824105627,3038247973
dimwishlist:item=772231794&perks=3700496672,3824105627,3038247973

// Hung Jury SR4
//notes:A-Tier. double splash with good perk diversity on mid frame, StL + EP option. Origin: Indomitability
dimwishlist:item=1453235079&perks=1840239774,3230963543,1431678320,3891536761,3700496672,3828510309,3824105627,3038247973,4049631843,2489430594
dimwishlist:item=1453235079&perks=1840239774,3230963543,3891536761,3700496672,3828510309,3824105627,3038247973,4049631843,2489430594
dimwishlist:item=1453235079&perks=3230963543,1431678320,3891536761,3700496672,3828510309,3824105627,3038247973,4049631843,2489430594
dimwishlist:item=1453235079&perks=1840239774,1431678320,3891536761,3700496672,3828510309,3824105627,3038247973,4049631843,2489430594
dimwishlist:item=1453235079&perks=1840239774,3230963543,1431678320,3891536761,3700496672,3828510309,3824105627,3038247973,4049631843
dimwishlist:item=1453235079&perks=3230963543,3891536761,3700496672,3828510309,3824105627,3038247973,4049631843,2489430594
dimwishlist:item=1453235079&perks=1840239774,3891536761,3700496672,3828510309,3824105627,3038247973,4049631843,2489430594
dimwishlist:item=1453235079&perks=1431678320,3891536761,3700496672,3828510309,3824105627,3038247973,4049631843,2489430594
dimwishlist:item=1453235079&perks=1840239774,3230963543,3891536761,3700496672,3828510309,3824105627,3038247973,4049631843
dimwishlist:item=1453235079&perks=3230963543,1431678320,3891536761,3700496672,3828510309,3824105627,3038247973,4049631843
dimwishlist:item=1453235079&perks=1840239774,1431678320,3891536761,3700496672,3828510309,3824105627,3038247973,4049631843
dimwishlist:item=1453235079&perks=3891536761,3700496672,3828510309,3824105627,3038247973,4049631843,2489430594
dimwishlist:item=1453235079&perks=3230963543,3891536761,3700496672,3828510309,3824105627,3038247973,4049631843
dimwishlist:item=1453235079&perks=1840239774,3891536761,3700496672,3828510309,3824105627,3038247973,4049631843
dimwishlist:item=1453235079&perks=1431678320,3891536761,3700496672,3828510309,3824105627,3038247973,4049631843
dimwishlist:item=1453235079&perks=3891536761,3700496672,3828510309,3824105627,3038247973,4049631843

// Vision of Confluence
//notes:A-Tier. double splash with good perk diversity on mid frame. Origin: Timelost Magazine
dimwishlist:item=3186018373&perks=1840239774,3230963543,1431678320,3418782618,3824105627,4104185692
dimwishlist:item=3186018373&perks=1840239774,3230963543,3418782618,3824105627,4104185692
dimwishlist:item=3186018373&perks=3230963543,1431678320,3418782618,3824105627,4104185692
dimwishlist:item=3186018373&perks=1840239774,1431678320,3418782618,3824105627,4104185692
dimwishlist:item=3186018373&perks=3230963543,3418782618,3824105627,4104185692
dimwishlist:item=3186018373&perks=1840239774,3418782618,3824105627,4104185692
dimwishlist:item=3186018373&perks=1431678320,3418782618,3824105627,4104185692
dimwishlist:item=3186018373&perks=3418782618,3824105627,4104185692

// Vision of Confluence
//notes:A-Tier. double splash with good perk diversity on mid frame. Origin: Timelost Magazine
dimwishlist:item=3444688218&perks=1840239774,3230963543,1431678320,4293542123,3017780555,3418782618,3824105627,3038247973,4104185692,2589407652
dimwishlist:item=3444688218&perks=1840239774,3230963543,4293542123,3017780555,3418782618,3824105627,3038247973,4104185692,2589407652
dimwishlist:item=3444688218&perks=3230963543,1431678320,4293542123,3017780555,3418782618,3824105627,3038247973,4104185692,2589407652
dimwishlist:item=3444688218&perks=1840239774,1431678320,4293542123,3017780555,3418782618,3824105627,3038247973,4104185692,2589407652
dimwishlist:item=3444688218&perks=1840239774,3230963543,1431678320,4293542123,3017780555,3418782618,3824105627,3038247973,4104185692
dimwishlist:item=3444688218&perks=3230963543,4293542123,3017780555,3418782618,3824105627,3038247973,4104185692,2589407652
dimwishlist:item=3444688218&perks=1840239774,4293542123,3017780555,3418782618,3824105627,3038247973,4104185692,2589407652
dimwishlist:item=3444688218&perks=1431678320,4293542123,3017780555,3418782618,3824105627,3038247973,4104185692,2589407652
dimwishlist:item=3444688218&perks=1840239774,3230963543,4293542123,3017780555,3418782618,3824105627,3038247973,4104185692
dimwishlist:item=3444688218&perks=3230963543,1431678320,4293542123,3017780555,3418782618,3824105627,3038247973,4104185692
dimwishlist:item=3444688218&perks=1840239774,1431678320,4293542123,3017780555,3418782618,3824105627,3038247973,4104185692
dimwishlist:item=3444688218&perks=4293542123,3017780555,3418782618,3824105627,3038247973,4104185692,2589407652
dimwishlist:item=3444688218&perks=3230963543,4293542123,3017780555,3418782618,3824105627,3038247973,4104185692
dimwishlist:item=3444688218&perks=1840239774,4293542123,3017780555,3418782618,3824105627,3038247973,4104185692
dimwishlist:item=3444688218&perks=1431678320,4293542123,3017780555,3418782618,3824105627,3038247973,4104185692
dimwishlist:item=3444688218&perks=4293542123,3017780555,3418782618,3824105627,3038247973,4104185692

// Vision of Confluence
//notes:A-Tier. double splash with good perk diversity on mid frame. Origin: Timelost Magazine
dimwishlist:item=337578911&perks=1840239774,3230963543,1431678320,4293542123,3017780555,3418782618,3824105627,3038247973,4104185692,2589407652
dimwishlist:item=337578911&perks=1840239774,3230963543,4293542123,3017780555,3418782618,3824105627,3038247973,4104185692,2589407652
dimwishlist:item=337578911&perks=3230963543,1431678320,4293542123,3017780555,3418782618,3824105627,3038247973,4104185692,2589407652
dimwishlist:item=337578911&perks=1840239774,1431678320,4293542123,3017780555,3418782618,3824105627,3038247973,4104185692,2589407652
dimwishlist:item=337578911&perks=1840239774,3230963543,1431678320,4293542123,3017780555,3418782618,3824105627,3038247973,4104185692
dimwishlist:item=337578911&perks=3230963543,4293542123,3017780555,3418782618,3824105627,3038247973,4104185692,2589407652
dimwishlist:item=337578911&perks=1840239774,4293542123,3017780555,3418782618,3824105627,3038247973,4104185692,2589407652
dimwishlist:item=337578911&perks=1431678320,4293542123,3017780555,3418782618,3824105627,3038247973,4104185692,2589407652
dimwishlist:item=337578911&perks=1840239774,3230963543,4293542123,3017780555,3418782618,3824105627,3038247973,4104185692
dimwishlist:item=337578911&perks=3230963543,1431678320,4293542123,3017780555,3418782618,3824105627,3038247973,4104185692
dimwishlist:item=337578911&perks=1840239774,1431678320,4293542123,3017780555,3418782618,3824105627,3038247973,4104185692
dimwishlist:item=337578911&perks=4293542123,3017780555,3418782618,3824105627,3038247973,4104185692,2589407652
dimwishlist:item=337578911&perks=3230963543,4293542123,3017780555,3418782618,3824105627,3038247973,4104185692
dimwishlist:item=337578911&perks=1840239774,4293542123,3017780555,3418782618,3824105627,3038247973,4104185692
dimwishlist:item=337578911&perks=1431678320,4293542123,3017780555,3418782618,3824105627,3038247973,4104185692
dimwishlist:item=337578911&perks=4293542123,3017780555,3418782618,3824105627,3038247973,4104185692

// Vision of Confluence
//notes:A-Tier. double splash with good perk diversity on mid frame. Origin: Timelost Magazine
dimwishlist:item=690668916&perks=1840239774,3230963543,1431678320,3418782618,3824105627,4104185692
dimwishlist:item=690668916&perks=1840239774,3230963543,3418782618,3824105627,4104185692
dimwishlist:item=690668916&perks=3230963543,1431678320,3418782618,3824105627,4104185692
dimwishlist:item=690668916&perks=1840239774,1431678320,3418782618,3824105627,4104185692
dimwishlist:item=690668916&perks=3230963543,3418782618,3824105627,4104185692
dimwishlist:item=690668916&perks=1840239774,3418782618,3824105627,4104185692
dimwishlist:item=690668916&perks=1431678320,3418782618,3824105627,4104185692
dimwishlist:item=690668916&perks=3418782618,3824105627,4104185692

// Randy's Throwing Knife
//notes:A-Tier. good reload perk + KT on good frame, mid origin. Origin: One Quiet Moment
dimwishlist:item=3292795429&perks=1840239774,3230963543,1431678320,247725512,3978468247,3891536761,4091460919
dimwishlist:item=3292795429&perks=1840239774,3230963543,247725512,3978468247,3891536761,4091460919
dimwishlist:item=3292795429&perks=3230963543,1431678320,247725512,3978468247,3891536761,4091460919
dimwishlist:item=3292795429&perks=1840239774,1431678320,247725512,3978468247,3891536761,4091460919
dimwishlist:item=3292795429&perks=1840239774,3230963543,1431678320,247725512,3978468247,3891536761
dimwishlist:item=3292795429&perks=3230963543,247725512,3978468247,3891536761,4091460919
dimwishlist:item=3292795429&perks=1840239774,247725512,3978468247,3891536761,4091460919
dimwishlist:item=3292795429&perks=1431678320,247725512,3978468247,3891536761,4091460919
dimwishlist:item=3292795429&perks=1840239774,3230963543,247725512,3978468247,3891536761
dimwishlist:item=3292795429&perks=3230963543,1431678320,247725512,3978468247,3891536761
dimwishlist:item=3292795429&perks=1840239774,1431678320,247725512,3978468247,3891536761
dimwishlist:item=3292795429&perks=247725512,3978468247,3891536761,4091460919
dimwishlist:item=3292795429&perks=3230963543,247725512,3978468247,3891536761
dimwishlist:item=3292795429&perks=1840239774,247725512,3978468247,3891536761
dimwishlist:item=3292795429&perks=1431678320,247725512,3978468247,3891536761
dimwishlist:item=3292795429&perks=247725512,3978468247,3891536761

// Randy's Throwing Knife
//notes:A-Tier. good reload perk + KT on good frame, mid origin. Origin: One Quiet Moment
dimwishlist:item=3535742959&perks=1840239774,247725512
dimwishlist:item=3535742959&perks=247725512

// Patron of Lost Causes
//notes:A-Tier. good reload perk + KT on decent frame, odd origin given weapon range. Origin: Cast No Shadows
dimwishlist:item=2249996761&perks=1840239774,3230963543,1431678320,247725512,880644845,3891536761,3038247973,2838996248
dimwishlist:item=2249996761&perks=1840239774,3230963543,247725512,880644845,3891536761,3038247973,2838996248
dimwishlist:item=2249996761&perks=3230963543,1431678320,247725512,880644845,3891536761,3038247973,2838996248
dimwishlist:item=2249996761&perks=1840239774,1431678320,247725512,880644845,3891536761,3038247973,2838996248
dimwishlist:item=2249996761&perks=1840239774,3230963543,1431678320,247725512,880644845,3891536761,3038247973
dimwishlist:item=2249996761&perks=3230963543,247725512,880644845,3891536761,3038247973,2838996248
dimwishlist:item=2249996761&perks=1840239774,247725512,880644845,3891536761,3038247973,2838996248
dimwishlist:item=2249996761&perks=1431678320,247725512,880644845,3891536761,3038247973,2838996248
dimwishlist:item=2249996761&perks=1840239774,3230963543,247725512,880644845,3891536761,3038247973
dimwishlist:item=2249996761&perks=3230963543,1431678320,247725512,880644845,3891536761,3038247973
dimwishlist:item=2249996761&perks=1840239774,1431678320,247725512,880644845,3891536761,3038247973
dimwishlist:item=2249996761&perks=247725512,880644845,3891536761,3038247973,2838996248
dimwishlist:item=2249996761&perks=3230963543,247725512,880644845,3891536761,3038247973
dimwishlist:item=2249996761&perks=1840239774,247725512,880644845,3891536761,3038247973
dimwishlist:item=2249996761&perks=1431678320,247725512,880644845,3891536761,3038247973
dimwishlist:item=2249996761&perks=247725512,880644845,3891536761,3038247973

// Patron of Lost Causes
//notes:A-Tier. good reload perk + KT on decent frame, odd origin given weapon range. Origin: Cast No Shadows
dimwishlist:item=2723241847&perks=1840239774,3230963543,1431678320,247725512,3038247973
dimwishlist:item=2723241847&perks=1840239774,3230963543,247725512,3038247973
dimwishlist:item=2723241847&perks=3230963543,1431678320,247725512,3038247973
dimwishlist:item=2723241847&perks=1840239774,1431678320,247725512,3038247973
dimwishlist:item=2723241847&perks=3230963543,247725512,3038247973
dimwishlist:item=2723241847&perks=1840239774,247725512,3038247973
dimwishlist:item=2723241847&perks=1431678320,247725512,3038247973
dimwishlist:item=2723241847&perks=247725512,3038247973

// Nature Reclaimed
//notes:A-Tier. classic Heal Clip + Incandescent combo on decent frame and origin. Origin: Skulking Wolf
dimwishlist:item=2639921391&perks=1840239774,3230963543,1431678320,3017780555,247725512,3700496672,4293542123,3038247973,3989629871
dimwishlist:item=2639921391&perks=1840239774,3230963543,3017780555,247725512,3700496672,4293542123,3038247973,3989629871
dimwishlist:item=2639921391&perks=3230963543,1431678320,3017780555,247725512,3700496672,4293542123,3038247973,3989629871
dimwishlist:item=2639921391&perks=1840239774,1431678320,3017780555,247725512,3700496672,4293542123,3038247973,3989629871
dimwishlist:item=2639921391&perks=1840239774,3230963543,1431678320,3017780555,247725512,3700496672,4293542123,3038247973
dimwishlist:item=2639921391&perks=3230963543,3017780555,247725512,3700496672,4293542123,3038247973,3989629871
dimwishlist:item=2639921391&perks=1840239774,3017780555,247725512,3700496672,4293542123,3038247973,3989629871
dimwishlist:item=2639921391&perks=1431678320,3017780555,247725512,3700496672,4293542123,3038247973,3989629871
dimwishlist:item=2639921391&perks=1840239774,3230963543,3017780555,247725512,3700496672,4293542123,3038247973
dimwishlist:item=2639921391&perks=3230963543,1431678320,3017780555,247725512,3700496672,4293542123,3038247973
dimwishlist:item=2639921391&perks=1840239774,1431678320,3017780555,247725512,3700496672,4293542123,3038247973
dimwishlist:item=2639921391&perks=3017780555,247725512,3700496672,4293542123,3038247973,3989629871
dimwishlist:item=2639921391&perks=3230963543,3017780555,247725512,3700496672,4293542123,3038247973
dimwishlist:item=2639921391&perks=1840239774,3017780555,247725512,3700496672,4293542123,3038247973
dimwishlist:item=2639921391&perks=1431678320,3017780555,247725512,3700496672,4293542123,3038247973
dimwishlist:item=2639921391&perks=3017780555,247725512,3700496672,4293542123,3038247973

// Tarnished Mettle
//notes:A-Tier. good reload perk + Voltshot on decent frame. Origin: Right Hook
dimwishlist:item=2218569744&perks=1840239774,3230963543,1431678320,247725512,3700496672,3523296417,2173046394,3038247973,3907865655
dimwishlist:item=2218569744&perks=1840239774,3230963543,247725512,3700496672,3523296417,2173046394,3038247973,3907865655
dimwishlist:item=2218569744&perks=3230963543,1431678320,247725512,3700496672,3523296417,2173046394,3038247973,3907865655
dimwishlist:item=2218569744&perks=1840239774,1431678320,247725512,3700496672,3523296417,2173046394,3038247973,3907865655
dimwishlist:item=2218569744&perks=1840239774,3230963543,1431678320,247725512,3700496672,3523296417,2173046394,3038247973
dimwishlist:item=2218569744&perks=3230963543,247725512,3700496672,3523296417,2173046394,3038247973,3907865655
dimwishlist:item=2218569744&perks=1840239774,247725512,3700496672,3523296417,2173046394,3038247973,3907865655
dimwishlist:item=2218569744&perks=1431678320,247725512,3700496672,3523296417,2173046394,3038247973,3907865655
dimwishlist:item=2218569744&perks=1840239774,3230963543,247725512,3700496672,3523296417,2173046394,3038247973
dimwishlist:item=2218569744&perks=3230963543,1431678320,247725512,3700496672,3523296417,2173046394,3038247973
dimwishlist:item=2218569744&perks=1840239774,1431678320,247725512,3700496672,3523296417,2173046394,3038247973
dimwishlist:item=2218569744&perks=247725512,3700496672,3523296417,2173046394,3038247973,3907865655
dimwishlist:item=2218569744&perks=3230963543,247725512,3700496672,3523296417,2173046394,3038247973
dimwishlist:item=2218569744&perks=1840239774,247725512,3700496672,3523296417,2173046394,3038247973
dimwishlist:item=2218569744&perks=1431678320,247725512,3700496672,3523296417,2173046394,3038247973
dimwishlist:item=2218569744&perks=247725512,3700496672,3523296417,2173046394,3038247973

// Doom of Chelchis
//notes:A-Tier. double splash/damage options on mid frame, okay origin. Origin: Runneth Over
dimwishlist:item=1184692845&perks=1840239774,3230963543,1431678320,3824105627,3038247973,4104185692,4049631843,2848615171,120721526
dimwishlist:item=1184692845&perks=1840239774,3230963543,3824105627,3038247973,4104185692,4049631843,2848615171,120721526
dimwishlist:item=1184692845&perks=3230963543,1431678320,3824105627,3038247973,4104185692,4049631843,2848615171,120721526
dimwishlist:item=1184692845&perks=1840239774,1431678320,3824105627,3038247973,4104185692,4049631843,2848615171,120721526
dimwishlist:item=1184692845&perks=1840239774,3230963543,1431678320,3824105627,3038247973,4104185692,4049631843,2848615171
dimwishlist:item=1184692845&perks=3230963543,3824105627,3038247973,4104185692,4049631843,2848615171,120721526
dimwishlist:item=1184692845&perks=1840239774,3824105627,3038247973,4104185692,4049631843,2848615171,120721526
dimwishlist:item=1184692845&perks=1431678320,3824105627,3038247973,4104185692,4049631843,2848615171,120721526
dimwishlist:item=1184692845&perks=1840239774,3230963543,3824105627,3038247973,4104185692,4049631843,2848615171
dimwishlist:item=1184692845&perks=3230963543,1431678320,3824105627,3038247973,4104185692,4049631843,2848615171
dimwishlist:item=1184692845&perks=1840239774,1431678320,3824105627,3038247973,4104185692,4049631843,2848615171
dimwishlist:item=1184692845&perks=3824105627,3038247973,4104185692,4049631843,2848615171,120721526
dimwishlist:item=1184692845&perks=3230963543,3824105627,3038247973,4104185692,4049631843,2848615171
dimwishlist:item=1184692845&perks=1840239774,3824105627,3038247973,4104185692,4049631843,2848615171
dimwishlist:item=1184692845&perks=1431678320,3824105627,3038247973,4104185692,4049631843,2848615171
dimwishlist:item=1184692845&perks=3824105627,3038247973,4104185692,4049631843,2848615171

// Doom of Chelchis
//notes:A-Tier. double splash/damage options on mid frame, okay origin. Origin: Runneth Over
dimwishlist:item=1937552980&perks=1840239774,3230963543,1431678320,3824105627,3038247973,4104185692,4049631843,2848615171,120721526
dimwishlist:item=1937552980&perks=1840239774,3230963543,3824105627,3038247973,4104185692,4049631843,2848615171,120721526
dimwishlist:item=1937552980&perks=3230963543,1431678320,3824105627,3038247973,4104185692,4049631843,2848615171,120721526
dimwishlist:item=1937552980&perks=1840239774,1431678320,3824105627,3038247973,4104185692,4049631843,2848615171,120721526
dimwishlist:item=1937552980&perks=1840239774,3230963543,1431678320,3824105627,3038247973,4104185692,4049631843,2848615171
dimwishlist:item=1937552980&perks=3230963543,3824105627,3038247973,4104185692,4049631843,2848615171,120721526
dimwishlist:item=1937552980&perks=1840239774,3824105627,3038247973,4104185692,4049631843,2848615171,120721526
dimwishlist:item=1937552980&perks=1431678320,3824105627,3038247973,4104185692,4049631843,2848615171,120721526
dimwishlist:item=1937552980&perks=1840239774,3230963543,3824105627,3038247973,4104185692,4049631843,2848615171
dimwishlist:item=1937552980&perks=3230963543,1431678320,3824105627,3038247973,4104185692,4049631843,2848615171
dimwishlist:item=1937552980&perks=1840239774,1431678320,3824105627,3038247973,4104185692,4049631843,2848615171
dimwishlist:item=1937552980&perks=3824105627,3038247973,4104185692,4049631843,2848615171,120721526
dimwishlist:item=1937552980&perks=3230963543,3824105627,3038247973,4104185692,4049631843,2848615171
dimwishlist:item=1937552980&perks=1840239774,3824105627,3038247973,4104185692,4049631843,2848615171
dimwishlist:item=1937552980&perks=1431678320,3824105627,3038247973,4104185692,4049631843,2848615171
dimwishlist:item=1937552980&perks=3824105627,3038247973,4104185692,4049631843,2848615171

// Evening SI4
//notes:S-Tier. very similar to Drang, just different frame (preference). Origin: Accelerated Assault
dimwishlist:item=3618823368&perks=1840239774,839105230,3230963543,1431678320,3017780555,2360347339,4293542123,2890807135,2109543898,3713579091
dimwishlist:item=3618823368&perks=1840239774,3230963543,1431678320,3017780555,2360347339,4293542123,2890807135,2109543898,3713579091
dimwishlist:item=3618823368&perks=1840239774,839105230,3230963543,3017780555,2360347339,4293542123,2890807135,2109543898,3713579091
dimwishlist:item=3618823368&perks=839105230,3230963543,1431678320,3017780555,2360347339,4293542123,2890807135,2109543898,3713579091
dimwishlist:item=3618823368&perks=1840239774,839105230,1431678320,3017780555,2360347339,4293542123,2890807135,2109543898,3713579091
dimwishlist:item=3618823368&perks=1840239774,839105230,3230963543,1431678320,3017780555,2360347339,4293542123,2890807135,2109543898
dimwishlist:item=3618823368&perks=1840239774,3230963543,3017780555,2360347339,4293542123,2890807135,2109543898,3713579091
dimwishlist:item=3618823368&perks=3230963543,1431678320,3017780555,2360347339,4293542123,2890807135,2109543898,3713579091
dimwishlist:item=3618823368&perks=1840239774,1431678320,3017780555,2360347339,4293542123,2890807135,2109543898,3713579091
dimwishlist:item=3618823368&perks=839105230,3230963543,3017780555,2360347339,4293542123,2890807135,2109543898,3713579091
dimwishlist:item=3618823368&perks=1840239774,839105230,3017780555,2360347339,4293542123,2890807135,2109543898,3713579091
dimwishlist:item=3618823368&perks=839105230,1431678320,3017780555,2360347339,4293542123,2890807135,2109543898,3713579091
dimwishlist:item=3618823368&perks=1840239774,3230963543,1431678320,3017780555,2360347339,4293542123,2890807135,2109543898
dimwishlist:item=3618823368&perks=1840239774,839105230,3230963543,3017780555,2360347339,4293542123,2890807135,2109543898
dimwishlist:item=3618823368&perks=839105230,3230963543,1431678320,3017780555,2360347339,4293542123,2890807135,2109543898
dimwishlist:item=3618823368&perks=1840239774,839105230,1431678320,3017780555,2360347339,4293542123,2890807135,2109543898
dimwishlist:item=3618823368&perks=3230963543,3017780555,2360347339,4293542123,2890807135,2109543898,3713579091
dimwishlist:item=3618823368&perks=1840239774,3017780555,2360347339,4293542123,2890807135,2109543898,3713579091
dimwishlist:item=3618823368&perks=1431678320,3017780555,2360347339,4293542123,2890807135,2109543898,3713579091
dimwishlist:item=3618823368&perks=839105230,3017780555,2360347339,4293542123,2890807135,2109543898,3713579091
dimwishlist:item=3618823368&perks=1840239774,3230963543,3017780555,2360347339,4293542123,2890807135,2109543898
dimwishlist:item=3618823368&perks=3230963543,1431678320,3017780555,2360347339,4293542123,2890807135,2109543898
dimwishlist:item=3618823368&perks=1840239774,1431678320,3017780555,2360347339,4293542123,2890807135,2109543898
dimwishlist:item=3618823368&perks=839105230,3230963543,3017780555,2360347339,4293542123,2890807135,2109543898
dimwishlist:item=3618823368&perks=1840239774,839105230,3017780555,2360347339,4293542123,2890807135,2109543898
dimwishlist:item=3618823368&perks=839105230,1431678320,3017780555,2360347339,4293542123,2890807135,2109543898
dimwishlist:item=3618823368&perks=3017780555,2360347339,4293542123,2890807135,2109543898,3713579091
dimwishlist:item=3618823368&perks=3230963543,3017780555,2360347339,4293542123,2890807135,2109543898
dimwishlist:item=3618823368&perks=1840239774,3017780555,2360347339,4293542123,2890807135,2109543898
dimwishlist:item=3618823368&perks=1431678320,3017780555,2360347339,4293542123,2890807135,2109543898
dimwishlist:item=3618823368&perks=839105230,3017780555,2360347339,4293542123,2890807135,2109543898
dimwishlist:item=3618823368&perks=3017780555,2360347339,4293542123,2890807135,2109543898

// Evening SI4
//notes:S-Tier. very similar to Drang, just different frame (preference). Origin: Accelerated Assault
dimwishlist:item=1763361847&perks=1840239774,839105230,3230963543,1431678320,3017780555,2360347339,4293542123,2890807135,2109543898
dimwishlist:item=1763361847&perks=1840239774,3230963543,1431678320,3017780555,2360347339,4293542123,2890807135,2109543898
dimwishlist:item=1763361847&perks=1840239774,839105230,3230963543,3017780555,2360347339,4293542123,2890807135,2109543898
dimwishlist:item=1763361847&perks=839105230,3230963543,1431678320,3017780555,2360347339,4293542123,2890807135,2109543898
dimwishlist:item=1763361847&perks=1840239774,839105230,1431678320,3017780555,2360347339,4293542123,2890807135,2109543898
dimwishlist:item=1763361847&perks=1840239774,3230963543,3017780555,2360347339,4293542123,2890807135,2109543898
dimwishlist:item=1763361847&perks=3230963543,1431678320,3017780555,2360347339,4293542123,2890807135,2109543898
dimwishlist:item=1763361847&perks=1840239774,1431678320,3017780555,2360347339,4293542123,2890807135,2109543898
dimwishlist:item=1763361847&perks=839105230,3230963543,3017780555,2360347339,4293542123,2890807135,2109543898
dimwishlist:item=1763361847&perks=1840239774,839105230,3017780555,2360347339,4293542123,2890807135,2109543898
dimwishlist:item=1763361847&perks=839105230,1431678320,3017780555,2360347339,4293542123,2890807135,2109543898
dimwishlist:item=1763361847&perks=3230963543,3017780555,2360347339,4293542123,2890807135,2109543898
dimwishlist:item=1763361847&perks=1840239774,3017780555,2360347339,4293542123,2890807135,2109543898
dimwishlist:item=1763361847&perks=1431678320,3017780555,2360347339,4293542123,2890807135,2109543898
dimwishlist:item=1763361847&perks=839105230,3017780555,2360347339,4293542123,2890807135,2109543898
dimwishlist:item=1763361847&perks=3017780555,2360347339,4293542123,2890807135,2109543898

// Drang
//notes:S-Tier. Heliocentric with better origin and perk diversity. Origin: Vanguard Determination
dimwishlist:item=358190158&perks=1840239774,839105230,3230963543,1431678320,3017780555,1119449540,1888882410,4293542123,2890807135,3081867624,3846229553
dimwishlist:item=358190158&perks=1840239774,3230963543,1431678320,3017780555,1119449540,1888882410,4293542123,2890807135,3081867624,3846229553
dimwishlist:item=358190158&perks=1840239774,839105230,3230963543,3017780555,1119449540,1888882410,4293542123,2890807135,3081867624,3846229553
dimwishlist:item=358190158&perks=839105230,3230963543,1431678320,3017780555,1119449540,1888882410,4293542123,2890807135,3081867624,3846229553
dimwishlist:item=358190158&perks=1840239774,839105230,1431678320,3017780555,1119449540,1888882410,4293542123,2890807135,3081867624,3846229553
dimwishlist:item=358190158&perks=1840239774,839105230,3230963543,1431678320,3017780555,1119449540,1888882410,4293542123,2890807135,3081867624
dimwishlist:item=358190158&perks=1840239774,3230963543,3017780555,1119449540,1888882410,4293542123,2890807135,3081867624,3846229553
dimwishlist:item=358190158&perks=3230963543,1431678320,3017780555,1119449540,1888882410,4293542123,2890807135,3081867624,3846229553
dimwishlist:item=358190158&perks=1840239774,1431678320,3017780555,1119449540,1888882410,4293542123,2890807135,3081867624,3846229553
dimwishlist:item=358190158&perks=839105230,3230963543,3017780555,1119449540,1888882410,4293542123,2890807135,3081867624,3846229553
dimwishlist:item=358190158&perks=1840239774,839105230,3017780555,1119449540,1888882410,4293542123,2890807135,3081867624,3846229553
dimwishlist:item=358190158&perks=839105230,1431678320,3017780555,1119449540,1888882410,4293542123,2890807135,3081867624,3846229553
dimwishlist:item=358190158&perks=1840239774,3230963543,1431678320,3017780555,1119449540,1888882410,4293542123,2890807135,3081867624
dimwishlist:item=358190158&perks=1840239774,839105230,3230963543,3017780555,1119449540,1888882410,4293542123,2890807135,3081867624
dimwishlist:item=358190158&perks=839105230,3230963543,1431678320,3017780555,1119449540,1888882410,4293542123,2890807135,3081867624
dimwishlist:item=358190158&perks=1840239774,839105230,1431678320,3017780555,1119449540,1888882410,4293542123,2890807135,3081867624
dimwishlist:item=358190158&perks=3230963543,3017780555,1119449540,1888882410,4293542123,2890807135,3081867624,3846229553
dimwishlist:item=358190158&perks=1840239774,3017780555,1119449540,1888882410,4293542123,2890807135,3081867624,3846229553
dimwishlist:item=358190158&perks=1431678320,3017780555,1119449540,1888882410,4293542123,2890807135,3081867624,3846229553
dimwishlist:item=358190158&perks=839105230,3017780555,1119449540,1888882410,4293542123,2890807135,3081867624,3846229553
dimwishlist:item=358190158&perks=1840239774,3230963543,3017780555,1119449540,1888882410,4293542123,2890807135,3081867624
dimwishlist:item=358190158&perks=3230963543,1431678320,3017780555,1119449540,1888882410,4293542123,2890807135,3081867624
dimwishlist:item=358190158&perks=1840239774,1431678320,3017780555,1119449540,1888882410,4293542123,2890807135,3081867624
dimwishlist:item=358190158&perks=839105230,3230963543,3017780555,1119449540,1888882410,4293542123,2890807135,3081867624
dimwishlist:item=358190158&perks=1840239774,839105230,3017780555,1119449540,1888882410,4293542123,2890807135,3081867624
dimwishlist:item=358190158&perks=839105230,1431678320,3017780555,1119449540,1888882410,4293542123,2890807135,3081867624
dimwishlist:item=358190158&perks=3017780555,1119449540,1888882410,4293542123,2890807135,3081867624,3846229553
dimwishlist:item=358190158&perks=3230963543,3017780555,1119449540,1888882410,4293542123,2890807135,3081867624
dimwishlist:item=358190158&perks=1840239774,3017780555,1119449540,1888882410,4293542123,2890807135,3081867624
dimwishlist:item=358190158&perks=1431678320,3017780555,1119449540,1888882410,4293542123,2890807135,3081867624
dimwishlist:item=358190158&perks=839105230,3017780555,1119449540,1888882410,4293542123,2890807135,3081867624
dimwishlist:item=358190158&perks=3017780555,1119449540,1888882410,4293542123,2890807135,3081867624

// Drang
//notes:S-Tier. Heliocentric with better origin and perk diversity. Origin: Vanguard Determination
dimwishlist:item=502356570&perks=1840239774,839105230,3230963543,1431678320,4293542123
dimwishlist:item=502356570&perks=1840239774,3230963543,1431678320,4293542123
dimwishlist:item=502356570&perks=1840239774,839105230,3230963543,4293542123
dimwishlist:item=502356570&perks=839105230,3230963543,1431678320,4293542123
dimwishlist:item=502356570&perks=1840239774,839105230,1431678320,4293542123
dimwishlist:item=502356570&perks=1840239774,3230963543,4293542123
dimwishlist:item=502356570&perks=3230963543,1431678320,4293542123
dimwishlist:item=502356570&perks=1840239774,1431678320,4293542123
dimwishlist:item=502356570&perks=839105230,3230963543,4293542123
dimwishlist:item=502356570&perks=1840239774,839105230,4293542123
dimwishlist:item=502356570&perks=839105230,1431678320,4293542123
dimwishlist:item=502356570&perks=3230963543,4293542123
dimwishlist:item=502356570&perks=1840239774,4293542123
dimwishlist:item=502356570&perks=1431678320,4293542123
dimwishlist:item=502356570&perks=839105230,4293542123
dimwishlist:item=502356570&perks=4293542123

// Compact Defender
//notes:S-Tier. dynamic frame with best Void combo. Origin: Accelerated Assault
dimwishlist:item=2659286158&perks=1840239774,839105230,1946186791,1092016998,2048641572,776531651,4104185692,3713579091
dimwishlist:item=2659286158&perks=1840239774,1946186791,1092016998,2048641572,776531651,4104185692,3713579091
dimwishlist:item=2659286158&perks=1840239774,839105230,1946186791,2048641572,776531651,4104185692,3713579091
dimwishlist:item=2659286158&perks=839105230,1946186791,1092016998,2048641572,776531651,4104185692,3713579091
dimwishlist:item=2659286158&perks=1840239774,839105230,1092016998,2048641572,776531651,4104185692,3713579091
dimwishlist:item=2659286158&perks=1840239774,839105230,1946186791,1092016998,2048641572,776531651,4104185692
dimwishlist:item=2659286158&perks=1840239774,1946186791,2048641572,776531651,4104185692,3713579091
dimwishlist:item=2659286158&perks=1946186791,1092016998,2048641572,776531651,4104185692,3713579091
dimwishlist:item=2659286158&perks=1840239774,1092016998,2048641572,776531651,4104185692,3713579091
dimwishlist:item=2659286158&perks=839105230,1946186791,2048641572,776531651,4104185692,3713579091
dimwishlist:item=2659286158&perks=1840239774,839105230,2048641572,776531651,4104185692,3713579091
dimwishlist:item=2659286158&perks=839105230,1092016998,2048641572,776531651,4104185692,3713579091
dimwishlist:item=2659286158&perks=1840239774,1946186791,1092016998,2048641572,776531651,4104185692
dimwishlist:item=2659286158&perks=1840239774,839105230,1946186791,2048641572,776531651,4104185692
dimwishlist:item=2659286158&perks=839105230,1946186791,1092016998,2048641572,776531651,4104185692
dimwishlist:item=2659286158&perks=1840239774,839105230,1092016998,2048641572,776531651,4104185692
dimwishlist:item=2659286158&perks=1946186791,2048641572,776531651,4104185692,3713579091
dimwishlist:item=2659286158&perks=1840239774,2048641572,776531651,4104185692,3713579091
dimwishlist:item=2659286158&perks=1092016998,2048641572,776531651,4104185692,3713579091
dimwishlist:item=2659286158&perks=839105230,2048641572,776531651,4104185692,3713579091
dimwishlist:item=2659286158&perks=1840239774,1946186791,2048641572,776531651,4104185692
dimwishlist:item=2659286158&perks=1946186791,1092016998,2048641572,776531651,4104185692
dimwishlist:item=2659286158&perks=1840239774,1092016998,2048641572,776531651,4104185692
dimwishlist:item=2659286158&perks=839105230,1946186791,2048641572,776531651,4104185692
dimwishlist:item=2659286158&perks=1840239774,839105230,2048641572,776531651,4104185692
dimwishlist:item=2659286158&perks=839105230,1092016998,2048641572,776531651,4104185692
dimwishlist:item=2659286158&perks=2048641572,776531651,4104185692,3713579091
dimwishlist:item=2659286158&perks=1946186791,2048641572,776531651,4104185692
dimwishlist:item=2659286158&perks=1840239774,2048641572,776531651,4104185692
dimwishlist:item=2659286158&perks=1092016998,2048641572,776531651,4104185692
dimwishlist:item=2659286158&perks=839105230,2048641572,776531651,4104185692
dimwishlist:item=2659286158&perks=2048641572,776531651,4104185692

// Compact Defender
//notes:S-Tier. dynamic frame with best Void combo. Origin: Accelerated Assault
dimwishlist:item=2819552809&perks=1840239774,839105230,1946186791,1092016998,2048641572,776531651,4104185692
dimwishlist:item=2819552809&perks=1840239774,1946186791,1092016998,2048641572,776531651,4104185692
dimwishlist:item=2819552809&perks=1840239774,839105230,1946186791,2048641572,776531651,4104185692
dimwishlist:item=2819552809&perks=839105230,1946186791,1092016998,2048641572,776531651,4104185692
dimwishlist:item=2819552809&perks=1840239774,839105230,1092016998,2048641572,776531651,4104185692
dimwishlist:item=2819552809&perks=1840239774,1946186791,2048641572,776531651,4104185692
dimwishlist:item=2819552809&perks=1946186791,1092016998,2048641572,776531651,4104185692
dimwishlist:item=2819552809&perks=1840239774,1092016998,2048641572,776531651,4104185692
dimwishlist:item=2819552809&perks=839105230,1946186791,2048641572,776531651,4104185692
dimwishlist:item=2819552809&perks=1840239774,839105230,2048641572,776531651,4104185692
dimwishlist:item=2819552809&perks=839105230,1092016998,2048641572,776531651,4104185692
dimwishlist:item=2819552809&perks=1946186791,2048641572,776531651,4104185692
dimwishlist:item=2819552809&perks=1840239774,2048641572,776531651,4104185692
dimwishlist:item=2819552809&perks=1092016998,2048641572,776531651,4104185692
dimwishlist:item=2819552809&perks=839105230,2048641572,776531651,4104185692
dimwishlist:item=2819552809&perks=2048641572,776531651,4104185692

// Heliocentric QSc
//notes:S-Tier. one of the best Heal Clip + Incandescent users, unfortunately mid origin. Origin: Nadir Focus
dimwishlist:item=3998080529&perks=1840239774,839105230,3230963543,1431678320,3017780555,3523296417,4293542123,4104185692,3708227201,2509860981
dimwishlist:item=3998080529&perks=1840239774,3230963543,1431678320,3017780555,3523296417,4293542123,4104185692,3708227201,2509860981
dimwishlist:item=3998080529&perks=1840239774,839105230,3230963543,3017780555,3523296417,4293542123,4104185692,3708227201,2509860981
dimwishlist:item=3998080529&perks=839105230,3230963543,1431678320,3017780555,3523296417,4293542123,4104185692,3708227201,2509860981
dimwishlist:item=3998080529&perks=1840239774,839105230,1431678320,3017780555,3523296417,4293542123,4104185692,3708227201,2509860981
dimwishlist:item=3998080529&perks=1840239774,839105230,3230963543,1431678320,3017780555,3523296417,4293542123,4104185692,3708227201
dimwishlist:item=3998080529&perks=1840239774,3230963543,3017780555,3523296417,4293542123,4104185692,3708227201,2509860981
dimwishlist:item=3998080529&perks=3230963543,1431678320,3017780555,3523296417,4293542123,4104185692,3708227201,2509860981
dimwishlist:item=3998080529&perks=1840239774,1431678320,3017780555,3523296417,4293542123,4104185692,3708227201,2509860981
dimwishlist:item=3998080529&perks=839105230,3230963543,3017780555,3523296417,4293542123,4104185692,3708227201,2509860981
dimwishlist:item=3998080529&perks=1840239774,839105230,3017780555,3523296417,4293542123,4104185692,3708227201,2509860981
dimwishlist:item=3998080529&perks=839105230,1431678320,3017780555,3523296417,4293542123,4104185692,3708227201,2509860981
dimwishlist:item=3998080529&perks=1840239774,3230963543,1431678320,3017780555,3523296417,4293542123,4104185692,3708227201
dimwishlist:item=3998080529&perks=1840239774,839105230,3230963543,3017780555,3523296417,4293542123,4104185692,3708227201
dimwishlist:item=3998080529&perks=839105230,3230963543,1431678320,3017780555,3523296417,4293542123,4104185692,3708227201
dimwishlist:item=3998080529&perks=1840239774,839105230,1431678320,3017780555,3523296417,4293542123,4104185692,3708227201
dimwishlist:item=3998080529&perks=3230963543,3017780555,3523296417,4293542123,4104185692,3708227201,2509860981
dimwishlist:item=3998080529&perks=1840239774,3017780555,3523296417,4293542123,4104185692,3708227201,2509860981
dimwishlist:item=3998080529&perks=1431678320,3017780555,3523296417,4293542123,4104185692,3708227201,2509860981
dimwishlist:item=3998080529&perks=839105230,3017780555,3523296417,4293542123,4104185692,3708227201,2509860981
dimwishlist:item=3998080529&perks=1840239774,3230963543,3017780555,3523296417,4293542123,4104185692,3708227201
dimwishlist:item=3998080529&perks=3230963543,1431678320,3017780555,3523296417,4293542123,4104185692,3708227201
dimwishlist:item=3998080529&perks=1840239774,1431678320,3017780555,3523296417,4293542123,4104185692,3708227201
dimwishlist:item=3998080529&perks=839105230,3230963543,3017780555,3523296417,4293542123,4104185692,3708227201
dimwishlist:item=3998080529&perks=1840239774,839105230,3017780555,3523296417,4293542123,4104185692,3708227201
dimwishlist:item=3998080529&perks=839105230,1431678320,3017780555,3523296417,4293542123,4104185692,3708227201
dimwishlist:item=3998080529&perks=3017780555,3523296417,4293542123,4104185692,3708227201,2509860981
dimwishlist:item=3998080529&perks=3230963543,3017780555,3523296417,4293542123,4104185692,3708227201
dimwishlist:item=3998080529&perks=1840239774,3017780555,3523296417,4293542123,4104185692,3708227201
dimwishlist:item=3998080529&perks=1431678320,3017780555,3523296417,4293542123,4104185692,3708227201
dimwishlist:item=3998080529&perks=839105230,3017780555,3523296417,4293542123,4104185692,3708227201
dimwishlist:item=3998080529&perks=3017780555,3523296417,4293542123,4104185692,3708227201

// Insurmountable
//notes:S-Tier. best Void combo, great origin, shame about the frame. Origin: Dark Ether Reaper
dimwishlist:item=414045521&perks=1840239774,839105230,3230963543,1431678320,776531651,243981275,3523296417,2048641572,3708227201,2041432007
dimwishlist:item=414045521&perks=1840239774,3230963543,1431678320,776531651,243981275,3523296417,2048641572,3708227201,2041432007
dimwishlist:item=414045521&perks=1840239774,839105230,3230963543,776531651,243981275,3523296417,2048641572,3708227201,2041432007
dimwishlist:item=414045521&perks=839105230,3230963543,1431678320,776531651,243981275,3523296417,2048641572,3708227201,2041432007
dimwishlist:item=414045521&perks=1840239774,839105230,1431678320,776531651,243981275,3523296417,2048641572,3708227201,2041432007
dimwishlist:item=414045521&perks=1840239774,839105230,3230963543,1431678320,776531651,243981275,3523296417,2048641572,3708227201
dimwishlist:item=414045521&perks=1840239774,3230963543,776531651,243981275,3523296417,2048641572,3708227201,2041432007
dimwishlist:item=414045521&perks=3230963543,1431678320,776531651,243981275,3523296417,2048641572,3708227201,2041432007
dimwishlist:item=414045521&perks=1840239774,1431678320,776531651,243981275,3523296417,2048641572,3708227201,2041432007
dimwishlist:item=414045521&perks=839105230,3230963543,776531651,243981275,3523296417,2048641572,3708227201,2041432007
dimwishlist:item=414045521&perks=1840239774,839105230,776531651,243981275,3523296417,2048641572,3708227201,2041432007
dimwishlist:item=414045521&perks=839105230,1431678320,776531651,243981275,3523296417,2048641572,3708227201,2041432007
dimwishlist:item=414045521&perks=1840239774,3230963543,1431678320,776531651,243981275,3523296417,2048641572,3708227201
dimwishlist:item=414045521&perks=1840239774,839105230,3230963543,776531651,243981275,3523296417,2048641572,3708227201
dimwishlist:item=414045521&perks=839105230,3230963543,1431678320,776531651,243981275,3523296417,2048641572,3708227201
dimwishlist:item=414045521&perks=1840239774,839105230,1431678320,776531651,243981275,3523296417,2048641572,3708227201
dimwishlist:item=414045521&perks=3230963543,776531651,243981275,3523296417,2048641572,3708227201,2041432007
dimwishlist:item=414045521&perks=1840239774,776531651,243981275,3523296417,2048641572,3708227201,2041432007
dimwishlist:item=414045521&perks=1431678320,776531651,243981275,3523296417,2048641572,3708227201,2041432007
dimwishlist:item=414045521&perks=839105230,776531651,243981275,3523296417,2048641572,3708227201,2041432007
dimwishlist:item=414045521&perks=1840239774,3230963543,776531651,243981275,3523296417,2048641572,3708227201
dimwishlist:item=414045521&perks=3230963543,1431678320,776531651,243981275,3523296417,2048641572,3708227201
dimwishlist:item=414045521&perks=1840239774,1431678320,776531651,243981275,3523296417,2048641572,3708227201
dimwishlist:item=414045521&perks=839105230,3230963543,776531651,243981275,3523296417,2048641572,3708227201
dimwishlist:item=414045521&perks=1840239774,839105230,776531651,243981275,3523296417,2048641572,3708227201
dimwishlist:item=414045521&perks=839105230,1431678320,776531651,243981275,3523296417,2048641572,3708227201
dimwishlist:item=414045521&perks=776531651,243981275,3523296417,2048641572,3708227201,2041432007
dimwishlist:item=414045521&perks=3230963543,776531651,243981275,3523296417,2048641572,3708227201
dimwishlist:item=414045521&perks=1840239774,776531651,243981275,3523296417,2048641572,3708227201
dimwishlist:item=414045521&perks=1431678320,776531651,243981275,3523296417,2048641572,3708227201
dimwishlist:item=414045521&perks=839105230,776531651,243981275,3523296417,2048641572,3708227201
dimwishlist:item=414045521&perks=776531651,243981275,3523296417,2048641572,3708227201

// Forgiveness
//notes:A-Tier. damage + splash, solid archetype but mid origin. Origin: Roar of Battle
dimwishlist:item=1552443158&perks=1840239774,839105230,3230963543,1431678320,2173046394,2109543898,1015611457,3708227201,1673863459
dimwishlist:item=1552443158&perks=1840239774,3230963543,1431678320,2173046394,2109543898,1015611457,3708227201,1673863459
dimwishlist:item=1552443158&perks=1840239774,839105230,3230963543,2173046394,2109543898,1015611457,3708227201,1673863459
dimwishlist:item=1552443158&perks=839105230,3230963543,1431678320,2173046394,2109543898,1015611457,3708227201,1673863459
dimwishlist:item=1552443158&perks=1840239774,839105230,1431678320,2173046394,2109543898,1015611457,3708227201,1673863459
dimwishlist:item=1552443158&perks=1840239774,839105230,3230963543,1431678320,2173046394,2109543898,1015611457,3708227201
dimwishlist:item=1552443158&perks=1840239774,3230963543,2173046394,2109543898,1015611457,3708227201,1673863459
dimwishlist:item=1552443158&perks=3230963543,1431678320,2173046394,2109543898,1015611457,3708227201,1673863459
dimwishlist:item=1552443158&perks=1840239774,1431678320,2173046394,2109543898,1015611457,3708227201,1673863459
dimwishlist:item=1552443158&perks=839105230,3230963543,2173046394,2109543898,1015611457,3708227201,1673863459
dimwishlist:item=1552443158&perks=1840239774,839105230,2173046394,2109543898,1015611457,3708227201,1673863459
dimwishlist:item=1552443158&perks=839105230,1431678320,2173046394,2109543898,1015611457,3708227201,1673863459
dimwishlist:item=1552443158&perks=1840239774,3230963543,1431678320,2173046394,2109543898,1015611457,3708227201
dimwishlist:item=1552443158&perks=1840239774,839105230,3230963543,2173046394,2109543898,1015611457,3708227201
dimwishlist:item=1552443158&perks=839105230,3230963543,1431678320,2173046394,2109543898,1015611457,3708227201
dimwishlist:item=1552443158&perks=1840239774,839105230,1431678320,2173046394,2109543898,1015611457,3708227201
dimwishlist:item=1552443158&perks=3230963543,2173046394,2109543898,1015611457,3708227201,1673863459
dimwishlist:item=1552443158&perks=1840239774,2173046394,2109543898,1015611457,3708227201,1673863459
dimwishlist:item=1552443158&perks=1431678320,2173046394,2109543898,1015611457,3708227201,1673863459
dimwishlist:item=1552443158&perks=839105230,2173046394,2109543898,1015611457,3708227201,1673863459
dimwishlist:item=1552443158&perks=1840239774,3230963543,2173046394,2109543898,1015611457,3708227201
dimwishlist:item=1552443158&perks=3230963543,1431678320,2173046394,2109543898,1015611457,3708227201
dimwishlist:item=1552443158&perks=1840239774,1431678320,2173046394,2109543898,1015611457,3708227201
dimwishlist:item=1552443158&perks=839105230,3230963543,2173046394,2109543898,1015611457,3708227201
dimwishlist:item=1552443158&perks=1840239774,839105230,2173046394,2109543898,1015611457,3708227201
dimwishlist:item=1552443158&perks=839105230,1431678320,2173046394,2109543898,1015611457,3708227201
dimwishlist:item=1552443158&perks=2173046394,2109543898,1015611457,3708227201,1673863459
dimwishlist:item=1552443158&perks=3230963543,2173046394,2109543898,1015611457,3708227201
dimwishlist:item=1552443158&perks=1840239774,2173046394,2109543898,1015611457,3708227201
dimwishlist:item=1552443158&perks=1431678320,2173046394,2109543898,1015611457,3708227201
dimwishlist:item=1552443158&perks=839105230,2173046394,2109543898,1015611457,3708227201
dimwishlist:item=1552443158&perks=2173046394,2109543898,1015611457,3708227201

// Division
//notes:A-Tier. similar to Forgiveness but no damage + splash combo. Origin: Runneth Over
dimwishlist:item=2501377328&perks=1840239774,839105230,3230963543,1431678320,684456054,691659142,1631667848,2173046394,3708227201,120721526
dimwishlist:item=2501377328&perks=1840239774,3230963543,1431678320,684456054,691659142,1631667848,2173046394,3708227201,120721526
dimwishlist:item=2501377328&perks=1840239774,839105230,3230963543,684456054,691659142,1631667848,2173046394,3708227201,120721526
dimwishlist:item=2501377328&perks=839105230,3230963543,1431678320,684456054,691659142,1631667848,2173046394,3708227201,120721526
dimwishlist:item=2501377328&perks=1840239774,839105230,1431678320,684456054,691659142,1631667848,2173046394,3708227201,120721526
dimwishlist:item=2501377328&perks=1840239774,839105230,3230963543,1431678320,684456054,691659142,1631667848,2173046394,3708227201
dimwishlist:item=2501377328&perks=1840239774,3230963543,684456054,691659142,1631667848,2173046394,3708227201,120721526
dimwishlist:item=2501377328&perks=3230963543,1431678320,684456054,691659142,1631667848,2173046394,3708227201,120721526
dimwishlist:item=2501377328&perks=1840239774,1431678320,684456054,691659142,1631667848,2173046394,3708227201,120721526
dimwishlist:item=2501377328&perks=839105230,3230963543,684456054,691659142,1631667848,2173046394,3708227201,120721526
dimwishlist:item=2501377328&perks=1840239774,839105230,684456054,691659142,1631667848,2173046394,3708227201,120721526
dimwishlist:item=2501377328&perks=839105230,1431678320,684456054,691659142,1631667848,2173046394,3708227201,120721526
dimwishlist:item=2501377328&perks=1840239774,3230963543,1431678320,684456054,691659142,1631667848,2173046394,3708227201
dimwishlist:item=2501377328&perks=1840239774,839105230,3230963543,684456054,691659142,1631667848,2173046394,3708227201
dimwishlist:item=2501377328&perks=839105230,3230963543,1431678320,684456054,691659142,1631667848,2173046394,3708227201
dimwishlist:item=2501377328&perks=1840239774,839105230,1431678320,684456054,691659142,1631667848,2173046394,3708227201
dimwishlist:item=2501377328&perks=3230963543,684456054,691659142,1631667848,2173046394,3708227201,120721526
dimwishlist:item=2501377328&perks=1840239774,684456054,691659142,1631667848,2173046394,3708227201,120721526
dimwishlist:item=2501377328&perks=1431678320,684456054,691659142,1631667848,2173046394,3708227201,120721526
dimwishlist:item=2501377328&perks=839105230,684456054,691659142,1631667848,2173046394,3708227201,120721526
dimwishlist:item=2501377328&perks=1840239774,3230963543,684456054,691659142,1631667848,2173046394,3708227201
dimwishlist:item=2501377328&perks=3230963543,1431678320,684456054,691659142,1631667848,2173046394,3708227201
dimwishlist:item=2501377328&perks=1840239774,1431678320,684456054,691659142,1631667848,2173046394,3708227201
dimwishlist:item=2501377328&perks=839105230,3230963543,684456054,691659142,1631667848,2173046394,3708227201
dimwishlist:item=2501377328&perks=1840239774,839105230,684456054,691659142,1631667848,2173046394,3708227201
dimwishlist:item=2501377328&perks=839105230,1431678320,684456054,691659142,1631667848,2173046394,3708227201
dimwishlist:item=2501377328&perks=684456054,691659142,1631667848,2173046394,3708227201,120721526
dimwishlist:item=2501377328&perks=3230963543,684456054,691659142,1631667848,2173046394,3708227201
dimwishlist:item=2501377328&perks=1840239774,684456054,691659142,1631667848,2173046394,3708227201
dimwishlist:item=2501377328&perks=1431678320,684456054,691659142,1631667848,2173046394,3708227201
dimwishlist:item=2501377328&perks=839105230,684456054,691659142,1631667848,2173046394,3708227201
dimwishlist:item=2501377328&perks=684456054,691659142,1631667848,2173046394,3708227201

// Division
//notes:A-Tier. similar to Forgiveness but no damage + splash combo. Origin: Runneth Over
dimwishlist:item=3734001727&perks=1840239774,839105230,3230963543,1431678320,684456054,691659142,1631667848,2173046394,3708227201
dimwishlist:item=3734001727&perks=1840239774,3230963543,1431678320,684456054,691659142,1631667848,2173046394,3708227201
dimwishlist:item=3734001727&perks=1840239774,839105230,3230963543,684456054,691659142,1631667848,2173046394,3708227201
dimwishlist:item=3734001727&perks=839105230,3230963543,1431678320,684456054,691659142,1631667848,2173046394,3708227201
dimwishlist:item=3734001727&perks=1840239774,839105230,1431678320,684456054,691659142,1631667848,2173046394,3708227201
dimwishlist:item=3734001727&perks=1840239774,3230963543,684456054,691659142,1631667848,2173046394,3708227201
dimwishlist:item=3734001727&perks=3230963543,1431678320,684456054,691659142,1631667848,2173046394,3708227201
dimwishlist:item=3734001727&perks=1840239774,1431678320,684456054,691659142,1631667848,2173046394,3708227201
dimwishlist:item=3734001727&perks=839105230,3230963543,684456054,691659142,1631667848,2173046394,3708227201
dimwishlist:item=3734001727&perks=1840239774,839105230,684456054,691659142,1631667848,2173046394,3708227201
dimwishlist:item=3734001727&perks=839105230,1431678320,684456054,691659142,1631667848,2173046394,3708227201
dimwishlist:item=3734001727&perks=3230963543,684456054,691659142,1631667848,2173046394,3708227201
dimwishlist:item=3734001727&perks=1840239774,684456054,691659142,1631667848,2173046394,3708227201
dimwishlist:item=3734001727&perks=1431678320,684456054,691659142,1631667848,2173046394,3708227201
dimwishlist:item=3734001727&perks=839105230,684456054,691659142,1631667848,2173046394,3708227201
dimwishlist:item=3734001727&perks=684456054,691659142,1631667848,2173046394,3708227201

// Division
//notes:A-Tier. similar to Forgiveness but no damage + splash combo. Origin: Runneth Over
dimwishlist:item=2903168058&perks=1840239774,839105230,3230963543,1431678320,684456054,691659142,1631667848,2173046394,3708227201
dimwishlist:item=2903168058&perks=1840239774,3230963543,1431678320,684456054,691659142,1631667848,2173046394,3708227201
dimwishlist:item=2903168058&perks=1840239774,839105230,3230963543,684456054,691659142,1631667848,2173046394,3708227201
dimwishlist:item=2903168058&perks=839105230,3230963543,1431678320,684456054,691659142,1631667848,2173046394,3708227201
dimwishlist:item=2903168058&perks=1840239774,839105230,1431678320,684456054,691659142,1631667848,2173046394,3708227201
dimwishlist:item=2903168058&perks=1840239774,3230963543,684456054,691659142,1631667848,2173046394,3708227201
dimwishlist:item=2903168058&perks=3230963543,1431678320,684456054,691659142,1631667848,2173046394,3708227201
dimwishlist:item=2903168058&perks=1840239774,1431678320,684456054,691659142,1631667848,2173046394,3708227201
dimwishlist:item=2903168058&perks=839105230,3230963543,684456054,691659142,1631667848,2173046394,3708227201
dimwishlist:item=2903168058&perks=1840239774,839105230,684456054,691659142,1631667848,2173046394,3708227201
dimwishlist:item=2903168058&perks=839105230,1431678320,684456054,691659142,1631667848,2173046394,3708227201
dimwishlist:item=2903168058&perks=3230963543,684456054,691659142,1631667848,2173046394,3708227201
dimwishlist:item=2903168058&perks=1840239774,684456054,691659142,1631667848,2173046394,3708227201
dimwishlist:item=2903168058&perks=1431678320,684456054,691659142,1631667848,2173046394,3708227201
dimwishlist:item=2903168058&perks=839105230,684456054,691659142,1631667848,2173046394,3708227201
dimwishlist:item=2903168058&perks=684456054,691659142,1631667848,2173046394,3708227201

// Division
//notes:A-Tier. similar to Forgiveness but no damage + splash combo. Origin: Runneth Over
dimwishlist:item=2992463569&perks=1840239774,839105230,3230963543,1431678320,684456054,691659142,1631667848,2173046394,3708227201,120721526
dimwishlist:item=2992463569&perks=1840239774,3230963543,1431678320,684456054,691659142,1631667848,2173046394,3708227201,120721526
dimwishlist:item=2992463569&perks=1840239774,839105230,3230963543,684456054,691659142,1631667848,2173046394,3708227201,120721526
dimwishlist:item=2992463569&perks=839105230,3230963543,1431678320,684456054,691659142,1631667848,2173046394,3708227201,120721526
dimwishlist:item=2992463569&perks=1840239774,839105230,1431678320,684456054,691659142,1631667848,2173046394,3708227201,120721526
dimwishlist:item=2992463569&perks=1840239774,839105230,3230963543,1431678320,684456054,691659142,1631667848,2173046394,3708227201
dimwishlist:item=2992463569&perks=1840239774,3230963543,684456054,691659142,1631667848,2173046394,3708227201,120721526
dimwishlist:item=2992463569&perks=3230963543,1431678320,684456054,691659142,1631667848,2173046394,3708227201,120721526
dimwishlist:item=2992463569&perks=1840239774,1431678320,684456054,691659142,1631667848,2173046394,3708227201,120721526
dimwishlist:item=2992463569&perks=839105230,3230963543,684456054,691659142,1631667848,2173046394,3708227201,120721526
dimwishlist:item=2992463569&perks=1840239774,839105230,684456054,691659142,1631667848,2173046394,3708227201,120721526
dimwishlist:item=2992463569&perks=839105230,1431678320,684456054,691659142,1631667848,2173046394,3708227201,120721526
dimwishlist:item=2992463569&perks=1840239774,3230963543,1431678320,684456054,691659142,1631667848,2173046394,3708227201
dimwishlist:item=2992463569&perks=1840239774,839105230,3230963543,684456054,691659142,1631667848,2173046394,3708227201
dimwishlist:item=2992463569&perks=839105230,3230963543,1431678320,684456054,691659142,1631667848,2173046394,3708227201
dimwishlist:item=2992463569&perks=1840239774,839105230,1431678320,684456054,691659142,1631667848,2173046394,3708227201
dimwishlist:item=2992463569&perks=3230963543,684456054,691659142,1631667848,2173046394,3708227201,120721526
dimwishlist:item=2992463569&perks=1840239774,684456054,691659142,1631667848,2173046394,3708227201,120721526
dimwishlist:item=2992463569&perks=1431678320,684456054,691659142,1631667848,2173046394,3708227201,120721526
dimwishlist:item=2992463569&perks=839105230,684456054,691659142,1631667848,2173046394,3708227201,120721526
dimwishlist:item=2992463569&perks=1840239774,3230963543,684456054,691659142,1631667848,2173046394,3708227201
dimwishlist:item=2992463569&perks=3230963543,1431678320,684456054,691659142,1631667848,2173046394,3708227201
dimwishlist:item=2992463569&perks=1840239774,1431678320,684456054,691659142,1631667848,2173046394,3708227201
dimwishlist:item=2992463569&perks=839105230,3230963543,684456054,691659142,1631667848,2173046394,3708227201
dimwishlist:item=2992463569&perks=1840239774,839105230,684456054,691659142,1631667848,2173046394,3708227201
dimwishlist:item=2992463569&perks=839105230,1431678320,684456054,691659142,1631667848,2173046394,3708227201
dimwishlist:item=2992463569&perks=684456054,691659142,1631667848,2173046394,3708227201,120721526
dimwishlist:item=2992463569&perks=3230963543,684456054,691659142,1631667848,2173046394,3708227201
dimwishlist:item=2992463569&perks=1840239774,684456054,691659142,1631667848,2173046394,3708227201
dimwishlist:item=2992463569&perks=1431678320,684456054,691659142,1631667848,2173046394,3708227201
dimwishlist:item=2992463569&perks=839105230,684456054,691659142,1631667848,2173046394,3708227201
dimwishlist:item=2992463569&perks=684456054,691659142,1631667848,2173046394,3708227201

// Fimbulwinter Stitch
//notes:A-Tier. more versatile than Anonymous despite slightly worse archetype. Origin: Dawning Surprise
dimwishlist:item=2645567209&perks=1840239774,839105230,3230963543,1431678320,1511100135,1119449540,1115162408,3966416502,2173046394,3218042543,4264904777
dimwishlist:item=2645567209&perks=1840239774,3230963543,1431678320,1511100135,1119449540,1115162408,3966416502,2173046394,3218042543,4264904777
dimwishlist:item=2645567209&perks=1840239774,839105230,3230963543,1511100135,1119449540,1115162408,3966416502,2173046394,3218042543,4264904777
dimwishlist:item=2645567209&perks=839105230,3230963543,1431678320,1511100135,1119449540,1115162408,3966416502,2173046394,3218042543,4264904777
dimwishlist:item=2645567209&perks=1840239774,839105230,1431678320,1511100135,1119449540,1115162408,3966416502,2173046394,3218042543,4264904777
dimwishlist:item=2645567209&perks=1840239774,839105230,3230963543,1431678320,1511100135,1119449540,1115162408,3966416502,2173046394,3218042543
dimwishlist:item=2645567209&perks=1840239774,3230963543,1511100135,1119449540,1115162408,3966416502,2173046394,3218042543,4264904777
dimwishlist:item=2645567209&perks=3230963543,1431678320,1511100135,1119449540,1115162408,3966416502,2173046394,3218042543,4264904777
dimwishlist:item=2645567209&perks=1840239774,1431678320,1511100135,1119449540,1115162408,3966416502,2173046394,3218042543,4264904777
dimwishlist:item=2645567209&perks=839105230,3230963543,1511100135,1119449540,1115162408,3966416502,2173046394,3218042543,4264904777
dimwishlist:item=2645567209&perks=1840239774,839105230,1511100135,1119449540,1115162408,3966416502,2173046394,3218042543,4264904777
dimwishlist:item=2645567209&perks=839105230,1431678320,1511100135,1119449540,1115162408,3966416502,2173046394,3218042543,4264904777
dimwishlist:item=2645567209&perks=1840239774,3230963543,1431678320,1511100135,1119449540,1115162408,3966416502,2173046394,3218042543
dimwishlist:item=2645567209&perks=1840239774,839105230,3230963543,1511100135,1119449540,1115162408,3966416502,2173046394,3218042543
dimwishlist:item=2645567209&perks=839105230,3230963543,1431678320,1511100135,1119449540,1115162408,3966416502,2173046394,3218042543
dimwishlist:item=2645567209&perks=1840239774,839105230,1431678320,1511100135,1119449540,1115162408,3966416502,2173046394,3218042543
dimwishlist:item=2645567209&perks=3230963543,1511100135,1119449540,1115162408,3966416502,2173046394,3218042543,4264904777
dimwishlist:item=2645567209&perks=1840239774,1511100135,1119449540,1115162408,3966416502,2173046394,3218042543,4264904777
dimwishlist:item=2645567209&perks=1431678320,1511100135,1119449540,1115162408,3966416502,2173046394,3218042543,4264904777
dimwishlist:item=2645567209&perks=839105230,1511100135,1119449540,1115162408,3966416502,2173046394,3218042543,4264904777
dimwishlist:item=2645567209&perks=1840239774,3230963543,1511100135,1119449540,1115162408,3966416502,2173046394,3218042543
dimwishlist:item=2645567209&perks=3230963543,1431678320,1511100135,1119449540,1115162408,3966416502,2173046394,3218042543
dimwishlist:item=2645567209&perks=1840239774,1431678320,1511100135,1119449540,1115162408,3966416502,2173046394,3218042543
dimwishlist:item=2645567209&perks=839105230,3230963543,1511100135,1119449540,1115162408,3966416502,2173046394,3218042543
dimwishlist:item=2645567209&perks=1840239774,839105230,1511100135,1119449540,1115162408,3966416502,2173046394,3218042543
dimwishlist:item=2645567209&perks=839105230,1431678320,1511100135,1119449540,1115162408,3966416502,2173046394,3218042543
dimwishlist:item=2645567209&perks=1511100135,1119449540,1115162408,3966416502,2173046394,3218042543,4264904777
dimwishlist:item=2645567209&perks=3230963543,1511100135,1119449540,1115162408,3966416502,2173046394,3218042543
dimwishlist:item=2645567209&perks=1840239774,1511100135,1119449540,1115162408,3966416502,2173046394,3218042543
dimwishlist:item=2645567209&perks=1431678320,1511100135,1119449540,1115162408,3966416502,2173046394,3218042543
dimwishlist:item=2645567209&perks=839105230,1511100135,1119449540,1115162408,3966416502,2173046394,3218042543
dimwishlist:item=2645567209&perks=1511100135,1119449540,1115162408,3966416502,2173046394,3218042543

// Fimbulwinter Stitch
//notes:A-Tier. more versatile than Anonymous despite slightly worse archetype. Origin: Dawning Surprise
dimwishlist:item=3685829362&perks=1840239774,839105230,3230963543,1431678320,1511100135,1119449540,1115162408,3966416502,2173046394,3218042543,4264904777
dimwishlist:item=3685829362&perks=1840239774,3230963543,1431678320,1511100135,1119449540,1115162408,3966416502,2173046394,3218042543,4264904777
dimwishlist:item=3685829362&perks=1840239774,839105230,3230963543,1511100135,1119449540,1115162408,3966416502,2173046394,3218042543,4264904777
dimwishlist:item=3685829362&perks=839105230,3230963543,1431678320,1511100135,1119449540,1115162408,3966416502,2173046394,3218042543,4264904777
dimwishlist:item=3685829362&perks=1840239774,839105230,1431678320,1511100135,1119449540,1115162408,3966416502,2173046394,3218042543,4264904777
dimwishlist:item=3685829362&perks=1840239774,839105230,3230963543,1431678320,1511100135,1119449540,1115162408,3966416502,2173046394,3218042543
dimwishlist:item=3685829362&perks=1840239774,3230963543,1511100135,1119449540,1115162408,3966416502,2173046394,3218042543,4264904777
dimwishlist:item=3685829362&perks=3230963543,1431678320,1511100135,1119449540,1115162408,3966416502,2173046394,3218042543,4264904777
dimwishlist:item=3685829362&perks=1840239774,1431678320,1511100135,1119449540,1115162408,3966416502,2173046394,3218042543,4264904777
dimwishlist:item=3685829362&perks=839105230,3230963543,1511100135,1119449540,1115162408,3966416502,2173046394,3218042543,4264904777
dimwishlist:item=3685829362&perks=1840239774,839105230,1511100135,1119449540,1115162408,3966416502,2173046394,3218042543,4264904777
dimwishlist:item=3685829362&perks=839105230,1431678320,1511100135,1119449540,1115162408,3966416502,2173046394,3218042543,4264904777
dimwishlist:item=3685829362&perks=1840239774,3230963543,1431678320,1511100135,1119449540,1115162408,3966416502,2173046394,3218042543
dimwishlist:item=3685829362&perks=1840239774,839105230,3230963543,1511100135,1119449540,1115162408,3966416502,2173046394,3218042543
dimwishlist:item=3685829362&perks=839105230,3230963543,1431678320,1511100135,1119449540,1115162408,3966416502,2173046394,3218042543
dimwishlist:item=3685829362&perks=1840239774,839105230,1431678320,1511100135,1119449540,1115162408,3966416502,2173046394,3218042543
dimwishlist:item=3685829362&perks=3230963543,1511100135,1119449540,1115162408,3966416502,2173046394,3218042543,4264904777
dimwishlist:item=3685829362&perks=1840239774,1511100135,1119449540,1115162408,3966416502,2173046394,3218042543,4264904777
dimwishlist:item=3685829362&perks=1431678320,1511100135,1119449540,1115162408,3966416502,2173046394,3218042543,4264904777
dimwishlist:item=3685829362&perks=839105230,1511100135,1119449540,1115162408,3966416502,2173046394,3218042543,4264904777
dimwishlist:item=3685829362&perks=1840239774,3230963543,1511100135,1119449540,1115162408,3966416502,2173046394,3218042543
dimwishlist:item=3685829362&perks=3230963543,1431678320,1511100135,1119449540,1115162408,3966416502,2173046394,3218042543
dimwishlist:item=3685829362&perks=1840239774,1431678320,1511100135,1119449540,1115162408,3966416502,2173046394,3218042543
dimwishlist:item=3685829362&perks=839105230,3230963543,1511100135,1119449540,1115162408,3966416502,2173046394,3218042543
dimwishlist:item=3685829362&perks=1840239774,839105230,1511100135,1119449540,1115162408,3966416502,2173046394,3218042543
dimwishlist:item=3685829362&perks=839105230,1431678320,1511100135,1119449540,1115162408,3966416502,2173046394,3218042543
dimwishlist:item=3685829362&perks=1511100135,1119449540,1115162408,3966416502,2173046394,3218042543,4264904777
dimwishlist:item=3685829362&perks=3230963543,1511100135,1119449540,1115162408,3966416502,2173046394,3218042543
dimwishlist:item=3685829362&perks=1840239774,1511100135,1119449540,1115162408,3966416502,2173046394,3218042543
dimwishlist:item=3685829362&perks=1431678320,1511100135,1119449540,1115162408,3966416502,2173046394,3218042543
dimwishlist:item=3685829362&perks=839105230,1511100135,1119449540,1115162408,3966416502,2173046394,3218042543
dimwishlist:item=3685829362&perks=1511100135,1119449540,1115162408,3966416502,2173046394,3218042543

// Anonymous Autumn
//notes:A-Tier. solid everything, could be a bit better in 1st column or origin. Origin: Field-Tested
dimwishlist:item=1051949956&perks=1840239774,839105230,3230963543,1431678320,684456054,243981275,3523296417,2173046394,2120661319
dimwishlist:item=1051949956&perks=1840239774,3230963543,1431678320,684456054,243981275,3523296417,2173046394,2120661319
dimwishlist:item=1051949956&perks=1840239774,839105230,3230963543,684456054,243981275,3523296417,2173046394,2120661319
dimwishlist:item=1051949956&perks=839105230,3230963543,1431678320,684456054,243981275,3523296417,2173046394,2120661319
dimwishlist:item=1051949956&perks=1840239774,839105230,1431678320,684456054,243981275,3523296417,2173046394,2120661319
dimwishlist:item=1051949956&perks=1840239774,839105230,3230963543,1431678320,684456054,243981275,3523296417,2173046394
dimwishlist:item=1051949956&perks=1840239774,3230963543,684456054,243981275,3523296417,2173046394,2120661319
dimwishlist:item=1051949956&perks=3230963543,1431678320,684456054,243981275,3523296417,2173046394,2120661319
dimwishlist:item=1051949956&perks=1840239774,1431678320,684456054,243981275,3523296417,2173046394,2120661319
dimwishlist:item=1051949956&perks=839105230,3230963543,684456054,243981275,3523296417,2173046394,2120661319
dimwishlist:item=1051949956&perks=1840239774,839105230,684456054,243981275,3523296417,2173046394,2120661319
dimwishlist:item=1051949956&perks=839105230,1431678320,684456054,243981275,3523296417,2173046394,2120661319
dimwishlist:item=1051949956&perks=1840239774,3230963543,1431678320,684456054,243981275,3523296417,2173046394
dimwishlist:item=1051949956&perks=1840239774,839105230,3230963543,684456054,243981275,3523296417,2173046394
dimwishlist:item=1051949956&perks=839105230,3230963543,1431678320,684456054,243981275,3523296417,2173046394
dimwishlist:item=1051949956&perks=1840239774,839105230,1431678320,684456054,243981275,3523296417,2173046394
dimwishlist:item=1051949956&perks=3230963543,684456054,243981275,3523296417,2173046394,2120661319
dimwishlist:item=1051949956&perks=1840239774,684456054,243981275,3523296417,2173046394,2120661319
dimwishlist:item=1051949956&perks=1431678320,684456054,243981275,3523296417,2173046394,2120661319
dimwishlist:item=1051949956&perks=839105230,684456054,243981275,3523296417,2173046394,2120661319
dimwishlist:item=1051949956&perks=1840239774,3230963543,684456054,243981275,3523296417,2173046394
dimwishlist:item=1051949956&perks=3230963543,1431678320,684456054,243981275,3523296417,2173046394
dimwishlist:item=1051949956&perks=1840239774,1431678320,684456054,243981275,3523296417,2173046394
dimwishlist:item=1051949956&perks=839105230,3230963543,684456054,243981275,3523296417,2173046394
dimwishlist:item=1051949956&perks=1840239774,839105230,684456054,243981275,3523296417,2173046394
dimwishlist:item=1051949956&perks=839105230,1431678320,684456054,243981275,3523296417,2173046394
dimwishlist:item=1051949956&perks=684456054,243981275,3523296417,2173046394,2120661319
dimwishlist:item=1051949956&perks=3230963543,684456054,243981275,3523296417,2173046394
dimwishlist:item=1051949956&perks=1840239774,684456054,243981275,3523296417,2173046394
dimwishlist:item=1051949956&perks=1431678320,684456054,243981275,3523296417,2173046394
dimwishlist:item=1051949956&perks=839105230,684456054,243981275,3523296417,2173046394
dimwishlist:item=1051949956&perks=684456054,243981275,3523296417,2173046394

// Brigand's Law
//notes:A-Tier. worst of the Voltshot options but still good. Origin: Right Hook
dimwishlist:item=1298815317&perks=1840239774,839105230,3230963543,1431678320,4071163871,2779035018,691659142,2173046394,4082225868,3907865655
dimwishlist:item=1298815317&perks=1840239774,3230963543,1431678320,4071163871,2779035018,691659142,2173046394,4082225868,3907865655
dimwishlist:item=1298815317&perks=1840239774,839105230,3230963543,4071163871,2779035018,691659142,2173046394,4082225868,3907865655
dimwishlist:item=1298815317&perks=839105230,3230963543,1431678320,4071163871,2779035018,691659142,2173046394,4082225868,3907865655
dimwishlist:item=1298815317&perks=1840239774,839105230,1431678320,4071163871,2779035018,691659142,2173046394,4082225868,3907865655
dimwishlist:item=1298815317&perks=1840239774,839105230,3230963543,1431678320,4071163871,2779035018,691659142,2173046394,4082225868
dimwishlist:item=1298815317&perks=1840239774,3230963543,4071163871,2779035018,691659142,2173046394,4082225868,3907865655
dimwishlist:item=1298815317&perks=3230963543,1431678320,4071163871,2779035018,691659142,2173046394,4082225868,3907865655
dimwishlist:item=1298815317&perks=1840239774,1431678320,4071163871,2779035018,691659142,2173046394,4082225868,3907865655
dimwishlist:item=1298815317&perks=839105230,3230963543,4071163871,2779035018,691659142,2173046394,4082225868,3907865655
dimwishlist:item=1298815317&perks=1840239774,839105230,4071163871,2779035018,691659142,2173046394,4082225868,3907865655
dimwishlist:item=1298815317&perks=839105230,1431678320,4071163871,2779035018,691659142,2173046394,4082225868,3907865655
dimwishlist:item=1298815317&perks=1840239774,3230963543,1431678320,4071163871,2779035018,691659142,2173046394,4082225868
dimwishlist:item=1298815317&perks=1840239774,839105230,3230963543,4071163871,2779035018,691659142,2173046394,4082225868
dimwishlist:item=1298815317&perks=839105230,3230963543,1431678320,4071163871,2779035018,691659142,2173046394,4082225868
dimwishlist:item=1298815317&perks=1840239774,839105230,1431678320,4071163871,2779035018,691659142,2173046394,4082225868
dimwishlist:item=1298815317&perks=3230963543,4071163871,2779035018,691659142,2173046394,4082225868,3907865655
dimwishlist:item=1298815317&perks=1840239774,4071163871,2779035018,691659142,2173046394,4082225868,3907865655
dimwishlist:item=1298815317&perks=1431678320,4071163871,2779035018,691659142,2173046394,4082225868,3907865655
dimwishlist:item=1298815317&perks=839105230,4071163871,2779035018,691659142,2173046394,4082225868,3907865655
dimwishlist:item=1298815317&perks=1840239774,3230963543,4071163871,2779035018,691659142,2173046394,4082225868
dimwishlist:item=1298815317&perks=3230963543,1431678320,4071163871,2779035018,691659142,2173046394,4082225868
dimwishlist:item=1298815317&perks=1840239774,1431678320,4071163871,2779035018,691659142,2173046394,4082225868
dimwishlist:item=1298815317&perks=839105230,3230963543,4071163871,2779035018,691659142,2173046394,4082225868
dimwishlist:item=1298815317&perks=1840239774,839105230,4071163871,2779035018,691659142,2173046394,4082225868
dimwishlist:item=1298815317&perks=839105230,1431678320,4071163871,2779035018,691659142,2173046394,4082225868
dimwishlist:item=1298815317&perks=4071163871,2779035018,691659142,2173046394,4082225868,3907865655
dimwishlist:item=1298815317&perks=3230963543,4071163871,2779035018,691659142,2173046394,4082225868
dimwishlist:item=1298815317&perks=1840239774,4071163871,2779035018,691659142,2173046394,4082225868
dimwishlist:item=1298815317&perks=1431678320,4071163871,2779035018,691659142,2173046394,4082225868
dimwishlist:item=1298815317&perks=839105230,4071163871,2779035018,691659142,2173046394,4082225868
dimwishlist:item=1298815317&perks=4071163871,2779035018,691659142,2173046394,4082225868

// Drang (Baroque)
//notes:A-Tier. solid Incandescent option, no Heal Clip but decent otherwise. Origin: To Excess
dimwishlist:item=358190158&perks=1840239774,839105230,3230963543,1431678320,1683379515,4293542123
dimwishlist:item=358190158&perks=1840239774,3230963543,1431678320,1683379515,4293542123
dimwishlist:item=358190158&perks=1840239774,839105230,3230963543,1683379515,4293542123
dimwishlist:item=358190158&perks=839105230,3230963543,1431678320,1683379515,4293542123
dimwishlist:item=358190158&perks=1840239774,839105230,1431678320,1683379515,4293542123
dimwishlist:item=358190158&perks=1840239774,3230963543,1683379515,4293542123
dimwishlist:item=358190158&perks=3230963543,1431678320,1683379515,4293542123
dimwishlist:item=358190158&perks=1840239774,1431678320,1683379515,4293542123
dimwishlist:item=358190158&perks=839105230,3230963543,1683379515,4293542123
dimwishlist:item=358190158&perks=1840239774,839105230,1683379515,4293542123
dimwishlist:item=358190158&perks=839105230,1431678320,1683379515,4293542123
dimwishlist:item=358190158&perks=3230963543,1683379515,4293542123
dimwishlist:item=358190158&perks=1840239774,1683379515,4293542123
dimwishlist:item=358190158&perks=1431678320,1683379515,4293542123
dimwishlist:item=358190158&perks=839105230,1683379515,4293542123
dimwishlist:item=358190158&perks=1683379515,4293542123

// Drang (Baroque)
//notes:A-Tier. solid Incandescent option, no Heal Clip but decent otherwise. Origin: To Excess
dimwishlist:item=79075821&perks=1840239774,839105230,3230963543,1431678320,1683379515,4082225868
dimwishlist:item=79075821&perks=1840239774,3230963543,1431678320,1683379515,4082225868
dimwishlist:item=79075821&perks=1840239774,839105230,3230963543,1683379515,4082225868
dimwishlist:item=79075821&perks=839105230,3230963543,1431678320,1683379515,4082225868
dimwishlist:item=79075821&perks=1840239774,839105230,1431678320,1683379515,4082225868
dimwishlist:item=79075821&perks=1840239774,3230963543,1683379515,4082225868
dimwishlist:item=79075821&perks=3230963543,1431678320,1683379515,4082225868
dimwishlist:item=79075821&perks=1840239774,1431678320,1683379515,4082225868
dimwishlist:item=79075821&perks=839105230,3230963543,1683379515,4082225868
dimwishlist:item=79075821&perks=1840239774,839105230,1683379515,4082225868
dimwishlist:item=79075821&perks=839105230,1431678320,1683379515,4082225868
dimwishlist:item=79075821&perks=3230963543,1683379515,4082225868
dimwishlist:item=79075821&perks=1840239774,1683379515,4082225868
dimwishlist:item=79075821&perks=1431678320,1683379515,4082225868
dimwishlist:item=79075821&perks=839105230,1683379515,4082225868
dimwishlist:item=79075821&perks=1683379515,4082225868

// Drang (Baroque)
//notes:A-Tier. solid Incandescent option, no Heal Clip but decent otherwise. Origin: To Excess
dimwishlist:item=502356570&perks=1840239774,839105230,3230963543,1431678320,3592538738,1683379515,4293542123,4082225868,1905044254
dimwishlist:item=502356570&perks=1840239774,3230963543,1431678320,3592538738,1683379515,4293542123,4082225868,1905044254
dimwishlist:item=502356570&perks=1840239774,839105230,3230963543,3592538738,1683379515,4293542123,4082225868,1905044254
dimwishlist:item=502356570&perks=839105230,3230963543,1431678320,3592538738,1683379515,4293542123,4082225868,1905044254
dimwishlist:item=502356570&perks=1840239774,839105230,1431678320,3592538738,1683379515,4293542123,4082225868,1905044254
dimwishlist:item=502356570&perks=1840239774,839105230,3230963543,1431678320,3592538738,1683379515,4293542123,4082225868
dimwishlist:item=502356570&perks=1840239774,3230963543,3592538738,1683379515,4293542123,4082225868,1905044254
dimwishlist:item=502356570&perks=3230963543,1431678320,3592538738,1683379515,4293542123,4082225868,1905044254
dimwishlist:item=502356570&perks=1840239774,1431678320,3592538738,1683379515,4293542123,4082225868,1905044254
dimwishlist:item=502356570&perks=839105230,3230963543,3592538738,1683379515,4293542123,4082225868,1905044254
dimwishlist:item=502356570&perks=1840239774,839105230,3592538738,1683379515,4293542123,4082225868,1905044254
dimwishlist:item=502356570&perks=839105230,1431678320,3592538738,1683379515,4293542123,4082225868,1905044254
dimwishlist:item=502356570&perks=1840239774,3230963543,1431678320,3592538738,1683379515,4293542123,4082225868
dimwishlist:item=502356570&perks=1840239774,839105230,3230963543,3592538738,1683379515,4293542123,4082225868
dimwishlist:item=502356570&perks=839105230,3230963543,1431678320,3592538738,1683379515,4293542123,4082225868
dimwishlist:item=502356570&perks=1840239774,839105230,1431678320,3592538738,1683379515,4293542123,4082225868
dimwishlist:item=502356570&perks=3230963543,3592538738,1683379515,4293542123,4082225868,1905044254
dimwishlist:item=502356570&perks=1840239774,3592538738,1683379515,4293542123,4082225868,1905044254
dimwishlist:item=502356570&perks=1431678320,3592538738,1683379515,4293542123,4082225868,1905044254
dimwishlist:item=502356570&perks=839105230,3592538738,1683379515,4293542123,4082225868,1905044254
dimwishlist:item=502356570&perks=1840239774,3230963543,3592538738,1683379515,4293542123,4082225868
dimwishlist:item=502356570&perks=3230963543,1431678320,3592538738,1683379515,4293542123,4082225868
dimwishlist:item=502356570&perks=1840239774,1431678320,3592538738,1683379515,4293542123,4082225868
dimwishlist:item=502356570&perks=839105230,3230963543,3592538738,1683379515,4293542123,4082225868
dimwishlist:item=502356570&perks=1840239774,839105230,3592538738,1683379515,4293542123,4082225868
dimwishlist:item=502356570&perks=839105230,1431678320,3592538738,1683379515,4293542123,4082225868
dimwishlist:item=502356570&perks=3592538738,1683379515,4293542123,4082225868,1905044254
dimwishlist:item=502356570&perks=3230963543,3592538738,1683379515,4293542123,4082225868
dimwishlist:item=502356570&perks=1840239774,3592538738,1683379515,4293542123,4082225868
dimwishlist:item=502356570&perks=1431678320,3592538738,1683379515,4293542123,4082225868
dimwishlist:item=502356570&perks=839105230,3592538738,1683379515,4293542123,4082225868
dimwishlist:item=502356570&perks=3592538738,1683379515,4293542123,4082225868

// Multimach CCX
//notes:S-Tier. one of the highest utility primaries in high QoL form. Origin: Field-Tested
dimwishlist:item=3211624072&perks=1840239774,839105230,3230963543,1431678320,243981275,3891536761,4104185692,2120661319
dimwishlist:item=3211624072&perks=1840239774,3230963543,1431678320,243981275,3891536761,4104185692,2120661319
dimwishlist:item=3211624072&perks=1840239774,839105230,3230963543,243981275,3891536761,4104185692,2120661319
dimwishlist:item=3211624072&perks=839105230,3230963543,1431678320,243981275,3891536761,4104185692,2120661319
dimwishlist:item=3211624072&perks=1840239774,839105230,1431678320,243981275,3891536761,4104185692,2120661319
dimwishlist:item=3211624072&perks=1840239774,839105230,3230963543,1431678320,243981275,3891536761,4104185692
dimwishlist:item=3211624072&perks=1840239774,3230963543,243981275,3891536761,4104185692,2120661319
dimwishlist:item=3211624072&perks=3230963543,1431678320,243981275,3891536761,4104185692,2120661319
dimwishlist:item=3211624072&perks=1840239774,1431678320,243981275,3891536761,4104185692,2120661319
dimwishlist:item=3211624072&perks=839105230,3230963543,243981275,3891536761,4104185692,2120661319
dimwishlist:item=3211624072&perks=1840239774,839105230,243981275,3891536761,4104185692,2120661319
dimwishlist:item=3211624072&perks=839105230,1431678320,243981275,3891536761,4104185692,2120661319
dimwishlist:item=3211624072&perks=1840239774,3230963543,1431678320,243981275,3891536761,4104185692
dimwishlist:item=3211624072&perks=1840239774,839105230,3230963543,243981275,3891536761,4104185692
dimwishlist:item=3211624072&perks=839105230,3230963543,1431678320,243981275,3891536761,4104185692
dimwishlist:item=3211624072&perks=1840239774,839105230,1431678320,243981275,3891536761,4104185692
dimwishlist:item=3211624072&perks=3230963543,243981275,3891536761,4104185692,2120661319
dimwishlist:item=3211624072&perks=1840239774,243981275,3891536761,4104185692,2120661319
dimwishlist:item=3211624072&perks=1431678320,243981275,3891536761,4104185692,2120661319
dimwishlist:item=3211624072&perks=839105230,243981275,3891536761,4104185692,2120661319
dimwishlist:item=3211624072&perks=1840239774,3230963543,243981275,3891536761,4104185692
dimwishlist:item=3211624072&perks=3230963543,1431678320,243981275,3891536761,4104185692
dimwishlist:item=3211624072&perks=1840239774,1431678320,243981275,3891536761,4104185692
dimwishlist:item=3211624072&perks=839105230,3230963543,243981275,3891536761,4104185692
dimwishlist:item=3211624072&perks=1840239774,839105230,243981275,3891536761,4104185692
dimwishlist:item=3211624072&perks=839105230,1431678320,243981275,3891536761,4104185692
dimwishlist:item=3211624072&perks=243981275,3891536761,4104185692,2120661319
dimwishlist:item=3211624072&perks=3230963543,243981275,3891536761,4104185692
dimwishlist:item=3211624072&perks=1840239774,243981275,3891536761,4104185692
dimwishlist:item=3211624072&perks=1431678320,243981275,3891536761,4104185692
dimwishlist:item=3211624072&perks=839105230,243981275,3891536761,4104185692
dimwishlist:item=3211624072&perks=243981275,3891536761,4104185692

// Yeartide Apex
//notes:S-Tier. BiS solar perks, decent origin but great frame combo. Origin: Tex Balanced Stock
dimwishlist:item=2965080304&perks=1840239774,839105230,3230963543,1431678320,3017780555,243981275,3523296417,4293542123,3640170453,2890807135,2437618208
dimwishlist:item=2965080304&perks=1840239774,3230963543,1431678320,3017780555,243981275,3523296417,4293542123,3640170453,2890807135,2437618208
dimwishlist:item=2965080304&perks=1840239774,839105230,3230963543,3017780555,243981275,3523296417,4293542123,3640170453,2890807135,2437618208
dimwishlist:item=2965080304&perks=839105230,3230963543,1431678320,3017780555,243981275,3523296417,4293542123,3640170453,2890807135,2437618208
dimwishlist:item=2965080304&perks=1840239774,839105230,1431678320,3017780555,243981275,3523296417,4293542123,3640170453,2890807135,2437618208
dimwishlist:item=2965080304&perks=1840239774,839105230,3230963543,1431678320,3017780555,243981275,3523296417,4293542123,3640170453,2890807135
dimwishlist:item=2965080304&perks=1840239774,3230963543,3017780555,243981275,3523296417,4293542123,3640170453,2890807135,2437618208
dimwishlist:item=2965080304&perks=3230963543,1431678320,3017780555,243981275,3523296417,4293542123,3640170453,2890807135,2437618208
dimwishlist:item=2965080304&perks=1840239774,1431678320,3017780555,243981275,3523296417,4293542123,3640170453,2890807135,2437618208
dimwishlist:item=2965080304&perks=839105230,3230963543,3017780555,243981275,3523296417,4293542123,3640170453,2890807135,2437618208
dimwishlist:item=2965080304&perks=1840239774,839105230,3017780555,243981275,3523296417,4293542123,3640170453,2890807135,2437618208
dimwishlist:item=2965080304&perks=839105230,1431678320,3017780555,243981275,3523296417,4293542123,3640170453,2890807135,2437618208
dimwishlist:item=2965080304&perks=1840239774,3230963543,1431678320,3017780555,243981275,3523296417,4293542123,3640170453,2890807135
dimwishlist:item=2965080304&perks=1840239774,839105230,3230963543,3017780555,243981275,3523296417,4293542123,3640170453,2890807135
dimwishlist:item=2965080304&perks=839105230,3230963543,1431678320,3017780555,243981275,3523296417,4293542123,3640170453,2890807135
dimwishlist:item=2965080304&perks=1840239774,839105230,1431678320,3017780555,243981275,3523296417,4293542123,3640170453,2890807135
dimwishlist:item=2965080304&perks=3230963543,3017780555,243981275,3523296417,4293542123,3640170453,2890807135,2437618208
dimwishlist:item=2965080304&perks=1840239774,3017780555,243981275,3523296417,4293542123,3640170453,2890807135,2437618208
dimwishlist:item=2965080304&perks=1431678320,3017780555,243981275,3523296417,4293542123,3640170453,2890807135,2437618208
dimwishlist:item=2965080304&perks=839105230,3017780555,243981275,3523296417,4293542123,3640170453,2890807135,2437618208
dimwishlist:item=2965080304&perks=1840239774,3230963543,3017780555,243981275,3523296417,4293542123,3640170453,2890807135
dimwishlist:item=2965080304&perks=3230963543,1431678320,3017780555,243981275,3523296417,4293542123,3640170453,2890807135
dimwishlist:item=2965080304&perks=1840239774,1431678320,3017780555,243981275,3523296417,4293542123,3640170453,2890807135
dimwishlist:item=2965080304&perks=839105230,3230963543,3017780555,243981275,3523296417,4293542123,3640170453,2890807135
dimwishlist:item=2965080304&perks=1840239774,839105230,3017780555,243981275,3523296417,4293542123,3640170453,2890807135
dimwishlist:item=2965080304&perks=839105230,1431678320,3017780555,243981275,3523296417,4293542123,3640170453,2890807135
dimwishlist:item=2965080304&perks=3017780555,243981275,3523296417,4293542123,3640170453,2890807135,2437618208
dimwishlist:item=2965080304&perks=3230963543,3017780555,243981275,3523296417,4293542123,3640170453,2890807135
dimwishlist:item=2965080304&perks=1840239774,3017780555,243981275,3523296417,4293542123,3640170453,2890807135
dimwishlist:item=2965080304&perks=1431678320,3017780555,243981275,3523296417,4293542123,3640170453,2890807135
dimwishlist:item=2965080304&perks=839105230,3017780555,243981275,3523296417,4293542123,3640170453,2890807135
dimwishlist:item=2965080304&perks=3017780555,243981275,3523296417,4293542123,3640170453,2890807135

// Yeartide Apex
//notes:S-Tier. BiS solar perks, decent origin but great frame combo. Origin: Tex Balanced Stock
dimwishlist:item=3293207827&perks=1840239774,839105230,3230963543,1431678320,3017780555,243981275,3523296417,4293542123,3640170453,2890807135,2437618208
dimwishlist:item=3293207827&perks=1840239774,3230963543,1431678320,3017780555,243981275,3523296417,4293542123,3640170453,2890807135,2437618208
dimwishlist:item=3293207827&perks=1840239774,839105230,3230963543,3017780555,243981275,3523296417,4293542123,3640170453,2890807135,2437618208
dimwishlist:item=3293207827&perks=839105230,3230963543,1431678320,3017780555,243981275,3523296417,4293542123,3640170453,2890807135,2437618208
dimwishlist:item=3293207827&perks=1840239774,839105230,1431678320,3017780555,243981275,3523296417,4293542123,3640170453,2890807135,2437618208
dimwishlist:item=3293207827&perks=1840239774,839105230,3230963543,1431678320,3017780555,243981275,3523296417,4293542123,3640170453,2890807135
dimwishlist:item=3293207827&perks=1840239774,3230963543,3017780555,243981275,3523296417,4293542123,3640170453,2890807135,2437618208
dimwishlist:item=3293207827&perks=3230963543,1431678320,3017780555,243981275,3523296417,4293542123,3640170453,2890807135,2437618208
dimwishlist:item=3293207827&perks=1840239774,1431678320,3017780555,243981275,3523296417,4293542123,3640170453,2890807135,2437618208
dimwishlist:item=3293207827&perks=839105230,3230963543,3017780555,243981275,3523296417,4293542123,3640170453,2890807135,2437618208
dimwishlist:item=3293207827&perks=1840239774,839105230,3017780555,243981275,3523296417,4293542123,3640170453,2890807135,2437618208
dimwishlist:item=3293207827&perks=839105230,1431678320,3017780555,243981275,3523296417,4293542123,3640170453,2890807135,2437618208
dimwishlist:item=3293207827&perks=1840239774,3230963543,1431678320,3017780555,243981275,3523296417,4293542123,3640170453,2890807135
dimwishlist:item=3293207827&perks=1840239774,839105230,3230963543,3017780555,243981275,3523296417,4293542123,3640170453,2890807135
dimwishlist:item=3293207827&perks=839105230,3230963543,1431678320,3017780555,243981275,3523296417,4293542123,3640170453,2890807135
dimwishlist:item=3293207827&perks=1840239774,839105230,1431678320,3017780555,243981275,3523296417,4293542123,3640170453,2890807135
dimwishlist:item=3293207827&perks=3230963543,3017780555,243981275,3523296417,4293542123,3640170453,2890807135,2437618208
dimwishlist:item=3293207827&perks=1840239774,3017780555,243981275,3523296417,4293542123,3640170453,2890807135,2437618208
dimwishlist:item=3293207827&perks=1431678320,3017780555,243981275,3523296417,4293542123,3640170453,2890807135,2437618208
dimwishlist:item=3293207827&perks=839105230,3017780555,243981275,3523296417,4293542123,3640170453,2890807135,2437618208
dimwishlist:item=3293207827&perks=1840239774,3230963543,3017780555,243981275,3523296417,4293542123,3640170453,2890807135
dimwishlist:item=3293207827&perks=3230963543,1431678320,3017780555,243981275,3523296417,4293542123,3640170453,2890807135
dimwishlist:item=3293207827&perks=1840239774,1431678320,3017780555,243981275,3523296417,4293542123,3640170453,2890807135
dimwishlist:item=3293207827&perks=839105230,3230963543,3017780555,243981275,3523296417,4293542123,3640170453,2890807135
dimwishlist:item=3293207827&perks=1840239774,839105230,3017780555,243981275,3523296417,4293542123,3640170453,2890807135
dimwishlist:item=3293207827&perks=839105230,1431678320,3017780555,243981275,3523296417,4293542123,3640170453,2890807135
dimwishlist:item=3293207827&perks=3017780555,243981275,3523296417,4293542123,3640170453,2890807135,2437618208
dimwishlist:item=3293207827&perks=3230963543,3017780555,243981275,3523296417,4293542123,3640170453,2890807135
dimwishlist:item=3293207827&perks=1840239774,3017780555,243981275,3523296417,4293542123,3640170453,2890807135
dimwishlist:item=3293207827&perks=1431678320,3017780555,243981275,3523296417,4293542123,3640170453,2890807135
dimwishlist:item=3293207827&perks=839105230,3017780555,243981275,3523296417,4293542123,3640170453,2890807135
dimwishlist:item=3293207827&perks=3017780555,243981275,3523296417,4293542123,3640170453,2890807135

// M-17 "Fast Talker"
//notes:S-Tier. BiS kinetic slot PK option, probably best stasis SMG too. Origin: Accelerated Assault
dimwishlist:item=2770035786&perks=1840239774,839105230,1946186791,1092016998,243981275,3932949589,3523296417,365154968,2922950962,3713579091
dimwishlist:item=2770035786&perks=1840239774,1946186791,1092016998,243981275,3932949589,3523296417,365154968,2922950962,3713579091
dimwishlist:item=2770035786&perks=1840239774,839105230,1946186791,243981275,3932949589,3523296417,365154968,2922950962,3713579091
dimwishlist:item=2770035786&perks=839105230,1946186791,1092016998,243981275,3932949589,3523296417,365154968,2922950962,3713579091
dimwishlist:item=2770035786&perks=1840239774,839105230,1092016998,243981275,3932949589,3523296417,365154968,2922950962,3713579091
dimwishlist:item=2770035786&perks=1840239774,839105230,1946186791,1092016998,243981275,3932949589,3523296417,365154968,2922950962
dimwishlist:item=2770035786&perks=1840239774,1946186791,243981275,3932949589,3523296417,365154968,2922950962,3713579091
dimwishlist:item=2770035786&perks=1946186791,1092016998,243981275,3932949589,3523296417,365154968,2922950962,3713579091
dimwishlist:item=2770035786&perks=1840239774,1092016998,243981275,3932949589,3523296417,365154968,2922950962,3713579091
dimwishlist:item=2770035786&perks=839105230,1946186791,243981275,3932949589,3523296417,365154968,2922950962,3713579091
dimwishlist:item=2770035786&perks=1840239774,839105230,243981275,3932949589,3523296417,365154968,2922950962,3713579091
dimwishlist:item=2770035786&perks=839105230,1092016998,243981275,3932949589,3523296417,365154968,2922950962,3713579091
dimwishlist:item=2770035786&perks=1840239774,1946186791,1092016998,243981275,3932949589,3523296417,365154968,2922950962
dimwishlist:item=2770035786&perks=1840239774,839105230,1946186791,243981275,3932949589,3523296417,365154968,2922950962
dimwishlist:item=2770035786&perks=839105230,1946186791,1092016998,243981275,3932949589,3523296417,365154968,2922950962
dimwishlist:item=2770035786&perks=1840239774,839105230,1092016998,243981275,3932949589,3523296417,365154968,2922950962
dimwishlist:item=2770035786&perks=1946186791,243981275,3932949589,3523296417,365154968,2922950962,3713579091
dimwishlist:item=2770035786&perks=1840239774,243981275,3932949589,3523296417,365154968,2922950962,3713579091
dimwishlist:item=2770035786&perks=1092016998,243981275,3932949589,3523296417,365154968,2922950962,3713579091
dimwishlist:item=2770035786&perks=839105230,243981275,3932949589,3523296417,365154968,2922950962,3713579091
dimwishlist:item=2770035786&perks=1840239774,1946186791,243981275,3932949589,3523296417,365154968,2922950962
dimwishlist:item=2770035786&perks=1946186791,1092016998,243981275,3932949589,3523296417,365154968,2922950962
dimwishlist:item=2770035786&perks=1840239774,1092016998,243981275,3932949589,3523296417,365154968,2922950962
dimwishlist:item=2770035786&perks=839105230,1946186791,243981275,3932949589,3523296417,365154968,2922950962
dimwishlist:item=2770035786&perks=1840239774,839105230,243981275,3932949589,3523296417,365154968,2922950962
dimwishlist:item=2770035786&perks=839105230,1092016998,243981275,3932949589,3523296417,365154968,2922950962
dimwishlist:item=2770035786&perks=243981275,3932949589,3523296417,365154968,2922950962,3713579091
dimwishlist:item=2770035786&perks=1946186791,243981275,3932949589,3523296417,365154968,2922950962
dimwishlist:item=2770035786&perks=1840239774,243981275,3932949589,3523296417,365154968,2922950962
dimwishlist:item=2770035786&perks=1092016998,243981275,3932949589,3523296417,365154968,2922950962
dimwishlist:item=2770035786&perks=839105230,243981275,3932949589,3523296417,365154968,2922950962
dimwishlist:item=2770035786&perks=243981275,3932949589,3523296417,365154968,2922950962

// M-17 "Fast Talker"
//notes:S-Tier. BiS kinetic slot PK option, probably best stasis SMG too. Origin: Accelerated Assault
dimwishlist:item=1419158093&perks=1840239774,839105230,1946186791,1092016998,243981275,3932949589,3523296417,365154968,2922950962
dimwishlist:item=1419158093&perks=1840239774,1946186791,1092016998,243981275,3932949589,3523296417,365154968,2922950962
dimwishlist:item=1419158093&perks=1840239774,839105230,1946186791,243981275,3932949589,3523296417,365154968,2922950962
dimwishlist:item=1419158093&perks=839105230,1946186791,1092016998,243981275,3932949589,3523296417,365154968,2922950962
dimwishlist:item=1419158093&perks=1840239774,839105230,1092016998,243981275,3932949589,3523296417,365154968,2922950962
dimwishlist:item=1419158093&perks=1840239774,1946186791,243981275,3932949589,3523296417,365154968,2922950962
dimwishlist:item=1419158093&perks=1946186791,1092016998,243981275,3932949589,3523296417,365154968,2922950962
dimwishlist:item=1419158093&perks=1840239774,1092016998,243981275,3932949589,3523296417,365154968,2922950962
dimwishlist:item=1419158093&perks=839105230,1946186791,243981275,3932949589,3523296417,365154968,2922950962
dimwishlist:item=1419158093&perks=1840239774,839105230,243981275,3932949589,3523296417,365154968,2922950962
dimwishlist:item=1419158093&perks=839105230,1092016998,243981275,3932949589,3523296417,365154968,2922950962
dimwishlist:item=1419158093&perks=1946186791,243981275,3932949589,3523296417,365154968,2922950962
dimwishlist:item=1419158093&perks=1840239774,243981275,3932949589,3523296417,365154968,2922950962
dimwishlist:item=1419158093&perks=1092016998,243981275,3932949589,3523296417,365154968,2922950962
dimwishlist:item=1419158093&perks=839105230,243981275,3932949589,3523296417,365154968,2922950962
dimwishlist:item=1419158093&perks=243981275,3932949589,3523296417,365154968,2922950962

// The Recluse
//notes:S-Tier. best archetype/origin pairing for classic Void combo. Origin: Indomitability
dimwishlist:item=3098328572&perks=1840239774,839105230,3230963543,1431678320,776531651,3828510309,2048641572,3708227201,2489430594
dimwishlist:item=3098328572&perks=1840239774,3230963543,1431678320,776531651,3828510309,2048641572,3708227201,2489430594
dimwishlist:item=3098328572&perks=1840239774,839105230,3230963543,776531651,3828510309,2048641572,3708227201,2489430594
dimwishlist:item=3098328572&perks=839105230,3230963543,1431678320,776531651,3828510309,2048641572,3708227201,2489430594
dimwishlist:item=3098328572&perks=1840239774,839105230,1431678320,776531651,3828510309,2048641572,3708227201,2489430594
dimwishlist:item=3098328572&perks=1840239774,839105230,3230963543,1431678320,776531651,3828510309,2048641572,3708227201
dimwishlist:item=3098328572&perks=1840239774,3230963543,776531651,3828510309,2048641572,3708227201,2489430594
dimwishlist:item=3098328572&perks=3230963543,1431678320,776531651,3828510309,2048641572,3708227201,2489430594
dimwishlist:item=3098328572&perks=1840239774,1431678320,776531651,3828510309,2048641572,3708227201,2489430594
dimwishlist:item=3098328572&perks=839105230,3230963543,776531651,3828510309,2048641572,3708227201,2489430594
dimwishlist:item=3098328572&perks=1840239774,839105230,776531651,3828510309,2048641572,3708227201,2489430594
dimwishlist:item=3098328572&perks=839105230,1431678320,776531651,3828510309,2048641572,3708227201,2489430594
dimwishlist:item=3098328572&perks=1840239774,3230963543,1431678320,776531651,3828510309,2048641572,3708227201
dimwishlist:item=3098328572&perks=1840239774,839105230,3230963543,776531651,3828510309,2048641572,3708227201
dimwishlist:item=3098328572&perks=839105230,3230963543,1431678320,776531651,3828510309,2048641572,3708227201
dimwishlist:item=3098328572&perks=1840239774,839105230,1431678320,776531651,3828510309,2048641572,3708227201
dimwishlist:item=3098328572&perks=3230963543,776531651,3828510309,2048641572,3708227201,2489430594
dimwishlist:item=3098328572&perks=1840239774,776531651,3828510309,2048641572,3708227201,2489430594
dimwishlist:item=3098328572&perks=1431678320,776531651,3828510309,2048641572,3708227201,2489430594
dimwishlist:item=3098328572&perks=839105230,776531651,3828510309,2048641572,3708227201,2489430594
dimwishlist:item=3098328572&perks=1840239774,3230963543,776531651,3828510309,2048641572,3708227201
dimwishlist:item=3098328572&perks=3230963543,1431678320,776531651,3828510309,2048641572,3708227201
dimwishlist:item=3098328572&perks=1840239774,1431678320,776531651,3828510309,2048641572,3708227201
dimwishlist:item=3098328572&perks=839105230,3230963543,776531651,3828510309,2048641572,3708227201
dimwishlist:item=3098328572&perks=1840239774,839105230,776531651,3828510309,2048641572,3708227201
dimwishlist:item=3098328572&perks=839105230,1431678320,776531651,3828510309,2048641572,3708227201
dimwishlist:item=3098328572&perks=776531651,3828510309,2048641572,3708227201,2489430594
dimwishlist:item=3098328572&perks=3230963543,776531651,3828510309,2048641572,3708227201
dimwishlist:item=3098328572&perks=1840239774,776531651,3828510309,2048641572,3708227201
dimwishlist:item=3098328572&perks=1431678320,776531651,3828510309,2048641572,3708227201
dimwishlist:item=3098328572&perks=839105230,776531651,3828510309,2048641572,3708227201
dimwishlist:item=3098328572&perks=776531651,3828510309,2048641572,3708227201

// The Recluse
//notes:S-Tier. best archetype/origin pairing for classic Void combo. Origin: Indomitability
dimwishlist:item=1050806815&perks=1840239774,839105230,3230963543,1431678320,776531651,3828510309,2048641572,3708227201,2489430594
dimwishlist:item=1050806815&perks=1840239774,3230963543,1431678320,776531651,3828510309,2048641572,3708227201,2489430594
dimwishlist:item=1050806815&perks=1840239774,839105230,3230963543,776531651,3828510309,2048641572,3708227201,2489430594
dimwishlist:item=1050806815&perks=839105230,3230963543,1431678320,776531651,3828510309,2048641572,3708227201,2489430594
dimwishlist:item=1050806815&perks=1840239774,839105230,1431678320,776531651,3828510309,2048641572,3708227201,2489430594
dimwishlist:item=1050806815&perks=1840239774,839105230,3230963543,1431678320,776531651,3828510309,2048641572,3708227201
dimwishlist:item=1050806815&perks=1840239774,3230963543,776531651,3828510309,2048641572,3708227201,2489430594
dimwishlist:item=1050806815&perks=3230963543,1431678320,776531651,3828510309,2048641572,3708227201,2489430594
dimwishlist:item=1050806815&perks=1840239774,1431678320,776531651,3828510309,2048641572,3708227201,2489430594
dimwishlist:item=1050806815&perks=839105230,3230963543,776531651,3828510309,2048641572,3708227201,2489430594
dimwishlist:item=1050806815&perks=1840239774,839105230,776531651,3828510309,2048641572,3708227201,2489430594
dimwishlist:item=1050806815&perks=839105230,1431678320,776531651,3828510309,2048641572,3708227201,2489430594
dimwishlist:item=1050806815&perks=1840239774,3230963543,1431678320,776531651,3828510309,2048641572,3708227201
dimwishlist:item=1050806815&perks=1840239774,839105230,3230963543,776531651,3828510309,2048641572,3708227201
dimwishlist:item=1050806815&perks=839105230,3230963543,1431678320,776531651,3828510309,2048641572,3708227201
dimwishlist:item=1050806815&perks=1840239774,839105230,1431678320,776531651,3828510309,2048641572,3708227201
dimwishlist:item=1050806815&perks=3230963543,776531651,3828510309,2048641572,3708227201,2489430594
dimwishlist:item=1050806815&perks=1840239774,776531651,3828510309,2048641572,3708227201,2489430594
dimwishlist:item=1050806815&perks=1431678320,776531651,3828510309,2048641572,3708227201,2489430594
dimwishlist:item=1050806815&perks=839105230,776531651,3828510309,2048641572,3708227201,2489430594
dimwishlist:item=1050806815&perks=1840239774,3230963543,776531651,3828510309,2048641572,3708227201
dimwishlist:item=1050806815&perks=3230963543,1431678320,776531651,3828510309,2048641572,3708227201
dimwishlist:item=1050806815&perks=1840239774,1431678320,776531651,3828510309,2048641572,3708227201
dimwishlist:item=1050806815&perks=839105230,3230963543,776531651,3828510309,2048641572,3708227201
dimwishlist:item=1050806815&perks=1840239774,839105230,776531651,3828510309,2048641572,3708227201
dimwishlist:item=1050806815&perks=839105230,1431678320,776531651,3828510309,2048641572,3708227201
dimwishlist:item=1050806815&perks=776531651,3828510309,2048641572,3708227201,2489430594
dimwishlist:item=1050806815&perks=3230963543,776531651,3828510309,2048641572,3708227201
dimwishlist:item=1050806815&perks=1840239774,776531651,3828510309,2048641572,3708227201
dimwishlist:item=1050806815&perks=1431678320,776531651,3828510309,2048641572,3708227201
dimwishlist:item=1050806815&perks=839105230,776531651,3828510309,2048641572,3708227201
dimwishlist:item=1050806815&perks=776531651,3828510309,2048641572,3708227201

// Peculiar Charm
//notes:S-Tier. worse AO procs and ammo gen than Multimach for better damage. 
dimwishlist:item=3620277039&perks=1840239774,839105230,3230963543,1431678320,243981275,1517798362,3700496672,3891536761,2289534249,3824105627
dimwishlist:item=3620277039&perks=1840239774,3230963543,1431678320,243981275,1517798362,3700496672,3891536761,2289534249,3824105627
dimwishlist:item=3620277039&perks=1840239774,839105230,3230963543,243981275,1517798362,3700496672,3891536761,2289534249,3824105627
dimwishlist:item=3620277039&perks=839105230,3230963543,1431678320,243981275,1517798362,3700496672,3891536761,2289534249,3824105627
dimwishlist:item=3620277039&perks=1840239774,839105230,1431678320,243981275,1517798362,3700496672,3891536761,2289534249,3824105627
dimwishlist:item=3620277039&perks=1840239774,3230963543,243981275,1517798362,3700496672,3891536761,2289534249,3824105627
dimwishlist:item=3620277039&perks=3230963543,1431678320,243981275,1517798362,3700496672,3891536761,2289534249,3824105627
dimwishlist:item=3620277039&perks=1840239774,1431678320,243981275,1517798362,3700496672,3891536761,2289534249,3824105627
dimwishlist:item=3620277039&perks=839105230,3230963543,243981275,1517798362,3700496672,3891536761,2289534249,3824105627
dimwishlist:item=3620277039&perks=1840239774,839105230,243981275,1517798362,3700496672,3891536761,2289534249,3824105627
dimwishlist:item=3620277039&perks=839105230,1431678320,243981275,1517798362,3700496672,3891536761,2289534249,3824105627
dimwishlist:item=3620277039&perks=3230963543,243981275,1517798362,3700496672,3891536761,2289534249,3824105627
dimwishlist:item=3620277039&perks=1840239774,243981275,1517798362,3700496672,3891536761,2289534249,3824105627
dimwishlist:item=3620277039&perks=1431678320,243981275,1517798362,3700496672,3891536761,2289534249,3824105627
dimwishlist:item=3620277039&perks=839105230,243981275,1517798362,3700496672,3891536761,2289534249,3824105627
dimwishlist:item=3620277039&perks=243981275,1517798362,3700496672,3891536761,2289534249,3824105627

// MIDA Mini-Tool
//notes:S-Tier. basically Yeartide with worse 2nd column and origin. Origin: Vanguard Determination
dimwishlist:item=3946054154&perks=1840239774,839105230,3230963543,1431678320,3017780555,243981275,1119449540,4293542123,2890807135,1888882410,3846229553
dimwishlist:item=3946054154&perks=1840239774,3230963543,1431678320,3017780555,243981275,1119449540,4293542123,2890807135,1888882410,3846229553
dimwishlist:item=3946054154&perks=1840239774,839105230,3230963543,3017780555,243981275,1119449540,4293542123,2890807135,1888882410,3846229553
dimwishlist:item=3946054154&perks=839105230,3230963543,1431678320,3017780555,243981275,1119449540,4293542123,2890807135,1888882410,3846229553
dimwishlist:item=3946054154&perks=1840239774,839105230,1431678320,3017780555,243981275,1119449540,4293542123,2890807135,1888882410,3846229553
dimwishlist:item=3946054154&perks=1840239774,839105230,3230963543,1431678320,3017780555,243981275,1119449540,4293542123,2890807135,1888882410
dimwishlist:item=3946054154&perks=1840239774,3230963543,3017780555,243981275,1119449540,4293542123,2890807135,1888882410,3846229553
dimwishlist:item=3946054154&perks=3230963543,1431678320,3017780555,243981275,1119449540,4293542123,2890807135,1888882410,3846229553
dimwishlist:item=3946054154&perks=1840239774,1431678320,3017780555,243981275,1119449540,4293542123,2890807135,1888882410,3846229553
dimwishlist:item=3946054154&perks=839105230,3230963543,3017780555,243981275,1119449540,4293542123,2890807135,1888882410,3846229553
dimwishlist:item=3946054154&perks=1840239774,839105230,3017780555,243981275,1119449540,4293542123,2890807135,1888882410,3846229553
dimwishlist:item=3946054154&perks=839105230,1431678320,3017780555,243981275,1119449540,4293542123,2890807135,1888882410,3846229553
dimwishlist:item=3946054154&perks=1840239774,3230963543,1431678320,3017780555,243981275,1119449540,4293542123,2890807135,1888882410
dimwishlist:item=3946054154&perks=1840239774,839105230,3230963543,3017780555,243981275,1119449540,4293542123,2890807135,1888882410
dimwishlist:item=3946054154&perks=839105230,3230963543,1431678320,3017780555,243981275,1119449540,4293542123,2890807135,1888882410
dimwishlist:item=3946054154&perks=1840239774,839105230,1431678320,3017780555,243981275,1119449540,4293542123,2890807135,1888882410
dimwishlist:item=3946054154&perks=3230963543,3017780555,243981275,1119449540,4293542123,2890807135,1888882410,3846229553
dimwishlist:item=3946054154&perks=1840239774,3017780555,243981275,1119449540,4293542123,2890807135,1888882410,3846229553
dimwishlist:item=3946054154&perks=1431678320,3017780555,243981275,1119449540,4293542123,2890807135,1888882410,3846229553
dimwishlist:item=3946054154&perks=839105230,3017780555,243981275,1119449540,4293542123,2890807135,1888882410,3846229553
dimwishlist:item=3946054154&perks=1840239774,3230963543,3017780555,243981275,1119449540,4293542123,2890807135,1888882410
dimwishlist:item=3946054154&perks=3230963543,1431678320,3017780555,243981275,1119449540,4293542123,2890807135,1888882410
dimwishlist:item=3946054154&perks=1840239774,1431678320,3017780555,243981275,1119449540,4293542123,2890807135,1888882410
dimwishlist:item=3946054154&perks=839105230,3230963543,3017780555,243981275,1119449540,4293542123,2890807135,1888882410
dimwishlist:item=3946054154&perks=1840239774,839105230,3017780555,243981275,1119449540,4293542123,2890807135,1888882410
dimwishlist:item=3946054154&perks=839105230,1431678320,3017780555,243981275,1119449540,4293542123,2890807135,1888882410
dimwishlist:item=3946054154&perks=3017780555,243981275,1119449540,4293542123,2890807135,1888882410,3846229553
dimwishlist:item=3946054154&perks=3230963543,3017780555,243981275,1119449540,4293542123,2890807135,1888882410
dimwishlist:item=3946054154&perks=1840239774,3017780555,243981275,1119449540,4293542123,2890807135,1888882410
dimwishlist:item=3946054154&perks=1431678320,3017780555,243981275,1119449540,4293542123,2890807135,1888882410
dimwishlist:item=3946054154&perks=839105230,3017780555,243981275,1119449540,4293542123,2890807135,1888882410
dimwishlist:item=3946054154&perks=3017780555,243981275,1119449540,4293542123,2890807135,1888882410

// Antedate
//notes:S-Tier. no utility perks but BiS for PKs, good add slayer, and solid archetype. Origin: Frame of Reference
dimwishlist:item=1435808083&perks=1840239774,839105230,3230963543,1431678320,2848615171,3418782618,3218042543,3966416502,365154968,2109543898,2597494435
dimwishlist:item=1435808083&perks=1840239774,3230963543,1431678320,2848615171,3418782618,3218042543,3966416502,365154968,2109543898,2597494435
dimwishlist:item=1435808083&perks=1840239774,839105230,3230963543,2848615171,3418782618,3218042543,3966416502,365154968,2109543898,2597494435
dimwishlist:item=1435808083&perks=839105230,3230963543,1431678320,2848615171,3418782618,3218042543,3966416502,365154968,2109543898,2597494435
dimwishlist:item=1435808083&perks=1840239774,839105230,1431678320,2848615171,3418782618,3218042543,3966416502,365154968,2109543898,2597494435
dimwishlist:item=1435808083&perks=1840239774,839105230,3230963543,1431678320,2848615171,3418782618,3218042543,3966416502,365154968,2109543898
dimwishlist:item=1435808083&perks=1840239774,3230963543,2848615171,3418782618,3218042543,3966416502,365154968,2109543898,2597494435
dimwishlist:item=1435808083&perks=3230963543,1431678320,2848615171,3418782618,3218042543,3966416502,365154968,2109543898,2597494435
dimwishlist:item=1435808083&perks=1840239774,1431678320,2848615171,3418782618,3218042543,3966416502,365154968,2109543898,2597494435
dimwishlist:item=1435808083&perks=839105230,3230963543,2848615171,3418782618,3218042543,3966416502,365154968,2109543898,2597494435
dimwishlist:item=1435808083&perks=1840239774,839105230,2848615171,3418782618,3218042543,3966416502,365154968,2109543898,2597494435
dimwishlist:item=1435808083&perks=839105230,1431678320,2848615171,3418782618,3218042543,3966416502,365154968,2109543898,2597494435
dimwishlist:item=1435808083&perks=1840239774,3230963543,1431678320,2848615171,3418782618,3218042543,3966416502,365154968,2109543898
dimwishlist:item=1435808083&perks=1840239774,839105230,3230963543,2848615171,3418782618,3218042543,3966416502,365154968,2109543898
dimwishlist:item=1435808083&perks=839105230,3230963543,1431678320,2848615171,3418782618,3218042543,3966416502,365154968,2109543898
dimwishlist:item=1435808083&perks=1840239774,839105230,1431678320,2848615171,3418782618,3218042543,3966416502,365154968,2109543898
dimwishlist:item=1435808083&perks=3230963543,2848615171,3418782618,3218042543,3966416502,365154968,2109543898,2597494435
dimwishlist:item=1435808083&perks=1840239774,2848615171,3418782618,3218042543,3966416502,365154968,2109543898,2597494435
dimwishlist:item=1435808083&perks=1431678320,2848615171,3418782618,3218042543,3966416502,365154968,2109543898,2597494435
dimwishlist:item=1435808083&perks=839105230,2848615171,3418782618,3218042543,3966416502,365154968,2109543898,2597494435
dimwishlist:item=1435808083&perks=1840239774,3230963543,2848615171,3418782618,3218042543,3966416502,365154968,2109543898
dimwishlist:item=1435808083&perks=3230963543,1431678320,2848615171,3418782618,3218042543,3966416502,365154968,2109543898
dimwishlist:item=1435808083&perks=1840239774,1431678320,2848615171,3418782618,3218042543,3966416502,365154968,2109543898
dimwishlist:item=1435808083&perks=839105230,3230963543,2848615171,3418782618,3218042543,3966416502,365154968,2109543898
dimwishlist:item=1435808083&perks=1840239774,839105230,2848615171,3418782618,3218042543,3966416502,365154968,2109543898
dimwishlist:item=1435808083&perks=839105230,1431678320,2848615171,3418782618,3218042543,3966416502,365154968,2109543898
dimwishlist:item=1435808083&perks=2848615171,3418782618,3218042543,3966416502,365154968,2109543898,2597494435
dimwishlist:item=1435808083&perks=3230963543,2848615171,3418782618,3218042543,3966416502,365154968,2109543898
dimwishlist:item=1435808083&perks=1840239774,2848615171,3418782618,3218042543,3966416502,365154968,2109543898
dimwishlist:item=1435808083&perks=1431678320,2848615171,3418782618,3218042543,3966416502,365154968,2109543898
dimwishlist:item=1435808083&perks=839105230,2848615171,3418782618,3218042543,3966416502,365154968,2109543898
dimwishlist:item=1435808083&perks=2848615171,3418782618,3218042543,3966416502,365154968,2109543898

// The Title
//notes:S-Tier. worse archetype than Recluse, also slightly worse reload perks. Origin: Hakke Breach Armaments
dimwishlist:item=3559361670&perks=1840239774,839105230,3230963543,1431678320,776531651,4071163871,3708227201,1607056502
dimwishlist:item=3559361670&perks=1840239774,3230963543,1431678320,776531651,4071163871,3708227201,1607056502
dimwishlist:item=3559361670&perks=1840239774,839105230,3230963543,776531651,4071163871,3708227201,1607056502
dimwishlist:item=3559361670&perks=839105230,3230963543,1431678320,776531651,4071163871,3708227201,1607056502
dimwishlist:item=3559361670&perks=1840239774,839105230,1431678320,776531651,4071163871,3708227201,1607056502
dimwishlist:item=3559361670&perks=1840239774,839105230,3230963543,1431678320,776531651,4071163871,3708227201
dimwishlist:item=3559361670&perks=1840239774,3230963543,776531651,4071163871,3708227201,1607056502
dimwishlist:item=3559361670&perks=3230963543,1431678320,776531651,4071163871,3708227201,1607056502
dimwishlist:item=3559361670&perks=1840239774,1431678320,776531651,4071163871,3708227201,1607056502
dimwishlist:item=3559361670&perks=839105230,3230963543,776531651,4071163871,3708227201,1607056502
dimwishlist:item=3559361670&perks=1840239774,839105230,776531651,4071163871,3708227201,1607056502
dimwishlist:item=3559361670&perks=839105230,1431678320,776531651,4071163871,3708227201,1607056502
dimwishlist:item=3559361670&perks=1840239774,3230963543,1431678320,776531651,4071163871,3708227201
dimwishlist:item=3559361670&perks=1840239774,839105230,3230963543,776531651,4071163871,3708227201
dimwishlist:item=3559361670&perks=839105230,3230963543,1431678320,776531651,4071163871,3708227201
dimwishlist:item=3559361670&perks=1840239774,839105230,1431678320,776531651,4071163871,3708227201
dimwishlist:item=3559361670&perks=3230963543,776531651,4071163871,3708227201,1607056502
dimwishlist:item=3559361670&perks=1840239774,776531651,4071163871,3708227201,1607056502
dimwishlist:item=3559361670&perks=1431678320,776531651,4071163871,3708227201,1607056502
dimwishlist:item=3559361670&perks=839105230,776531651,4071163871,3708227201,1607056502
dimwishlist:item=3559361670&perks=1840239774,3230963543,776531651,4071163871,3708227201
dimwishlist:item=3559361670&perks=3230963543,1431678320,776531651,4071163871,3708227201
dimwishlist:item=3559361670&perks=1840239774,1431678320,776531651,4071163871,3708227201
dimwishlist:item=3559361670&perks=839105230,3230963543,776531651,4071163871,3708227201
dimwishlist:item=3559361670&perks=1840239774,839105230,776531651,4071163871,3708227201
dimwishlist:item=3559361670&perks=839105230,1431678320,776531651,4071163871,3708227201
dimwishlist:item=3559361670&perks=776531651,4071163871,3708227201,1607056502
dimwishlist:item=3559361670&perks=3230963543,776531651,4071163871,3708227201
dimwishlist:item=3559361670&perks=1840239774,776531651,4071163871,3708227201
dimwishlist:item=3559361670&perks=1431678320,776531651,4071163871,3708227201
dimwishlist:item=3559361670&perks=839105230,776531651,4071163871,3708227201
dimwishlist:item=3559361670&perks=776531651,4071163871,3708227201

// The Title
//notes:S-Tier. worse archetype than Recluse, also slightly worse reload perks. Origin: Hakke Breach Armaments
dimwishlist:item=55393445&perks=1840239774,839105230,3230963543,1431678320,776531651,4071163871,2048641572,3708227201,1607056502
dimwishlist:item=55393445&perks=1840239774,3230963543,1431678320,776531651,4071163871,2048641572,3708227201,1607056502
dimwishlist:item=55393445&perks=1840239774,839105230,3230963543,776531651,4071163871,2048641572,3708227201,1607056502
dimwishlist:item=55393445&perks=839105230,3230963543,1431678320,776531651,4071163871,2048641572,3708227201,1607056502
dimwishlist:item=55393445&perks=1840239774,839105230,1431678320,776531651,4071163871,2048641572,3708227201,1607056502
dimwishlist:item=55393445&perks=1840239774,839105230,3230963543,1431678320,776531651,4071163871,2048641572,3708227201
dimwishlist:item=55393445&perks=1840239774,3230963543,776531651,4071163871,2048641572,3708227201,1607056502
dimwishlist:item=55393445&perks=3230963543,1431678320,776531651,4071163871,2048641572,3708227201,1607056502
dimwishlist:item=55393445&perks=1840239774,1431678320,776531651,4071163871,2048641572,3708227201,1607056502
dimwishlist:item=55393445&perks=839105230,3230963543,776531651,4071163871,2048641572,3708227201,1607056502
dimwishlist:item=55393445&perks=1840239774,839105230,776531651,4071163871,2048641572,3708227201,1607056502
dimwishlist:item=55393445&perks=839105230,1431678320,776531651,4071163871,2048641572,3708227201,1607056502
dimwishlist:item=55393445&perks=1840239774,3230963543,1431678320,776531651,4071163871,2048641572,3708227201
dimwishlist:item=55393445&perks=1840239774,839105230,3230963543,776531651,4071163871,2048641572,3708227201
dimwishlist:item=55393445&perks=839105230,3230963543,1431678320,776531651,4071163871,2048641572,3708227201
dimwishlist:item=55393445&perks=1840239774,839105230,1431678320,776531651,4071163871,2048641572,3708227201
dimwishlist:item=55393445&perks=3230963543,776531651,4071163871,2048641572,3708227201,1607056502
dimwishlist:item=55393445&perks=1840239774,776531651,4071163871,2048641572,3708227201,1607056502
dimwishlist:item=55393445&perks=1431678320,776531651,4071163871,2048641572,3708227201,1607056502
dimwishlist:item=55393445&perks=839105230,776531651,4071163871,2048641572,3708227201,1607056502
dimwishlist:item=55393445&perks=1840239774,3230963543,776531651,4071163871,2048641572,3708227201
dimwishlist:item=55393445&perks=3230963543,1431678320,776531651,4071163871,2048641572,3708227201
dimwishlist:item=55393445&perks=1840239774,1431678320,776531651,4071163871,2048641572,3708227201
dimwishlist:item=55393445&perks=839105230,3230963543,776531651,4071163871,2048641572,3708227201
dimwishlist:item=55393445&perks=1840239774,839105230,776531651,4071163871,2048641572,3708227201
dimwishlist:item=55393445&perks=839105230,1431678320,776531651,4071163871,2048641572,3708227201
dimwishlist:item=55393445&perks=776531651,4071163871,2048641572,3708227201,1607056502
dimwishlist:item=55393445&perks=3230963543,776531651,4071163871,2048641572,3708227201
dimwishlist:item=55393445&perks=1840239774,776531651,4071163871,2048641572,3708227201
dimwishlist:item=55393445&perks=1431678320,776531651,4071163871,2048641572,3708227201
dimwishlist:item=55393445&perks=839105230,776531651,4071163871,2048641572,3708227201
dimwishlist:item=55393445&perks=776531651,4071163871,2048641572,3708227201

// The Title
//notes:S-Tier. worse archetype than Recluse, also slightly worse reload perks. Origin: Hakke Breach Armaments
dimwishlist:item=294129361&perks=1840239774,839105230,3230963543,1431678320,4071163871,3708227201,1607056502
dimwishlist:item=294129361&perks=1840239774,3230963543,1431678320,4071163871,3708227201,1607056502
dimwishlist:item=294129361&perks=1840239774,839105230,3230963543,4071163871,3708227201,1607056502
dimwishlist:item=294129361&perks=839105230,3230963543,1431678320,4071163871,3708227201,1607056502
dimwishlist:item=294129361&perks=1840239774,839105230,1431678320,4071163871,3708227201,1607056502
dimwishlist:item=294129361&perks=1840239774,839105230,3230963543,1431678320,4071163871,3708227201
dimwishlist:item=294129361&perks=1840239774,3230963543,4071163871,3708227201,1607056502
dimwishlist:item=294129361&perks=3230963543,1431678320,4071163871,3708227201,1607056502
dimwishlist:item=294129361&perks=1840239774,1431678320,4071163871,3708227201,1607056502
dimwishlist:item=294129361&perks=839105230,3230963543,4071163871,3708227201,1607056502
dimwishlist:item=294129361&perks=1840239774,839105230,4071163871,3708227201,1607056502
dimwishlist:item=294129361&perks=839105230,1431678320,4071163871,3708227201,1607056502
dimwishlist:item=294129361&perks=1840239774,3230963543,1431678320,4071163871,3708227201
dimwishlist:item=294129361&perks=1840239774,839105230,3230963543,4071163871,3708227201
dimwishlist:item=294129361&perks=839105230,3230963543,1431678320,4071163871,3708227201
dimwishlist:item=294129361&perks=1840239774,839105230,1431678320,4071163871,3708227201
dimwishlist:item=294129361&perks=3230963543,4071163871,3708227201,1607056502
dimwishlist:item=294129361&perks=1840239774,4071163871,3708227201,1607056502
dimwishlist:item=294129361&perks=1431678320,4071163871,3708227201,1607056502
dimwishlist:item=294129361&perks=839105230,4071163871,3708227201,1607056502
dimwishlist:item=294129361&perks=1840239774,3230963543,4071163871,3708227201
dimwishlist:item=294129361&perks=3230963543,1431678320,4071163871,3708227201
dimwishlist:item=294129361&perks=1840239774,1431678320,4071163871,3708227201
dimwishlist:item=294129361&perks=839105230,3230963543,4071163871,3708227201
dimwishlist:item=294129361&perks=1840239774,839105230,4071163871,3708227201
dimwishlist:item=294129361&perks=839105230,1431678320,4071163871,3708227201
dimwishlist:item=294129361&perks=4071163871,3708227201,1607056502
dimwishlist:item=294129361&perks=3230963543,4071163871,3708227201
dimwishlist:item=294129361&perks=1840239774,4071163871,3708227201
dimwishlist:item=294129361&perks=1431678320,4071163871,3708227201
dimwishlist:item=294129361&perks=839105230,4071163871,3708227201
dimwishlist:item=294129361&perks=4071163871,3708227201

// The Title
//notes:S-Tier. worse archetype than Recluse, also slightly worse reload perks. Origin: Hakke Breach Armaments
dimwishlist:item=655712834&perks=1840239774,839105230,3230963543,1431678320,776531651,4071163871,2048641572,3708227201,1607056502
dimwishlist:item=655712834&perks=1840239774,3230963543,1431678320,776531651,4071163871,2048641572,3708227201,1607056502
dimwishlist:item=655712834&perks=1840239774,839105230,3230963543,776531651,4071163871,2048641572,3708227201,1607056502
dimwishlist:item=655712834&perks=839105230,3230963543,1431678320,776531651,4071163871,2048641572,3708227201,1607056502
dimwishlist:item=655712834&perks=1840239774,839105230,1431678320,776531651,4071163871,2048641572,3708227201,1607056502
dimwishlist:item=655712834&perks=1840239774,839105230,3230963543,1431678320,776531651,4071163871,2048641572,3708227201
dimwishlist:item=655712834&perks=1840239774,3230963543,776531651,4071163871,2048641572,3708227201,1607056502
dimwishlist:item=655712834&perks=3230963543,1431678320,776531651,4071163871,2048641572,3708227201,1607056502
dimwishlist:item=655712834&perks=1840239774,1431678320,776531651,4071163871,2048641572,3708227201,1607056502
dimwishlist:item=655712834&perks=839105230,3230963543,776531651,4071163871,2048641572,3708227201,1607056502
dimwishlist:item=655712834&perks=1840239774,839105230,776531651,4071163871,2048641572,3708227201,1607056502
dimwishlist:item=655712834&perks=839105230,1431678320,776531651,4071163871,2048641572,3708227201,1607056502
dimwishlist:item=655712834&perks=1840239774,3230963543,1431678320,776531651,4071163871,2048641572,3708227201
dimwishlist:item=655712834&perks=1840239774,839105230,3230963543,776531651,4071163871,2048641572,3708227201
dimwishlist:item=655712834&perks=839105230,3230963543,1431678320,776531651,4071163871,2048641572,3708227201
dimwishlist:item=655712834&perks=1840239774,839105230,1431678320,776531651,4071163871,2048641572,3708227201
dimwishlist:item=655712834&perks=3230963543,776531651,4071163871,2048641572,3708227201,1607056502
dimwishlist:item=655712834&perks=1840239774,776531651,4071163871,2048641572,3708227201,1607056502
dimwishlist:item=655712834&perks=1431678320,776531651,4071163871,2048641572,3708227201,1607056502
dimwishlist:item=655712834&perks=839105230,776531651,4071163871,2048641572,3708227201,1607056502
dimwishlist:item=655712834&perks=1840239774,3230963543,776531651,4071163871,2048641572,3708227201
dimwishlist:item=655712834&perks=3230963543,1431678320,776531651,4071163871,2048641572,3708227201
dimwishlist:item=655712834&perks=1840239774,1431678320,776531651,4071163871,2048641572,3708227201
dimwishlist:item=655712834&perks=839105230,3230963543,776531651,4071163871,2048641572,3708227201
dimwishlist:item=655712834&perks=1840239774,839105230,776531651,4071163871,2048641572,3708227201
dimwishlist:item=655712834&perks=839105230,1431678320,776531651,4071163871,2048641572,3708227201
dimwishlist:item=655712834&perks=776531651,4071163871,2048641572,3708227201,1607056502
dimwishlist:item=655712834&perks=3230963543,776531651,4071163871,2048641572,3708227201
dimwishlist:item=655712834&perks=1840239774,776531651,4071163871,2048641572,3708227201
dimwishlist:item=655712834&perks=1431678320,776531651,4071163871,2048641572,3708227201
dimwishlist:item=655712834&perks=839105230,776531651,4071163871,2048641572,3708227201
dimwishlist:item=655712834&perks=776531651,4071163871,2048641572,3708227201

// Gunburn
//notes:A-Tier. no Attrition + KT combo, otherwise pretty solid. Origin: Veist Stinger
dimwishlist:item=3431536253&perks=1840239774,839105230,3230963543,1431678320,2289534249,1570399071,691659142,3891536761,1202584452,243981275,3988215619
dimwishlist:item=3431536253&perks=1840239774,3230963543,1431678320,2289534249,1570399071,691659142,3891536761,1202584452,243981275,3988215619
dimwishlist:item=3431536253&perks=1840239774,839105230,3230963543,2289534249,1570399071,691659142,3891536761,1202584452,243981275,3988215619
dimwishlist:item=3431536253&perks=839105230,3230963543,1431678320,2289534249,1570399071,691659142,3891536761,1202584452,243981275,3988215619
dimwishlist:item=3431536253&perks=1840239774,839105230,1431678320,2289534249,1570399071,691659142,3891536761,1202584452,243981275,3988215619
dimwishlist:item=3431536253&perks=1840239774,839105230,3230963543,1431678320,2289534249,1570399071,691659142,3891536761,1202584452,243981275
dimwishlist:item=3431536253&perks=1840239774,3230963543,2289534249,1570399071,691659142,3891536761,1202584452,243981275,3988215619
dimwishlist:item=3431536253&perks=3230963543,1431678320,2289534249,1570399071,691659142,3891536761,1202584452,243981275,3988215619
dimwishlist:item=3431536253&perks=1840239774,1431678320,2289534249,1570399071,691659142,3891536761,1202584452,243981275,3988215619
dimwishlist:item=3431536253&perks=839105230,3230963543,2289534249,1570399071,691659142,3891536761,1202584452,243981275,3988215619
dimwishlist:item=3431536253&perks=1840239774,839105230,2289534249,1570399071,691659142,3891536761,1202584452,243981275,3988215619
dimwishlist:item=3431536253&perks=839105230,1431678320,2289534249,1570399071,691659142,3891536761,1202584452,243981275,3988215619
dimwishlist:item=3431536253&perks=1840239774,3230963543,1431678320,2289534249,1570399071,691659142,3891536761,1202584452,243981275
dimwishlist:item=3431536253&perks=1840239774,839105230,3230963543,2289534249,1570399071,691659142,3891536761,1202584452,243981275
dimwishlist:item=3431536253&perks=839105230,3230963543,1431678320,2289534249,1570399071,691659142,3891536761,1202584452,243981275
dimwishlist:item=3431536253&perks=1840239774,839105230,1431678320,2289534249,1570399071,691659142,3891536761,1202584452,243981275
dimwishlist:item=3431536253&perks=3230963543,2289534249,1570399071,691659142,3891536761,1202584452,243981275,3988215619
dimwishlist:item=3431536253&perks=1840239774,2289534249,1570399071,691659142,3891536761,1202584452,243981275,3988215619
dimwishlist:item=3431536253&perks=1431678320,2289534249,1570399071,691659142,3891536761,1202584452,243981275,3988215619
dimwishlist:item=3431536253&perks=839105230,2289534249,1570399071,691659142,3891536761,1202584452,243981275,3988215619
dimwishlist:item=3431536253&perks=1840239774,3230963543,2289534249,1570399071,691659142,3891536761,1202584452,243981275
dimwishlist:item=3431536253&perks=3230963543,1431678320,2289534249,1570399071,691659142,3891536761,1202584452,243981275
dimwishlist:item=3431536253&perks=1840239774,1431678320,2289534249,1570399071,691659142,3891536761,1202584452,243981275
dimwishlist:item=3431536253&perks=839105230,3230963543,2289534249,1570399071,691659142,3891536761,1202584452,243981275
dimwishlist:item=3431536253&perks=1840239774,839105230,2289534249,1570399071,691659142,3891536761,1202584452,243981275
dimwishlist:item=3431536253&perks=839105230,1431678320,2289534249,1570399071,691659142,3891536761,1202584452,243981275
dimwishlist:item=3431536253&perks=2289534249,1570399071,691659142,3891536761,1202584452,243981275,3988215619
dimwishlist:item=3431536253&perks=3230963543,2289534249,1570399071,691659142,3891536761,1202584452,243981275
dimwishlist:item=3431536253&perks=1840239774,2289534249,1570399071,691659142,3891536761,1202584452,243981275
dimwishlist:item=3431536253&perks=1431678320,2289534249,1570399071,691659142,3891536761,1202584452,243981275
dimwishlist:item=3431536253&perks=839105230,2289534249,1570399071,691659142,3891536761,1202584452,243981275
dimwishlist:item=3431536253&perks=2289534249,1570399071,691659142,3891536761,1202584452,243981275

// Gunburn
//notes:A-Tier. no Attrition + KT combo, otherwise pretty solid. Origin: Veist Stinger
dimwishlist:item=72775246&perks=1840239774,839105230,3230963543,1431678320,2289534249,1570399071,691659142,3891536761,1202584452,243981275,3988215619
dimwishlist:item=72775246&perks=1840239774,3230963543,1431678320,2289534249,1570399071,691659142,3891536761,1202584452,243981275,3988215619
dimwishlist:item=72775246&perks=1840239774,839105230,3230963543,2289534249,1570399071,691659142,3891536761,1202584452,243981275,3988215619
dimwishlist:item=72775246&perks=839105230,3230963543,1431678320,2289534249,1570399071,691659142,3891536761,1202584452,243981275,3988215619
dimwishlist:item=72775246&perks=1840239774,839105230,1431678320,2289534249,1570399071,691659142,3891536761,1202584452,243981275,3988215619
dimwishlist:item=72775246&perks=1840239774,839105230,3230963543,1431678320,2289534249,1570399071,691659142,3891536761,1202584452,243981275
dimwishlist:item=72775246&perks=1840239774,3230963543,2289534249,1570399071,691659142,3891536761,1202584452,243981275,3988215619
dimwishlist:item=72775246&perks=3230963543,1431678320,2289534249,1570399071,691659142,3891536761,1202584452,243981275,3988215619
dimwishlist:item=72775246&perks=1840239774,1431678320,2289534249,1570399071,691659142,3891536761,1202584452,243981275,3988215619
dimwishlist:item=72775246&perks=839105230,3230963543,2289534249,1570399071,691659142,3891536761,1202584452,243981275,3988215619
dimwishlist:item=72775246&perks=1840239774,839105230,2289534249,1570399071,691659142,3891536761,1202584452,243981275,3988215619
dimwishlist:item=72775246&perks=839105230,1431678320,2289534249,1570399071,691659142,3891536761,1202584452,243981275,3988215619
dimwishlist:item=72775246&perks=1840239774,3230963543,1431678320,2289534249,1570399071,691659142,3891536761,1202584452,243981275
dimwishlist:item=72775246&perks=1840239774,839105230,3230963543,2289534249,1570399071,691659142,3891536761,1202584452,243981275
dimwishlist:item=72775246&perks=839105230,3230963543,1431678320,2289534249,1570399071,691659142,3891536761,1202584452,243981275
dimwishlist:item=72775246&perks=1840239774,839105230,1431678320,2289534249,1570399071,691659142,3891536761,1202584452,243981275
dimwishlist:item=72775246&perks=3230963543,2289534249,1570399071,691659142,3891536761,1202584452,243981275,3988215619
dimwishlist:item=72775246&perks=1840239774,2289534249,1570399071,691659142,3891536761,1202584452,243981275,3988215619
dimwishlist:item=72775246&perks=1431678320,2289534249,1570399071,691659142,3891536761,1202584452,243981275,3988215619
dimwishlist:item=72775246&perks=839105230,2289534249,1570399071,691659142,3891536761,1202584452,243981275,3988215619
dimwishlist:item=72775246&perks=1840239774,3230963543,2289534249,1570399071,691659142,3891536761,1202584452,243981275
dimwishlist:item=72775246&perks=3230963543,1431678320,2289534249,1570399071,691659142,3891536761,1202584452,243981275
dimwishlist:item=72775246&perks=1840239774,1431678320,2289534249,1570399071,691659142,3891536761,1202584452,243981275
dimwishlist:item=72775246&perks=839105230,3230963543,2289534249,1570399071,691659142,3891536761,1202584452,243981275
dimwishlist:item=72775246&perks=1840239774,839105230,2289534249,1570399071,691659142,3891536761,1202584452,243981275
dimwishlist:item=72775246&perks=839105230,1431678320,2289534249,1570399071,691659142,3891536761,1202584452,243981275
dimwishlist:item=72775246&perks=2289534249,1570399071,691659142,3891536761,1202584452,243981275,3988215619
dimwishlist:item=72775246&perks=3230963543,2289534249,1570399071,691659142,3891536761,1202584452,243981275
dimwishlist:item=72775246&perks=1840239774,2289534249,1570399071,691659142,3891536761,1202584452,243981275
dimwishlist:item=72775246&perks=1431678320,2289534249,1570399071,691659142,3891536761,1202584452,243981275
dimwishlist:item=72775246&perks=839105230,2289534249,1570399071,691659142,3891536761,1202584452,243981275
dimwishlist:item=72775246&perks=2289534249,1570399071,691659142,3891536761,1202584452,243981275

// Imminence
//notes:A-Tier. excellent neutral perks, only held back by energy and origin. Origin: Collective Purpose
dimwishlist:item=3951511045&perks=1840239774,839105230,3230963543,1431678320,3523296417,923806249,3828510309,3824105627,3640170453,831391274,1878756191
dimwishlist:item=3951511045&perks=1840239774,3230963543,1431678320,3523296417,923806249,3828510309,3824105627,3640170453,831391274,1878756191
dimwishlist:item=3951511045&perks=1840239774,839105230,3230963543,3523296417,923806249,3828510309,3824105627,3640170453,831391274,1878756191
dimwishlist:item=3951511045&perks=839105230,3230963543,1431678320,3523296417,923806249,3828510309,3824105627,3640170453,831391274,1878756191
dimwishlist:item=3951511045&perks=1840239774,839105230,1431678320,3523296417,923806249,3828510309,3824105627,3640170453,831391274,1878756191
dimwishlist:item=3951511045&perks=1840239774,839105230,3230963543,1431678320,3523296417,923806249,3828510309,3824105627,3640170453,831391274
dimwishlist:item=3951511045&perks=1840239774,3230963543,3523296417,923806249,3828510309,3824105627,3640170453,831391274,1878756191
dimwishlist:item=3951511045&perks=3230963543,1431678320,3523296417,923806249,3828510309,3824105627,3640170453,831391274,1878756191
dimwishlist:item=3951511045&perks=1840239774,1431678320,3523296417,923806249,3828510309,3824105627,3640170453,831391274,1878756191
dimwishlist:item=3951511045&perks=839105230,3230963543,3523296417,923806249,3828510309,3824105627,3640170453,831391274,1878756191
dimwishlist:item=3951511045&perks=1840239774,839105230,3523296417,923806249,3828510309,3824105627,3640170453,831391274,1878756191
dimwishlist:item=3951511045&perks=839105230,1431678320,3523296417,923806249,3828510309,3824105627,3640170453,831391274,1878756191
dimwishlist:item=3951511045&perks=1840239774,3230963543,1431678320,3523296417,923806249,3828510309,3824105627,3640170453,831391274
dimwishlist:item=3951511045&perks=1840239774,839105230,3230963543,3523296417,923806249,3828510309,3824105627,3640170453,831391274
dimwishlist:item=3951511045&perks=839105230,3230963543,1431678320,3523296417,923806249,3828510309,3824105627,3640170453,831391274
dimwishlist:item=3951511045&perks=1840239774,839105230,1431678320,3523296417,923806249,3828510309,3824105627,3640170453,831391274
dimwishlist:item=3951511045&perks=3230963543,3523296417,923806249,3828510309,3824105627,3640170453,831391274,1878756191
dimwishlist:item=3951511045&perks=1840239774,3523296417,923806249,3828510309,3824105627,3640170453,831391274,1878756191
dimwishlist:item=3951511045&perks=1431678320,3523296417,923806249,3828510309,3824105627,3640170453,831391274,1878756191
dimwishlist:item=3951511045&perks=839105230,3523296417,923806249,3828510309,3824105627,3640170453,831391274,1878756191
dimwishlist:item=3951511045&perks=1840239774,3230963543,3523296417,923806249,3828510309,3824105627,3640170453,831391274
dimwishlist:item=3951511045&perks=3230963543,1431678320,3523296417,923806249,3828510309,3824105627,3640170453,831391274
dimwishlist:item=3951511045&perks=1840239774,1431678320,3523296417,923806249,3828510309,3824105627,3640170453,831391274
dimwishlist:item=3951511045&perks=839105230,3230963543,3523296417,923806249,3828510309,3824105627,3640170453,831391274
dimwishlist:item=3951511045&perks=1840239774,839105230,3523296417,923806249,3828510309,3824105627,3640170453,831391274
dimwishlist:item=3951511045&perks=839105230,1431678320,3523296417,923806249,3828510309,3824105627,3640170453,831391274
dimwishlist:item=3951511045&perks=3523296417,923806249,3828510309,3824105627,3640170453,831391274,1878756191
dimwishlist:item=3951511045&perks=3230963543,3523296417,923806249,3828510309,3824105627,3640170453,831391274
dimwishlist:item=3951511045&perks=1840239774,3523296417,923806249,3828510309,3824105627,3640170453,831391274
dimwishlist:item=3951511045&perks=1431678320,3523296417,923806249,3828510309,3824105627,3640170453,831391274
dimwishlist:item=3951511045&perks=839105230,3523296417,923806249,3828510309,3824105627,3640170453,831391274
dimwishlist:item=3951511045&perks=3523296417,923806249,3828510309,3824105627,3640170453,831391274

// Imminence
//notes:A-Tier. excellent neutral perks, only held back by energy and origin. Origin: Collective Purpose
dimwishlist:item=1258168956&perks=1840239774,839105230,3230963543,1431678320,3523296417,923806249,3828510309,3824105627,3640170453,831391274,1878756191
dimwishlist:item=1258168956&perks=1840239774,3230963543,1431678320,3523296417,923806249,3828510309,3824105627,3640170453,831391274,1878756191
dimwishlist:item=1258168956&perks=1840239774,839105230,3230963543,3523296417,923806249,3828510309,3824105627,3640170453,831391274,1878756191
dimwishlist:item=1258168956&perks=839105230,3230963543,1431678320,3523296417,923806249,3828510309,3824105627,3640170453,831391274,1878756191
dimwishlist:item=1258168956&perks=1840239774,839105230,1431678320,3523296417,923806249,3828510309,3824105627,3640170453,831391274,1878756191
dimwishlist:item=1258168956&perks=1840239774,839105230,3230963543,1431678320,3523296417,923806249,3828510309,3824105627,3640170453,831391274
dimwishlist:item=1258168956&perks=1840239774,3230963543,3523296417,923806249,3828510309,3824105627,3640170453,831391274,1878756191
dimwishlist:item=1258168956&perks=3230963543,1431678320,3523296417,923806249,3828510309,3824105627,3640170453,831391274,1878756191
dimwishlist:item=1258168956&perks=1840239774,1431678320,3523296417,923806249,3828510309,3824105627,3640170453,831391274,1878756191
dimwishlist:item=1258168956&perks=839105230,3230963543,3523296417,923806249,3828510309,3824105627,3640170453,831391274,1878756191
dimwishlist:item=1258168956&perks=1840239774,839105230,3523296417,923806249,3828510309,3824105627,3640170453,831391274,1878756191
dimwishlist:item=1258168956&perks=839105230,1431678320,3523296417,923806249,3828510309,3824105627,3640170453,831391274,1878756191
dimwishlist:item=1258168956&perks=1840239774,3230963543,1431678320,3523296417,923806249,3828510309,3824105627,3640170453,831391274
dimwishlist:item=1258168956&perks=1840239774,839105230,3230963543,3523296417,923806249,3828510309,3824105627,3640170453,831391274
dimwishlist:item=1258168956&perks=839105230,3230963543,1431678320,3523296417,923806249,3828510309,3824105627,3640170453,831391274
dimwishlist:item=1258168956&perks=1840239774,839105230,1431678320,3523296417,923806249,3828510309,3824105627,3640170453,831391274
dimwishlist:item=1258168956&perks=3230963543,3523296417,923806249,3828510309,3824105627,3640170453,831391274,1878756191
dimwishlist:item=1258168956&perks=1840239774,3523296417,923806249,3828510309,3824105627,3640170453,831391274,1878756191
dimwishlist:item=1258168956&perks=1431678320,3523296417,923806249,3828510309,3824105627,3640170453,831391274,1878756191
dimwishlist:item=1258168956&perks=839105230,3523296417,923806249,3828510309,3824105627,3640170453,831391274,1878756191
dimwishlist:item=1258168956&perks=1840239774,3230963543,3523296417,923806249,3828510309,3824105627,3640170453,831391274
dimwishlist:item=1258168956&perks=3230963543,1431678320,3523296417,923806249,3828510309,3824105627,3640170453,831391274
dimwishlist:item=1258168956&perks=1840239774,1431678320,3523296417,923806249,3828510309,3824105627,3640170453,831391274
dimwishlist:item=1258168956&perks=839105230,3230963543,3523296417,923806249,3828510309,3824105627,3640170453,831391274
dimwishlist:item=1258168956&perks=1840239774,839105230,3523296417,923806249,3828510309,3824105627,3640170453,831391274
dimwishlist:item=1258168956&perks=839105230,1431678320,3523296417,923806249,3828510309,3824105627,3640170453,831391274
dimwishlist:item=1258168956&perks=3523296417,923806249,3828510309,3824105627,3640170453,831391274,1878756191
dimwishlist:item=1258168956&perks=3230963543,3523296417,923806249,3828510309,3824105627,3640170453,831391274
dimwishlist:item=1258168956&perks=1840239774,3523296417,923806249,3828510309,3824105627,3640170453,831391274
dimwishlist:item=1258168956&perks=1431678320,3523296417,923806249,3828510309,3824105627,3640170453,831391274
dimwishlist:item=1258168956&perks=839105230,3523296417,923806249,3828510309,3824105627,3640170453,831391274
dimwishlist:item=1258168956&perks=3523296417,923806249,3828510309,3824105627,3640170453,831391274

// No Survivors
RotN version
//notes:A-Tier. solid Incandescent SMG, worse than Yeartide in most departments. Origin: Gravity Well
dimwishlist:item=3262192268&perks=1840239774,839105230,3230963543,1431678320,3523296417,4293542123
dimwishlist:item=3262192268&perks=1840239774,3230963543,1431678320,3523296417,4293542123
dimwishlist:item=3262192268&perks=1840239774,839105230,3230963543,3523296417,4293542123
dimwishlist:item=3262192268&perks=839105230,3230963543,1431678320,3523296417,4293542123
dimwishlist:item=3262192268&perks=1840239774,839105230,1431678320,3523296417,4293542123
dimwishlist:item=3262192268&perks=1840239774,3230963543,3523296417,4293542123
dimwishlist:item=3262192268&perks=3230963543,1431678320,3523296417,4293542123
dimwishlist:item=3262192268&perks=1840239774,1431678320,3523296417,4293542123
dimwishlist:item=3262192268&perks=839105230,3230963543,3523296417,4293542123
dimwishlist:item=3262192268&perks=1840239774,839105230,3523296417,4293542123
dimwishlist:item=3262192268&perks=839105230,1431678320,3523296417,4293542123
dimwishlist:item=3262192268&perks=3230963543,3523296417,4293542123
dimwishlist:item=3262192268&perks=1840239774,3523296417,4293542123
dimwishlist:item=3262192268&perks=1431678320,3523296417,4293542123
dimwishlist:item=3262192268&perks=839105230,3523296417,4293542123
dimwishlist:item=3262192268&perks=3523296417,4293542123

// No Survivors
RotN version
//notes:A-Tier. solid Incandescent SMG, worse than Yeartide in most departments. Origin: Gravity Well
dimwishlist:item=4193602194&perks=1840239774,839105230,3230963543,1431678320,3017780555,243981275,3523296417,4293542123,59871045
dimwishlist:item=4193602194&perks=1840239774,3230963543,1431678320,3017780555,243981275,3523296417,4293542123,59871045
dimwishlist:item=4193602194&perks=1840239774,839105230,3230963543,3017780555,243981275,3523296417,4293542123,59871045
dimwishlist:item=4193602194&perks=839105230,3230963543,1431678320,3017780555,243981275,3523296417,4293542123,59871045
dimwishlist:item=4193602194&perks=1840239774,839105230,1431678320,3017780555,243981275,3523296417,4293542123,59871045
dimwishlist:item=4193602194&perks=1840239774,839105230,3230963543,1431678320,3017780555,243981275,3523296417,4293542123
dimwishlist:item=4193602194&perks=1840239774,3230963543,3017780555,243981275,3523296417,4293542123,59871045
dimwishlist:item=4193602194&perks=3230963543,1431678320,3017780555,243981275,3523296417,4293542123,59871045
dimwishlist:item=4193602194&perks=1840239774,1431678320,3017780555,243981275,3523296417,4293542123,59871045
dimwishlist:item=4193602194&perks=839105230,3230963543,3017780555,243981275,3523296417,4293542123,59871045
dimwishlist:item=4193602194&perks=1840239774,839105230,3017780555,243981275,3523296417,4293542123,59871045
dimwishlist:item=4193602194&perks=839105230,1431678320,3017780555,243981275,3523296417,4293542123,59871045
dimwishlist:item=4193602194&perks=1840239774,3230963543,1431678320,3017780555,243981275,3523296417,4293542123
dimwishlist:item=4193602194&perks=1840239774,839105230,3230963543,3017780555,243981275,3523296417,4293542123
dimwishlist:item=4193602194&perks=839105230,3230963543,1431678320,3017780555,243981275,3523296417,4293542123
dimwishlist:item=4193602194&perks=1840239774,839105230,1431678320,3017780555,243981275,3523296417,4293542123
dimwishlist:item=4193602194&perks=3230963543,3017780555,243981275,3523296417,4293542123,59871045
dimwishlist:item=4193602194&perks=1840239774,3017780555,243981275,3523296417,4293542123,59871045
dimwishlist:item=4193602194&perks=1431678320,3017780555,243981275,3523296417,4293542123,59871045
dimwishlist:item=4193602194&perks=839105230,3017780555,243981275,3523296417,4293542123,59871045
dimwishlist:item=4193602194&perks=1840239774,3230963543,3017780555,243981275,3523296417,4293542123
dimwishlist:item=4193602194&perks=3230963543,1431678320,3017780555,243981275,3523296417,4293542123
dimwishlist:item=4193602194&perks=1840239774,1431678320,3017780555,243981275,3523296417,4293542123
dimwishlist:item=4193602194&perks=839105230,3230963543,3017780555,243981275,3523296417,4293542123
dimwishlist:item=4193602194&perks=1840239774,839105230,3017780555,243981275,3523296417,4293542123
dimwishlist:item=4193602194&perks=839105230,1431678320,3017780555,243981275,3523296417,4293542123
dimwishlist:item=4193602194&perks=3017780555,243981275,3523296417,4293542123,59871045
dimwishlist:item=4193602194&perks=3230963543,3017780555,243981275,3523296417,4293542123
dimwishlist:item=4193602194&perks=1840239774,3017780555,243981275,3523296417,4293542123
dimwishlist:item=4193602194&perks=1431678320,3017780555,243981275,3523296417,4293542123
dimwishlist:item=4193602194&perks=839105230,3017780555,243981275,3523296417,4293542123
dimwishlist:item=4193602194&perks=3017780555,243981275,3523296417,4293542123

// No Survivors
RotN version
//notes:A-Tier. solid Incandescent SMG, worse than Yeartide in most departments. Origin: Gravity Well
dimwishlist:item=4228149269&perks=1840239774,839105230,3230963543,1431678320,3017780555,243981275,3523296417,4293542123,59871045
dimwishlist:item=4228149269&perks=1840239774,3230963543,1431678320,3017780555,243981275,3523296417,4293542123,59871045
dimwishlist:item=4228149269&perks=1840239774,839105230,3230963543,3017780555,243981275,3523296417,4293542123,59871045
dimwishlist:item=4228149269&perks=839105230,3230963543,1431678320,3017780555,243981275,3523296417,4293542123,59871045
dimwishlist:item=4228149269&perks=1840239774,839105230,1431678320,3017780555,243981275,3523296417,4293542123,59871045
dimwishlist:item=4228149269&perks=1840239774,839105230,3230963543,1431678320,3017780555,243981275,3523296417,4293542123
dimwishlist:item=4228149269&perks=1840239774,3230963543,3017780555,243981275,3523296417,4293542123,59871045
dimwishlist:item=4228149269&perks=3230963543,1431678320,3017780555,243981275,3523296417,4293542123,59871045
dimwishlist:item=4228149269&perks=1840239774,1431678320,3017780555,243981275,3523296417,4293542123,59871045
dimwishlist:item=4228149269&perks=839105230,3230963543,3017780555,243981275,3523296417,4293542123,59871045
dimwishlist:item=4228149269&perks=1840239774,839105230,3017780555,243981275,3523296417,4293542123,59871045
dimwishlist:item=4228149269&perks=839105230,1431678320,3017780555,243981275,3523296417,4293542123,59871045
dimwishlist:item=4228149269&perks=1840239774,3230963543,1431678320,3017780555,243981275,3523296417,4293542123
dimwishlist:item=4228149269&perks=1840239774,839105230,3230963543,3017780555,243981275,3523296417,4293542123
dimwishlist:item=4228149269&perks=839105230,3230963543,1431678320,3017780555,243981275,3523296417,4293542123
dimwishlist:item=4228149269&perks=1840239774,839105230,1431678320,3017780555,243981275,3523296417,4293542123
dimwishlist:item=4228149269&perks=3230963543,3017780555,243981275,3523296417,4293542123,59871045
dimwishlist:item=4228149269&perks=1840239774,3017780555,243981275,3523296417,4293542123,59871045
dimwishlist:item=4228149269&perks=1431678320,3017780555,243981275,3523296417,4293542123,59871045
dimwishlist:item=4228149269&perks=839105230,3017780555,243981275,3523296417,4293542123,59871045
dimwishlist:item=4228149269&perks=1840239774,3230963543,3017780555,243981275,3523296417,4293542123
dimwishlist:item=4228149269&perks=3230963543,1431678320,3017780555,243981275,3523296417,4293542123
dimwishlist:item=4228149269&perks=1840239774,1431678320,3017780555,243981275,3523296417,4293542123
dimwishlist:item=4228149269&perks=839105230,3230963543,3017780555,243981275,3523296417,4293542123
dimwishlist:item=4228149269&perks=1840239774,839105230,3017780555,243981275,3523296417,4293542123
dimwishlist:item=4228149269&perks=839105230,1431678320,3017780555,243981275,3523296417,4293542123
dimwishlist:item=4228149269&perks=3017780555,243981275,3523296417,4293542123,59871045
dimwishlist:item=4228149269&perks=3230963543,3017780555,243981275,3523296417,4293542123
dimwishlist:item=4228149269&perks=1840239774,3017780555,243981275,3523296417,4293542123
dimwishlist:item=4228149269&perks=1431678320,3017780555,243981275,3523296417,4293542123
dimwishlist:item=4228149269&perks=839105230,3017780555,243981275,3523296417,4293542123
dimwishlist:item=4228149269&perks=3017780555,243981275,3523296417,4293542123

// Shayura's Wrath
//notes:A-Tier. worst archetype but solid perks, bad origin. Origin: One Quiet Moment
dimwishlist:item=2022294213&perks=1840239774,839105230,3230963543,1431678320,776531651,3978468247,2048641572,4091460919
dimwishlist:item=2022294213&perks=1840239774,3230963543,1431678320,776531651,3978468247,2048641572,4091460919
dimwishlist:item=2022294213&perks=1840239774,839105230,3230963543,776531651,3978468247,2048641572,4091460919
dimwishlist:item=2022294213&perks=839105230,3230963543,1431678320,776531651,3978468247,2048641572,4091460919
dimwishlist:item=2022294213&perks=1840239774,839105230,1431678320,776531651,3978468247,2048641572,4091460919
dimwishlist:item=2022294213&perks=1840239774,839105230,3230963543,1431678320,776531651,3978468247,2048641572
dimwishlist:item=2022294213&perks=1840239774,3230963543,776531651,3978468247,2048641572,4091460919
dimwishlist:item=2022294213&perks=3230963543,1431678320,776531651,3978468247,2048641572,4091460919
dimwishlist:item=2022294213&perks=1840239774,1431678320,776531651,3978468247,2048641572,4091460919
dimwishlist:item=2022294213&perks=839105230,3230963543,776531651,3978468247,2048641572,4091460919
dimwishlist:item=2022294213&perks=1840239774,839105230,776531651,3978468247,2048641572,4091460919
dimwishlist:item=2022294213&perks=839105230,1431678320,776531651,3978468247,2048641572,4091460919
dimwishlist:item=2022294213&perks=1840239774,3230963543,1431678320,776531651,3978468247,2048641572
dimwishlist:item=2022294213&perks=1840239774,839105230,3230963543,776531651,3978468247,2048641572
dimwishlist:item=2022294213&perks=839105230,3230963543,1431678320,776531651,3978468247,2048641572
dimwishlist:item=2022294213&perks=1840239774,839105230,1431678320,776531651,3978468247,2048641572
dimwishlist:item=2022294213&perks=3230963543,776531651,3978468247,2048641572,4091460919
dimwishlist:item=2022294213&perks=1840239774,776531651,3978468247,2048641572,4091460919
dimwishlist:item=2022294213&perks=1431678320,776531651,3978468247,2048641572,4091460919
dimwishlist:item=2022294213&perks=839105230,776531651,3978468247,2048641572,4091460919
dimwishlist:item=2022294213&perks=1840239774,3230963543,776531651,3978468247,2048641572
dimwishlist:item=2022294213&perks=3230963543,1431678320,776531651,3978468247,2048641572
dimwishlist:item=2022294213&perks=1840239774,1431678320,776531651,3978468247,2048641572
dimwishlist:item=2022294213&perks=839105230,3230963543,776531651,3978468247,2048641572
dimwishlist:item=2022294213&perks=1840239774,839105230,776531651,3978468247,2048641572
dimwishlist:item=2022294213&perks=839105230,1431678320,776531651,3978468247,2048641572
dimwishlist:item=2022294213&perks=776531651,3978468247,2048641572,4091460919
dimwishlist:item=2022294213&perks=3230963543,776531651,3978468247,2048641572
dimwishlist:item=2022294213&perks=1840239774,776531651,3978468247,2048641572
dimwishlist:item=2022294213&perks=1431678320,776531651,3978468247,2048641572
dimwishlist:item=2022294213&perks=839105230,776531651,3978468247,2048641572
dimwishlist:item=2022294213&perks=776531651,3978468247,2048641572

// Shayura's Wrath
//notes:A-Tier. worst archetype but solid perks, bad origin. Origin: One Quiet Moment
dimwishlist:item=501345268&perks=1840239774,839105230,3230963543,1431678320,776531651,3978468247,2048641572,4091460919
dimwishlist:item=501345268&perks=1840239774,3230963543,1431678320,776531651,3978468247,2048641572,4091460919
dimwishlist:item=501345268&perks=1840239774,839105230,3230963543,776531651,3978468247,2048641572,4091460919
dimwishlist:item=501345268&perks=839105230,3230963543,1431678320,776531651,3978468247,2048641572,4091460919
dimwishlist:item=501345268&perks=1840239774,839105230,1431678320,776531651,3978468247,2048641572,4091460919
dimwishlist:item=501345268&perks=1840239774,839105230,3230963543,1431678320,776531651,3978468247,2048641572
dimwishlist:item=501345268&perks=1840239774,3230963543,776531651,3978468247,2048641572,4091460919
dimwishlist:item=501345268&perks=3230963543,1431678320,776531651,3978468247,2048641572,4091460919
dimwishlist:item=501345268&perks=1840239774,1431678320,776531651,3978468247,2048641572,4091460919
dimwishlist:item=501345268&perks=839105230,3230963543,776531651,3978468247,2048641572,4091460919
dimwishlist:item=501345268&perks=1840239774,839105230,776531651,3978468247,2048641572,4091460919
dimwishlist:item=501345268&perks=839105230,1431678320,776531651,3978468247,2048641572,4091460919
dimwishlist:item=501345268&perks=1840239774,3230963543,1431678320,776531651,3978468247,2048641572
dimwishlist:item=501345268&perks=1840239774,839105230,3230963543,776531651,3978468247,2048641572
dimwishlist:item=501345268&perks=839105230,3230963543,1431678320,776531651,3978468247,2048641572
dimwishlist:item=501345268&perks=1840239774,839105230,1431678320,776531651,3978468247,2048641572
dimwishlist:item=501345268&perks=3230963543,776531651,3978468247,2048641572,4091460919
dimwishlist:item=501345268&perks=1840239774,776531651,3978468247,2048641572,4091460919
dimwishlist:item=501345268&perks=1431678320,776531651,3978468247,2048641572,4091460919
dimwishlist:item=501345268&perks=839105230,776531651,3978468247,2048641572,4091460919
dimwishlist:item=501345268&perks=1840239774,3230963543,776531651,3978468247,2048641572
dimwishlist:item=501345268&perks=3230963543,1431678320,776531651,3978468247,2048641572
dimwishlist:item=501345268&perks=1840239774,1431678320,776531651,3978468247,2048641572
dimwishlist:item=501345268&perks=839105230,3230963543,776531651,3978468247,2048641572
dimwishlist:item=501345268&perks=1840239774,839105230,776531651,3978468247,2048641572
dimwishlist:item=501345268&perks=839105230,1431678320,776531651,3978468247,2048641572
dimwishlist:item=501345268&perks=776531651,3978468247,2048641572,4091460919
dimwishlist:item=501345268&perks=3230963543,776531651,3978468247,2048641572
dimwishlist:item=501345268&perks=1840239774,776531651,3978468247,2048641572
dimwishlist:item=501345268&perks=1431678320,776531651,3978468247,2048641572
dimwishlist:item=501345268&perks=839105230,776531651,3978468247,2048641572
dimwishlist:item=501345268&perks=776531651,3978468247,2048641572

// Noxious Vetiver
//notes:A-Tier. great perk and origin combo, shame about the frame. Origin: Dark Ether Reaper
dimwishlist:item=825495813&perks=1840239774,839105230,3230963543,1431678320,243981275,1119449540,691659142,3966416502,2041432007
dimwishlist:item=825495813&perks=1840239774,3230963543,1431678320,243981275,1119449540,691659142,3966416502,2041432007
dimwishlist:item=825495813&perks=1840239774,839105230,3230963543,243981275,1119449540,691659142,3966416502,2041432007
dimwishlist:item=825495813&perks=839105230,3230963543,1431678320,243981275,1119449540,691659142,3966416502,2041432007
dimwishlist:item=825495813&perks=1840239774,839105230,1431678320,243981275,1119449540,691659142,3966416502,2041432007
dimwishlist:item=825495813&perks=1840239774,839105230,3230963543,1431678320,243981275,1119449540,691659142,3966416502
dimwishlist:item=825495813&perks=1840239774,3230963543,243981275,1119449540,691659142,3966416502,2041432007
dimwishlist:item=825495813&perks=3230963543,1431678320,243981275,1119449540,691659142,3966416502,2041432007
dimwishlist:item=825495813&perks=1840239774,1431678320,243981275,1119449540,691659142,3966416502,2041432007
dimwishlist:item=825495813&perks=839105230,3230963543,243981275,1119449540,691659142,3966416502,2041432007
dimwishlist:item=825495813&perks=1840239774,839105230,243981275,1119449540,691659142,3966416502,2041432007
dimwishlist:item=825495813&perks=839105230,1431678320,243981275,1119449540,691659142,3966416502,2041432007
dimwishlist:item=825495813&perks=1840239774,3230963543,1431678320,243981275,1119449540,691659142,3966416502
dimwishlist:item=825495813&perks=1840239774,839105230,3230963543,243981275,1119449540,691659142,3966416502
dimwishlist:item=825495813&perks=839105230,3230963543,1431678320,243981275,1119449540,691659142,3966416502
dimwishlist:item=825495813&perks=1840239774,839105230,1431678320,243981275,1119449540,691659142,3966416502
dimwishlist:item=825495813&perks=3230963543,243981275,1119449540,691659142,3966416502,2041432007
dimwishlist:item=825495813&perks=1840239774,243981275,1119449540,691659142,3966416502,2041432007
dimwishlist:item=825495813&perks=1431678320,243981275,1119449540,691659142,3966416502,2041432007
dimwishlist:item=825495813&perks=839105230,243981275,1119449540,691659142,3966416502,2041432007
dimwishlist:item=825495813&perks=1840239774,3230963543,243981275,1119449540,691659142,3966416502
dimwishlist:item=825495813&perks=3230963543,1431678320,243981275,1119449540,691659142,3966416502
dimwishlist:item=825495813&perks=1840239774,1431678320,243981275,1119449540,691659142,3966416502
dimwishlist:item=825495813&perks=839105230,3230963543,243981275,1119449540,691659142,3966416502
dimwishlist:item=825495813&perks=1840239774,839105230,243981275,1119449540,691659142,3966416502
dimwishlist:item=825495813&perks=839105230,1431678320,243981275,1119449540,691659142,3966416502
dimwishlist:item=825495813&perks=243981275,1119449540,691659142,3966416502,2041432007
dimwishlist:item=825495813&perks=3230963543,243981275,1119449540,691659142,3966416502
dimwishlist:item=825495813&perks=1840239774,243981275,1119449540,691659142,3966416502
dimwishlist:item=825495813&perks=1431678320,243981275,1119449540,691659142,3966416502
dimwishlist:item=825495813&perks=839105230,243981275,1119449540,691659142,3966416502
dimwishlist:item=825495813&perks=243981275,1119449540,691659142,3966416502

// VS Velocity Baton
//notes:S-Tier. BiS add clear + utility area denial with great origin trait. Origin: Bray Legacy
dimwishlist:item=1762785663&perks=3525010810,2822142346,776531651,3523296417,2048641572,243981275,4139916815
dimwishlist:item=1762785663&perks=2822142346,776531651,3523296417,2048641572,243981275,4139916815
dimwishlist:item=1762785663&perks=3525010810,776531651,3523296417,2048641572,243981275,4139916815
dimwishlist:item=1762785663&perks=3525010810,2822142346,776531651,3523296417,2048641572,243981275
dimwishlist:item=1762785663&perks=776531651,3523296417,2048641572,243981275,4139916815
dimwishlist:item=1762785663&perks=2822142346,776531651,3523296417,2048641572,243981275
dimwishlist:item=1762785663&perks=3525010810,776531651,3523296417,2048641572,243981275
dimwishlist:item=1762785663&perks=776531651,3523296417,2048641572,243981275

// Festival Flight
//notes:S-Tier. excellent utility and ammo generation potential, good boss damage perks. Origin: Dream Work
dimwishlist:item=3977654524&perks=3525010810,2822142346,3987942396,1017229899,923806249,1089671869,4049631843,243981275,1380061575
dimwishlist:item=3977654524&perks=2822142346,3987942396,1017229899,923806249,1089671869,4049631843,243981275,1380061575
dimwishlist:item=3977654524&perks=3525010810,3987942396,1017229899,923806249,1089671869,4049631843,243981275,1380061575
dimwishlist:item=3977654524&perks=3525010810,2822142346,3987942396,1017229899,923806249,1089671869,4049631843,243981275
dimwishlist:item=3977654524&perks=3987942396,1017229899,923806249,1089671869,4049631843,243981275,1380061575
dimwishlist:item=3977654524&perks=2822142346,3987942396,1017229899,923806249,1089671869,4049631843,243981275
dimwishlist:item=3977654524&perks=3525010810,3987942396,1017229899,923806249,1089671869,4049631843,243981275
dimwishlist:item=3977654524&perks=3987942396,1017229899,923806249,1089671869,4049631843,243981275

// Festival Flight
//notes:S-Tier. excellent utility and ammo generation potential, good boss damage perks. Origin: Dream Work
dimwishlist:item=4019651319&perks=3525010810,2822142346,3987942396,1017229899,923806249,1089671869,4049631843,243981275,1380061575
dimwishlist:item=4019651319&perks=2822142346,3987942396,1017229899,923806249,1089671869,4049631843,243981275,1380061575
dimwishlist:item=4019651319&perks=3525010810,3987942396,1017229899,923806249,1089671869,4049631843,243981275,1380061575
dimwishlist:item=4019651319&perks=3525010810,2822142346,3987942396,1017229899,923806249,1089671869,4049631843,243981275
dimwishlist:item=4019651319&perks=3987942396,1017229899,923806249,1089671869,4049631843,243981275,1380061575
dimwishlist:item=4019651319&perks=2822142346,3987942396,1017229899,923806249,1089671869,4049631843,243981275
dimwishlist:item=4019651319&perks=3525010810,3987942396,1017229899,923806249,1089671869,4049631843,243981275
dimwishlist:item=4019651319&perks=3987942396,1017229899,923806249,1089671869,4049631843,243981275

// Gizmo Weft
//notes:S-Tier. Bipod option interesting for movement, also BiS swap BGL. Origin: Hakke Breach Armaments
dimwishlist:item=4069880346&perks=3525010810,2822142346,3301904089,3492396210,1421772400,3161816588,3987942396,1439600632,3764420437,1089671869,1607056502
dimwishlist:item=4069880346&perks=3525010810,2822142346,3301904089,1421772400,3161816588,3987942396,1439600632,3764420437,1089671869,1607056502
dimwishlist:item=4069880346&perks=3525010810,2822142346,3492396210,1421772400,3161816588,3987942396,1439600632,3764420437,1089671869,1607056502
dimwishlist:item=4069880346&perks=3525010810,3301904089,3492396210,1421772400,3161816588,3987942396,1439600632,3764420437,1089671869,1607056502
dimwishlist:item=4069880346&perks=3525010810,2822142346,1421772400,3161816588,3987942396,1439600632,3764420437,1089671869,1607056502
dimwishlist:item=4069880346&perks=2822142346,3301904089,1421772400,3161816588,3987942396,1439600632,3764420437,1089671869,1607056502
dimwishlist:item=4069880346&perks=3525010810,3301904089,1421772400,3161816588,3987942396,1439600632,3764420437,1089671869,1607056502
dimwishlist:item=4069880346&perks=2822142346,3492396210,1421772400,3161816588,3987942396,1439600632,3764420437,1089671869,1607056502
dimwishlist:item=4069880346&perks=3525010810,3492396210,1421772400,3161816588,3987942396,1439600632,3764420437,1089671869,1607056502
dimwishlist:item=4069880346&perks=3301904089,3492396210,1421772400,3161816588,3987942396,1439600632,3764420437,1089671869,1607056502
dimwishlist:item=4069880346&perks=3525010810,2822142346,3301904089,1421772400,3161816588,3987942396,1439600632,3764420437,1089671869
dimwishlist:item=4069880346&perks=3525010810,2822142346,3492396210,1421772400,3161816588,3987942396,1439600632,3764420437,1089671869
dimwishlist:item=4069880346&perks=3525010810,3301904089,3492396210,1421772400,3161816588,3987942396,1439600632,3764420437,1089671869
dimwishlist:item=4069880346&perks=2822142346,1421772400,3161816588,3987942396,1439600632,3764420437,1089671869,1607056502
dimwishlist:item=4069880346&perks=3525010810,1421772400,3161816588,3987942396,1439600632,3764420437,1089671869,1607056502
dimwishlist:item=4069880346&perks=3301904089,1421772400,3161816588,3987942396,1439600632,3764420437,1089671869,1607056502
dimwishlist:item=4069880346&perks=3492396210,1421772400,3161816588,3987942396,1439600632,3764420437,1089671869,1607056502
dimwishlist:item=4069880346&perks=3525010810,2822142346,1421772400,3161816588,3987942396,1439600632,3764420437,1089671869
dimwishlist:item=4069880346&perks=2822142346,3301904089,1421772400,3161816588,3987942396,1439600632,3764420437,1089671869
dimwishlist:item=4069880346&perks=3525010810,3301904089,1421772400,3161816588,3987942396,1439600632,3764420437,1089671869
dimwishlist:item=4069880346&perks=2822142346,3492396210,1421772400,3161816588,3987942396,1439600632,3764420437,1089671869
dimwishlist:item=4069880346&perks=3525010810,3492396210,1421772400,3161816588,3987942396,1439600632,3764420437,1089671869
dimwishlist:item=4069880346&perks=3301904089,3492396210,1421772400,3161816588,3987942396,1439600632,3764420437,1089671869
dimwishlist:item=4069880346&perks=1421772400,3161816588,3987942396,1439600632,3764420437,1089671869,1607056502
dimwishlist:item=4069880346&perks=2822142346,1421772400,3161816588,3987942396,1439600632,3764420437,1089671869
dimwishlist:item=4069880346&perks=3525010810,1421772400,3161816588,3987942396,1439600632,3764420437,1089671869
dimwishlist:item=4069880346&perks=3301904089,1421772400,3161816588,3987942396,1439600632,3764420437,1089671869
dimwishlist:item=4069880346&perks=3492396210,1421772400,3161816588,3987942396,1439600632,3764420437,1089671869
dimwishlist:item=4069880346&perks=1421772400,3161816588,3987942396,1439600632,3764420437,1089671869

// Gizmo Weft
//notes:S-Tier. Bipod option interesting for movement, also BiS swap BGL. Origin: Hakke Breach Armaments
dimwishlist:item=1572604081&perks=3525010810,2822142346,3301904089,3492396210,1421772400,3161816588,3987942396,1439600632,3764420437,1089671869,1607056502
dimwishlist:item=1572604081&perks=3525010810,2822142346,3301904089,1421772400,3161816588,3987942396,1439600632,3764420437,1089671869,1607056502
dimwishlist:item=1572604081&perks=3525010810,2822142346,3492396210,1421772400,3161816588,3987942396,1439600632,3764420437,1089671869,1607056502
dimwishlist:item=1572604081&perks=3525010810,3301904089,3492396210,1421772400,3161816588,3987942396,1439600632,3764420437,1089671869,1607056502
dimwishlist:item=1572604081&perks=3525010810,2822142346,1421772400,3161816588,3987942396,1439600632,3764420437,1089671869,1607056502
dimwishlist:item=1572604081&perks=2822142346,3301904089,1421772400,3161816588,3987942396,1439600632,3764420437,1089671869,1607056502
dimwishlist:item=1572604081&perks=3525010810,3301904089,1421772400,3161816588,3987942396,1439600632,3764420437,1089671869,1607056502
dimwishlist:item=1572604081&perks=2822142346,3492396210,1421772400,3161816588,3987942396,1439600632,3764420437,1089671869,1607056502
dimwishlist:item=1572604081&perks=3525010810,3492396210,1421772400,3161816588,3987942396,1439600632,3764420437,1089671869,1607056502
dimwishlist:item=1572604081&perks=3301904089,3492396210,1421772400,3161816588,3987942396,1439600632,3764420437,1089671869,1607056502
dimwishlist:item=1572604081&perks=3525010810,2822142346,3301904089,1421772400,3161816588,3987942396,1439600632,3764420437,1089671869
dimwishlist:item=1572604081&perks=3525010810,2822142346,3492396210,1421772400,3161816588,3987942396,1439600632,3764420437,1089671869
dimwishlist:item=1572604081&perks=3525010810,3301904089,3492396210,1421772400,3161816588,3987942396,1439600632,3764420437,1089671869
dimwishlist:item=1572604081&perks=2822142346,1421772400,3161816588,3987942396,1439600632,3764420437,1089671869,1607056502
dimwishlist:item=1572604081&perks=3525010810,1421772400,3161816588,3987942396,1439600632,3764420437,1089671869,1607056502
dimwishlist:item=1572604081&perks=3301904089,1421772400,3161816588,3987942396,1439600632,3764420437,1089671869,1607056502
dimwishlist:item=1572604081&perks=3492396210,1421772400,3161816588,3987942396,1439600632,3764420437,1089671869,1607056502
dimwishlist:item=1572604081&perks=3525010810,2822142346,1421772400,3161816588,3987942396,1439600632,3764420437,1089671869
dimwishlist:item=1572604081&perks=2822142346,3301904089,1421772400,3161816588,3987942396,1439600632,3764420437,1089671869
dimwishlist:item=1572604081&perks=3525010810,3301904089,1421772400,3161816588,3987942396,1439600632,3764420437,1089671869
dimwishlist:item=1572604081&perks=2822142346,3492396210,1421772400,3161816588,3987942396,1439600632,3764420437,1089671869
dimwishlist:item=1572604081&perks=3525010810,3492396210,1421772400,3161816588,3987942396,1439600632,3764420437,1089671869
dimwishlist:item=1572604081&perks=3301904089,3492396210,1421772400,3161816588,3987942396,1439600632,3764420437,1089671869
dimwishlist:item=1572604081&perks=1421772400,3161816588,3987942396,1439600632,3764420437,1089671869,1607056502
dimwishlist:item=1572604081&perks=2822142346,1421772400,3161816588,3987942396,1439600632,3764420437,1089671869
dimwishlist:item=1572604081&perks=3525010810,1421772400,3161816588,3987942396,1439600632,3764420437,1089671869
dimwishlist:item=1572604081&perks=3301904089,1421772400,3161816588,3987942396,1439600632,3764420437,1089671869
dimwishlist:item=1572604081&perks=3492396210,1421772400,3161816588,3987942396,1439600632,3764420437,1089671869
dimwishlist:item=1572604081&perks=1421772400,3161816588,3987942396,1439600632,3764420437,1089671869

// Motif-41
//notes:S-Tier. versatile but not particularly strong in one area vs. other area denials. Origin: SUROS Synergy
dimwishlist:item=1685533876&perks=3525010810,2822142346,3300816228,3592538738,951095735,4293542123,3081867624,243981275,4008116374
dimwishlist:item=1685533876&perks=2822142346,3300816228,3592538738,951095735,4293542123,3081867624,243981275,4008116374
dimwishlist:item=1685533876&perks=3525010810,3300816228,3592538738,951095735,4293542123,3081867624,243981275,4008116374
dimwishlist:item=1685533876&perks=3525010810,2822142346,3300816228,3592538738,951095735,4293542123,3081867624,243981275
dimwishlist:item=1685533876&perks=3300816228,3592538738,951095735,4293542123,3081867624,243981275,4008116374
dimwishlist:item=1685533876&perks=2822142346,3300816228,3592538738,951095735,4293542123,3081867624,243981275
dimwishlist:item=1685533876&perks=3525010810,3300816228,3592538738,951095735,4293542123,3081867624,243981275
dimwishlist:item=1685533876&perks=3300816228,3592538738,951095735,4293542123,3081867624,243981275

// Lost Signal
//notes:S-Tier. very high QoL darkness Transcendence builder. Origin: Radiolaria Transposer
dimwishlist:item=1197771438&perks=3525010810,2822142346,3300816228,1556840489,1546637391,3523296417,4049631843,253121539
dimwishlist:item=1197771438&perks=2822142346,3300816228,1556840489,1546637391,3523296417,4049631843,253121539
dimwishlist:item=1197771438&perks=3525010810,3300816228,1556840489,1546637391,3523296417,4049631843,253121539
dimwishlist:item=1197771438&perks=3525010810,2822142346,3300816228,1556840489,1546637391,3523296417,4049631843
dimwishlist:item=1197771438&perks=3300816228,1556840489,1546637391,3523296417,4049631843,253121539
dimwishlist:item=1197771438&perks=2822142346,3300816228,1556840489,1546637391,3523296417,4049631843
dimwishlist:item=1197771438&perks=3525010810,3300816228,1556840489,1546637391,3523296417,4049631843
dimwishlist:item=1197771438&perks=3300816228,1556840489,1546637391,3523296417,4049631843

// Psychopomp
//notes:S-Tier. decent ammo gen, also good boss damage perks. Origin: Runneth Over
dimwishlist:item=2553380021&perks=3525010810,2822142346,3987942396,2010801679,691659142,1089671869,4104185692,3523296417
dimwishlist:item=2553380021&perks=2822142346,3987942396,2010801679,691659142,1089671869,4104185692,3523296417
dimwishlist:item=2553380021&perks=3525010810,3987942396,2010801679,691659142,1089671869,4104185692,3523296417
dimwishlist:item=2553380021&perks=3987942396,2010801679,691659142,1089671869,4104185692,3523296417

// Psychopomp
//notes:S-Tier. decent ammo gen, also good boss damage perks. Origin: Runneth Over
dimwishlist:item=704410186&perks=3525010810,2822142346,3987942396,2010801679,691659142,1089671869,4104185692,3523296417,120721526
dimwishlist:item=704410186&perks=2822142346,3987942396,2010801679,691659142,1089671869,4104185692,3523296417,120721526
dimwishlist:item=704410186&perks=3525010810,3987942396,2010801679,691659142,1089671869,4104185692,3523296417,120721526
dimwishlist:item=704410186&perks=3525010810,2822142346,3987942396,2010801679,691659142,1089671869,4104185692,3523296417
dimwishlist:item=704410186&perks=3987942396,2010801679,691659142,1089671869,4104185692,3523296417,120721526
dimwishlist:item=704410186&perks=2822142346,3987942396,2010801679,691659142,1089671869,4104185692,3523296417
dimwishlist:item=704410186&perks=3525010810,3987942396,2010801679,691659142,1089671869,4104185692,3523296417
dimwishlist:item=704410186&perks=3987942396,2010801679,691659142,1089671869,4104185692,3523296417

// Psychopomp
//notes:S-Tier. decent ammo gen, also good boss damage perks. Origin: Runneth Over
dimwishlist:item=3840794631&perks=3525010810,2822142346,3987942396,2010801679,691659142,1089671869,4104185692,3523296417,120721526
dimwishlist:item=3840794631&perks=2822142346,3987942396,2010801679,691659142,1089671869,4104185692,3523296417,120721526
dimwishlist:item=3840794631&perks=3525010810,3987942396,2010801679,691659142,1089671869,4104185692,3523296417,120721526
dimwishlist:item=3840794631&perks=3525010810,2822142346,3987942396,2010801679,691659142,1089671869,4104185692,3523296417
dimwishlist:item=3840794631&perks=3987942396,2010801679,691659142,1089671869,4104185692,3523296417,120721526
dimwishlist:item=3840794631&perks=2822142346,3987942396,2010801679,691659142,1089671869,4104185692,3523296417
dimwishlist:item=3840794631&perks=3525010810,3987942396,2010801679,691659142,1089671869,4104185692,3523296417
dimwishlist:item=3840794631&perks=3987942396,2010801679,691659142,1089671869,4104185692,3523296417

// Psychopomp
//notes:S-Tier. decent ammo gen, also good boss damage perks. Origin: Runneth Over
dimwishlist:item=4028298892&perks=3525010810,2822142346,3987942396,2010801679,691659142,1089671869,4104185692,3523296417
dimwishlist:item=4028298892&perks=2822142346,3987942396,2010801679,691659142,1089671869,4104185692,3523296417
dimwishlist:item=4028298892&perks=3525010810,3987942396,2010801679,691659142,1089671869,4104185692,3523296417
dimwishlist:item=4028298892&perks=3987942396,2010801679,691659142,1089671869,4104185692,3523296417

// Theodolite
//notes:S-Tier. easy 2 mag for movement, Voltshot add clear decent. Origin: Problem Solver
dimwishlist:item=4146673635&perks=3525010810,2822142346,3301904089,3492396210,1523832109,1017229899,684456054,1089671869,2173046394,4104185692,3454102905
dimwishlist:item=4146673635&perks=3525010810,2822142346,3301904089,1523832109,1017229899,684456054,1089671869,2173046394,4104185692,3454102905
dimwishlist:item=4146673635&perks=3525010810,2822142346,3492396210,1523832109,1017229899,684456054,1089671869,2173046394,4104185692,3454102905
dimwishlist:item=4146673635&perks=3525010810,3301904089,3492396210,1523832109,1017229899,684456054,1089671869,2173046394,4104185692,3454102905
dimwishlist:item=4146673635&perks=3525010810,2822142346,1523832109,1017229899,684456054,1089671869,2173046394,4104185692,3454102905
dimwishlist:item=4146673635&perks=2822142346,3301904089,1523832109,1017229899,684456054,1089671869,2173046394,4104185692,3454102905
dimwishlist:item=4146673635&perks=3525010810,3301904089,1523832109,1017229899,684456054,1089671869,2173046394,4104185692,3454102905
dimwishlist:item=4146673635&perks=2822142346,3492396210,1523832109,1017229899,684456054,1089671869,2173046394,4104185692,3454102905
dimwishlist:item=4146673635&perks=3525010810,3492396210,1523832109,1017229899,684456054,1089671869,2173046394,4104185692,3454102905
dimwishlist:item=4146673635&perks=3301904089,3492396210,1523832109,1017229899,684456054,1089671869,2173046394,4104185692,3454102905
dimwishlist:item=4146673635&perks=3525010810,2822142346,3301904089,1523832109,1017229899,684456054,1089671869,2173046394,4104185692
dimwishlist:item=4146673635&perks=3525010810,2822142346,3492396210,1523832109,1017229899,684456054,1089671869,2173046394,4104185692
dimwishlist:item=4146673635&perks=3525010810,3301904089,3492396210,1523832109,1017229899,684456054,1089671869,2173046394,4104185692
dimwishlist:item=4146673635&perks=2822142346,1523832109,1017229899,684456054,1089671869,2173046394,4104185692,3454102905
dimwishlist:item=4146673635&perks=3525010810,1523832109,1017229899,684456054,1089671869,2173046394,4104185692,3454102905
dimwishlist:item=4146673635&perks=3301904089,1523832109,1017229899,684456054,1089671869,2173046394,4104185692,3454102905
dimwishlist:item=4146673635&perks=3492396210,1523832109,1017229899,684456054,1089671869,2173046394,4104185692,3454102905
dimwishlist:item=4146673635&perks=3525010810,2822142346,1523832109,1017229899,684456054,1089671869,2173046394,4104185692
dimwishlist:item=4146673635&perks=2822142346,3301904089,1523832109,1017229899,684456054,1089671869,2173046394,4104185692
dimwishlist:item=4146673635&perks=3525010810,3301904089,1523832109,1017229899,684456054,1089671869,2173046394,4104185692
dimwishlist:item=4146673635&perks=2822142346,3492396210,1523832109,1017229899,684456054,1089671869,2173046394,4104185692
dimwishlist:item=4146673635&perks=3525010810,3492396210,1523832109,1017229899,684456054,1089671869,2173046394,4104185692
dimwishlist:item=4146673635&perks=3301904089,3492396210,1523832109,1017229899,684456054,1089671869,2173046394,4104185692
dimwishlist:item=4146673635&perks=1523832109,1017229899,684456054,1089671869,2173046394,4104185692,3454102905
dimwishlist:item=4146673635&perks=2822142346,1523832109,1017229899,684456054,1089671869,2173046394,4104185692
dimwishlist:item=4146673635&perks=3525010810,1523832109,1017229899,684456054,1089671869,2173046394,4104185692
dimwishlist:item=4146673635&perks=3301904089,1523832109,1017229899,684456054,1089671869,2173046394,4104185692
dimwishlist:item=4146673635&perks=3492396210,1523832109,1017229899,684456054,1089671869,2173046394,4104185692
dimwishlist:item=4146673635&perks=1523832109,1017229899,684456054,1089671869,2173046394,4104185692

// The Mountaintop
BRAVE version
//notes:A-Tier. good burst with Recomb, other movement option in kinetic slot. Origin: Indomitability
dimwishlist:item=4043921923&perks=3525010810,2822142346,3301904089,3492396210,3300816228,951095735,3643424744,469285294,1546637391,4104185692,2489430594
dimwishlist:item=4043921923&perks=3525010810,2822142346,3301904089,3300816228,951095735,3643424744,469285294,1546637391,4104185692,2489430594
dimwishlist:item=4043921923&perks=3525010810,2822142346,3492396210,3300816228,951095735,3643424744,469285294,1546637391,4104185692,2489430594
dimwishlist:item=4043921923&perks=3525010810,3301904089,3492396210,3300816228,951095735,3643424744,469285294,1546637391,4104185692,2489430594
dimwishlist:item=4043921923&perks=3525010810,2822142346,3300816228,951095735,3643424744,469285294,1546637391,4104185692,2489430594
dimwishlist:item=4043921923&perks=2822142346,3301904089,3300816228,951095735,3643424744,469285294,1546637391,4104185692,2489430594
dimwishlist:item=4043921923&perks=3525010810,3301904089,3300816228,951095735,3643424744,469285294,1546637391,4104185692,2489430594
dimwishlist:item=4043921923&perks=2822142346,3492396210,3300816228,951095735,3643424744,469285294,1546637391,4104185692,2489430594
dimwishlist:item=4043921923&perks=3525010810,3492396210,3300816228,951095735,3643424744,469285294,1546637391,4104185692,2489430594
dimwishlist:item=4043921923&perks=3301904089,3492396210,3300816228,951095735,3643424744,469285294,1546637391,4104185692,2489430594
dimwishlist:item=4043921923&perks=3525010810,2822142346,3301904089,3300816228,951095735,3643424744,469285294,1546637391,4104185692
dimwishlist:item=4043921923&perks=3525010810,2822142346,3492396210,3300816228,951095735,3643424744,469285294,1546637391,4104185692
dimwishlist:item=4043921923&perks=3525010810,3301904089,3492396210,3300816228,951095735,3643424744,469285294,1546637391,4104185692
dimwishlist:item=4043921923&perks=2822142346,3300816228,951095735,3643424744,469285294,1546637391,4104185692,2489430594
dimwishlist:item=4043921923&perks=3525010810,3300816228,951095735,3643424744,469285294,1546637391,4104185692,2489430594
dimwishlist:item=4043921923&perks=3301904089,3300816228,951095735,3643424744,469285294,1546637391,4104185692,2489430594
dimwishlist:item=4043921923&perks=3492396210,3300816228,951095735,3643424744,469285294,1546637391,4104185692,2489430594
dimwishlist:item=4043921923&perks=3525010810,2822142346,3300816228,951095735,3643424744,469285294,1546637391,4104185692
dimwishlist:item=4043921923&perks=2822142346,3301904089,3300816228,951095735,3643424744,469285294,1546637391,4104185692
dimwishlist:item=4043921923&perks=3525010810,3301904089,3300816228,951095735,3643424744,469285294,1546637391,4104185692
dimwishlist:item=4043921923&perks=2822142346,3492396210,3300816228,951095735,3643424744,469285294,1546637391,4104185692
dimwishlist:item=4043921923&perks=3525010810,3492396210,3300816228,951095735,3643424744,469285294,1546637391,4104185692
dimwishlist:item=4043921923&perks=3301904089,3492396210,3300816228,951095735,3643424744,469285294,1546637391,4104185692
dimwishlist:item=4043921923&perks=3300816228,951095735,3643424744,469285294,1546637391,4104185692,2489430594
dimwishlist:item=4043921923&perks=2822142346,3300816228,951095735,3643424744,469285294,1546637391,4104185692
dimwishlist:item=4043921923&perks=3525010810,3300816228,951095735,3643424744,469285294,1546637391,4104185692
dimwishlist:item=4043921923&perks=3301904089,3300816228,951095735,3643424744,469285294,1546637391,4104185692
dimwishlist:item=4043921923&perks=3492396210,3300816228,951095735,3643424744,469285294,1546637391,4104185692
dimwishlist:item=4043921923&perks=3300816228,951095735,3643424744,469285294,1546637391,4104185692

// The Mountaintop
BRAVE version
//notes:A-Tier. good burst with Recomb, other movement option in kinetic slot. Origin: Indomitability
dimwishlist:item=568611922&perks=3525010810,2822142346,3301904089,3492396210,3300816228,951095735,3643424744,469285294,1546637391,4104185692,2489430594
dimwishlist:item=568611922&perks=3525010810,2822142346,3301904089,3300816228,951095735,3643424744,469285294,1546637391,4104185692,2489430594
dimwishlist:item=568611922&perks=3525010810,2822142346,3492396210,3300816228,951095735,3643424744,469285294,1546637391,4104185692,2489430594
dimwishlist:item=568611922&perks=3525010810,3301904089,3492396210,3300816228,951095735,3643424744,469285294,1546637391,4104185692,2489430594
dimwishlist:item=568611922&perks=3525010810,2822142346,3300816228,951095735,3643424744,469285294,1546637391,4104185692,2489430594
dimwishlist:item=568611922&perks=2822142346,3301904089,3300816228,951095735,3643424744,469285294,1546637391,4104185692,2489430594
dimwishlist:item=568611922&perks=3525010810,3301904089,3300816228,951095735,3643424744,469285294,1546637391,4104185692,2489430594
dimwishlist:item=568611922&perks=2822142346,3492396210,3300816228,951095735,3643424744,469285294,1546637391,4104185692,2489430594
dimwishlist:item=568611922&perks=3525010810,3492396210,3300816228,951095735,3643424744,469285294,1546637391,4104185692,2489430594
dimwishlist:item=568611922&perks=3301904089,3492396210,3300816228,951095735,3643424744,469285294,1546637391,4104185692,2489430594
dimwishlist:item=568611922&perks=3525010810,2822142346,3301904089,3300816228,951095735,3643424744,469285294,1546637391,4104185692
dimwishlist:item=568611922&perks=3525010810,2822142346,3492396210,3300816228,951095735,3643424744,469285294,1546637391,4104185692
dimwishlist:item=568611922&perks=3525010810,3301904089,3492396210,3300816228,951095735,3643424744,469285294,1546637391,4104185692
dimwishlist:item=568611922&perks=2822142346,3300816228,951095735,3643424744,469285294,1546637391,4104185692,2489430594
dimwishlist:item=568611922&perks=3525010810,3300816228,951095735,3643424744,469285294,1546637391,4104185692,2489430594
dimwishlist:item=568611922&perks=3301904089,3300816228,951095735,3643424744,469285294,1546637391,4104185692,2489430594
dimwishlist:item=568611922&perks=3492396210,3300816228,951095735,3643424744,469285294,1546637391,4104185692,2489430594
dimwishlist:item=568611922&perks=3525010810,2822142346,3300816228,951095735,3643424744,469285294,1546637391,4104185692
dimwishlist:item=568611922&perks=2822142346,3301904089,3300816228,951095735,3643424744,469285294,1546637391,4104185692
dimwishlist:item=568611922&perks=3525010810,3301904089,3300816228,951095735,3643424744,469285294,1546637391,4104185692
dimwishlist:item=568611922&perks=2822142346,3492396210,3300816228,951095735,3643424744,469285294,1546637391,4104185692
dimwishlist:item=568611922&perks=3525010810,3492396210,3300816228,951095735,3643424744,469285294,1546637391,4104185692
dimwishlist:item=568611922&perks=3301904089,3492396210,3300816228,951095735,3643424744,469285294,1546637391,4104185692
dimwishlist:item=568611922&perks=3300816228,951095735,3643424744,469285294,1546637391,4104185692,2489430594
dimwishlist:item=568611922&perks=2822142346,3300816228,951095735,3643424744,469285294,1546637391,4104185692
dimwishlist:item=568611922&perks=3525010810,3300816228,951095735,3643424744,469285294,1546637391,4104185692
dimwishlist:item=568611922&perks=3301904089,3300816228,951095735,3643424744,469285294,1546637391,4104185692
dimwishlist:item=568611922&perks=3492396210,3300816228,951095735,3643424744,469285294,1546637391,4104185692
dimwishlist:item=568611922&perks=3300816228,951095735,3643424744,469285294,1546637391,4104185692

// Liturgy
//notes:A-Tier. excellent utility, good for Transcendence and freeze in rotations. Origin: Dark Ether Reaper
dimwishlist:item=2599338624&perks=3525010810,3032599245,3301904089,3987942396,2039302152,2978966579,1556840489,2396489472,2041432007
dimwishlist:item=2599338624&perks=3525010810,3032599245,3987942396,2039302152,2978966579,1556840489,2396489472,2041432007
dimwishlist:item=2599338624&perks=3032599245,3301904089,3987942396,2039302152,2978966579,1556840489,2396489472,2041432007
dimwishlist:item=2599338624&perks=3525010810,3301904089,3987942396,2039302152,2978966579,1556840489,2396489472,2041432007
dimwishlist:item=2599338624&perks=3525010810,3032599245,3301904089,3987942396,2039302152,2978966579,1556840489,2396489472
dimwishlist:item=2599338624&perks=3032599245,3987942396,2039302152,2978966579,1556840489,2396489472,2041432007
dimwishlist:item=2599338624&perks=3525010810,3987942396,2039302152,2978966579,1556840489,2396489472,2041432007
dimwishlist:item=2599338624&perks=3301904089,3987942396,2039302152,2978966579,1556840489,2396489472,2041432007
dimwishlist:item=2599338624&perks=3525010810,3032599245,3987942396,2039302152,2978966579,1556840489,2396489472
dimwishlist:item=2599338624&perks=3032599245,3301904089,3987942396,2039302152,2978966579,1556840489,2396489472
dimwishlist:item=2599338624&perks=3525010810,3301904089,3987942396,2039302152,2978966579,1556840489,2396489472
dimwishlist:item=2599338624&perks=3987942396,2039302152,2978966579,1556840489,2396489472,2041432007
dimwishlist:item=2599338624&perks=3032599245,3987942396,2039302152,2978966579,1556840489,2396489472
dimwishlist:item=2599338624&perks=3525010810,3987942396,2039302152,2978966579,1556840489,2396489472
dimwishlist:item=2599338624&perks=3301904089,3987942396,2039302152,2978966579,1556840489,2396489472
dimwishlist:item=2599338624&perks=3987942396,2039302152,2978966579,1556840489,2396489472

// Romantic Death
//notes:A-Tier. decent package but Baton is generally better. Origin: Tenacity
dimwishlist:item=2979965244&perks=3525010810,2822142346,776531651,4190679284,2048641572,2396489472,3708227201,3911709647
dimwishlist:item=2979965244&perks=2822142346,776531651,4190679284,2048641572,2396489472,3708227201,3911709647
dimwishlist:item=2979965244&perks=3525010810,776531651,4190679284,2048641572,2396489472,3708227201,3911709647
dimwishlist:item=2979965244&perks=3525010810,2822142346,776531651,4190679284,2048641572,2396489472,3708227201
dimwishlist:item=2979965244&perks=776531651,4190679284,2048641572,2396489472,3708227201,3911709647
dimwishlist:item=2979965244&perks=2822142346,776531651,4190679284,2048641572,2396489472,3708227201
dimwishlist:item=2979965244&perks=3525010810,776531651,4190679284,2048641572,2396489472,3708227201
dimwishlist:item=2979965244&perks=776531651,4190679284,2048641572,2396489472,3708227201

// Romantic Death
//notes:A-Tier. decent package but Baton is generally better. Origin: Tenacity
dimwishlist:item=2979965245&perks=3525010810,2822142346,776531651,4190679284,2048641572,2396489472,3708227201,3911709647
dimwishlist:item=2979965245&perks=2822142346,776531651,4190679284,2048641572,2396489472,3708227201,3911709647
dimwishlist:item=2979965245&perks=3525010810,776531651,4190679284,2048641572,2396489472,3708227201,3911709647
dimwishlist:item=2979965245&perks=3525010810,2822142346,776531651,4190679284,2048641572,2396489472,3708227201
dimwishlist:item=2979965245&perks=776531651,4190679284,2048641572,2396489472,3708227201,3911709647
dimwishlist:item=2979965245&perks=2822142346,776531651,4190679284,2048641572,2396489472,3708227201
dimwishlist:item=2979965245&perks=3525010810,776531651,4190679284,2048641572,2396489472,3708227201
dimwishlist:item=2979965245&perks=776531651,4190679284,2048641572,2396489472,3708227201

// Romantic Death
//notes:A-Tier. decent package but Baton is generally better. Origin: Tenacity
dimwishlist:item=2979965246&perks=3525010810,2822142346,776531651,4190679284,2048641572,2396489472,3708227201,3911709647
dimwishlist:item=2979965246&perks=2822142346,776531651,4190679284,2048641572,2396489472,3708227201,3911709647
dimwishlist:item=2979965246&perks=3525010810,776531651,4190679284,2048641572,2396489472,3708227201,3911709647
dimwishlist:item=2979965246&perks=3525010810,2822142346,776531651,4190679284,2048641572,2396489472,3708227201
dimwishlist:item=2979965246&perks=776531651,4190679284,2048641572,2396489472,3708227201,3911709647
dimwishlist:item=2979965246&perks=2822142346,776531651,4190679284,2048641572,2396489472,3708227201
dimwishlist:item=2979965246&perks=3525010810,776531651,4190679284,2048641572,2396489472,3708227201
dimwishlist:item=2979965246&perks=776531651,4190679284,2048641572,2396489472,3708227201

// Romantic Death
//notes:A-Tier. decent package but Baton is generally better. Origin: Tenacity
dimwishlist:item=2979965247&perks=3525010810,2822142346,776531651,4190679284,2048641572,2396489472,3708227201,3911709647
dimwishlist:item=2979965247&perks=2822142346,776531651,4190679284,2048641572,2396489472,3708227201,3911709647
dimwishlist:item=2979965247&perks=3525010810,776531651,4190679284,2048641572,2396489472,3708227201,3911709647
dimwishlist:item=2979965247&perks=3525010810,2822142346,776531651,4190679284,2048641572,2396489472,3708227201
dimwishlist:item=2979965247&perks=776531651,4190679284,2048641572,2396489472,3708227201,3911709647
dimwishlist:item=2979965247&perks=2822142346,776531651,4190679284,2048641572,2396489472,3708227201
dimwishlist:item=2979965247&perks=3525010810,776531651,4190679284,2048641572,2396489472,3708227201
dimwishlist:item=2979965247&perks=776531651,4190679284,2048641572,2396489472,3708227201

// Romantic Death
//notes:A-Tier. decent package but Baton is generally better. Origin: Tenacity
dimwishlist:item=4169082039&perks=3525010810,2822142346,776531651,4190679284,2048641572,2396489472,3708227201,3911709647
dimwishlist:item=4169082039&perks=2822142346,776531651,4190679284,2048641572,2396489472,3708227201,3911709647
dimwishlist:item=4169082039&perks=3525010810,776531651,4190679284,2048641572,2396489472,3708227201,3911709647
dimwishlist:item=4169082039&perks=3525010810,2822142346,776531651,4190679284,2048641572,2396489472,3708227201
dimwishlist:item=4169082039&perks=776531651,4190679284,2048641572,2396489472,3708227201,3911709647
dimwishlist:item=4169082039&perks=2822142346,776531651,4190679284,2048641572,2396489472,3708227201
dimwishlist:item=4169082039&perks=3525010810,776531651,4190679284,2048641572,2396489472,3708227201
dimwishlist:item=4169082039&perks=776531651,4190679284,2048641572,2396489472,3708227201

// Wilderflight
RotN version
//notes:A-Tier. worse swap GL than Theodolite, but excellent blinding option. Origin: Gravity Well
dimwishlist:item=2306182339&perks=3525010810,3301904089,3032599245,3300816228,3523296417,1556840489,4104185692
dimwishlist:item=2306182339&perks=3525010810,3301904089,3300816228,3523296417,1556840489,4104185692
dimwishlist:item=2306182339&perks=3301904089,3032599245,3300816228,3523296417,1556840489,4104185692
dimwishlist:item=2306182339&perks=3525010810,3032599245,3300816228,3523296417,1556840489,4104185692
dimwishlist:item=2306182339&perks=3301904089,3300816228,3523296417,1556840489,4104185692
dimwishlist:item=2306182339&perks=3525010810,3300816228,3523296417,1556840489,4104185692
dimwishlist:item=2306182339&perks=3032599245,3300816228,3523296417,1556840489,4104185692
dimwishlist:item=2306182339&perks=3300816228,3523296417,1556840489,4104185692

// Wilderflight
RotN version
//notes:A-Tier. worse swap GL than Theodolite, but excellent blinding option. Origin: Gravity Well
dimwishlist:item=2982006965&perks=3525010810,3301904089,3032599245,3987942396,3300816228,3523296417,3078487919,1556840489,4104185692,59871045
dimwishlist:item=2982006965&perks=3525010810,3301904089,3987942396,3300816228,3523296417,3078487919,1556840489,4104185692,59871045
dimwishlist:item=2982006965&perks=3301904089,3032599245,3987942396,3300816228,3523296417,3078487919,1556840489,4104185692,59871045
dimwishlist:item=2982006965&perks=3525010810,3032599245,3987942396,3300816228,3523296417,3078487919,1556840489,4104185692,59871045
dimwishlist:item=2982006965&perks=3525010810,3301904089,3032599245,3987942396,3300816228,3523296417,3078487919,1556840489,4104185692
dimwishlist:item=2982006965&perks=3301904089,3987942396,3300816228,3523296417,3078487919,1556840489,4104185692,59871045
dimwishlist:item=2982006965&perks=3525010810,3987942396,3300816228,3523296417,3078487919,1556840489,4104185692,59871045
dimwishlist:item=2982006965&perks=3032599245,3987942396,3300816228,3523296417,3078487919,1556840489,4104185692,59871045
dimwishlist:item=2982006965&perks=3525010810,3301904089,3987942396,3300816228,3523296417,3078487919,1556840489,4104185692
dimwishlist:item=2982006965&perks=3301904089,3032599245,3987942396,3300816228,3523296417,3078487919,1556840489,4104185692
dimwishlist:item=2982006965&perks=3525010810,3032599245,3987942396,3300816228,3523296417,3078487919,1556840489,4104185692
dimwishlist:item=2982006965&perks=3987942396,3300816228,3523296417,3078487919,1556840489,4104185692,59871045
dimwishlist:item=2982006965&perks=3301904089,3987942396,3300816228,3523296417,3078487919,1556840489,4104185692
dimwishlist:item=2982006965&perks=3525010810,3987942396,3300816228,3523296417,3078487919,1556840489,4104185692
dimwishlist:item=2982006965&perks=3032599245,3987942396,3300816228,3523296417,3078487919,1556840489,4104185692
dimwishlist:item=2982006965&perks=3987942396,3300816228,3523296417,3078487919,1556840489,4104185692

// Wilderflight
RotN version
//notes:A-Tier. worse swap GL than Theodolite, but excellent blinding option. Origin: Gravity Well
dimwishlist:item=1206729100&perks=3525010810,3301904089,3032599245,3987942396,3300816228,3523296417,3078487919,1556840489,4104185692,59871045
dimwishlist:item=1206729100&perks=3525010810,3301904089,3987942396,3300816228,3523296417,3078487919,1556840489,4104185692,59871045
dimwishlist:item=1206729100&perks=3301904089,3032599245,3987942396,3300816228,3523296417,3078487919,1556840489,4104185692,59871045
dimwishlist:item=1206729100&perks=3525010810,3032599245,3987942396,3300816228,3523296417,3078487919,1556840489,4104185692,59871045
dimwishlist:item=1206729100&perks=3525010810,3301904089,3032599245,3987942396,3300816228,3523296417,3078487919,1556840489,4104185692
dimwishlist:item=1206729100&perks=3301904089,3987942396,3300816228,3523296417,3078487919,1556840489,4104185692,59871045
dimwishlist:item=1206729100&perks=3525010810,3987942396,3300816228,3523296417,3078487919,1556840489,4104185692,59871045
dimwishlist:item=1206729100&perks=3032599245,3987942396,3300816228,3523296417,3078487919,1556840489,4104185692,59871045
dimwishlist:item=1206729100&perks=3525010810,3301904089,3987942396,3300816228,3523296417,3078487919,1556840489,4104185692
dimwishlist:item=1206729100&perks=3301904089,3032599245,3987942396,3300816228,3523296417,3078487919,1556840489,4104185692
dimwishlist:item=1206729100&perks=3525010810,3032599245,3987942396,3300816228,3523296417,3078487919,1556840489,4104185692
dimwishlist:item=1206729100&perks=3987942396,3300816228,3523296417,3078487919,1556840489,4104185692,59871045
dimwishlist:item=1206729100&perks=3301904089,3987942396,3300816228,3523296417,3078487919,1556840489,4104185692
dimwishlist:item=1206729100&perks=3525010810,3987942396,3300816228,3523296417,3078487919,1556840489,4104185692
dimwishlist:item=1206729100&perks=3032599245,3987942396,3300816228,3523296417,3078487919,1556840489,4104185692
dimwishlist:item=1206729100&perks=3987942396,3300816228,3523296417,3078487919,1556840489,4104185692

// Martyr's Retribution
//notes:A-Tier. good Heal Clip user, nice origin trait, solid ammo gen potential. Origin: Cast No Shadows
dimwishlist:item=2584830733&perks=3525010810,2822142346,3017780555,3523296417,2869569095,4293542123,1015611457,2109543898,2838996248
dimwishlist:item=2584830733&perks=2822142346,3017780555,3523296417,2869569095,4293542123,1015611457,2109543898,2838996248
dimwishlist:item=2584830733&perks=3525010810,3017780555,3523296417,2869569095,4293542123,1015611457,2109543898,2838996248
dimwishlist:item=2584830733&perks=3525010810,2822142346,3017780555,3523296417,2869569095,4293542123,1015611457,2109543898
dimwishlist:item=2584830733&perks=3017780555,3523296417,2869569095,4293542123,1015611457,2109543898,2838996248
dimwishlist:item=2584830733&perks=2822142346,3017780555,3523296417,2869569095,4293542123,1015611457,2109543898
dimwishlist:item=2584830733&perks=3525010810,3017780555,3523296417,2869569095,4293542123,1015611457,2109543898
dimwishlist:item=2584830733&perks=3017780555,3523296417,2869569095,4293542123,1015611457,2109543898

// Martyr's Retribution
//notes:A-Tier. good Heal Clip user, nice origin trait, solid ammo gen potential. Origin: Cast No Shadows
dimwishlist:item=3850168899&perks=3525010810,2822142346,3523296417,2869569095
dimwishlist:item=3850168899&perks=2822142346,3523296417,2869569095
dimwishlist:item=3850168899&perks=3525010810,3523296417,2869569095
dimwishlist:item=3850168899&perks=3523296417,2869569095

// Forbearance
//notes:A-Tier. better survivability than BRAVE version, good ammo gen. Origin: Souldrinker
dimwishlist:item=2480074702&perks=3525010810,2822142346,2010801679,3108830275,2396489472,3592538738
dimwishlist:item=2480074702&perks=2822142346,2010801679,3108830275,2396489472,3592538738
dimwishlist:item=2480074702&perks=3525010810,2010801679,3108830275,2396489472,3592538738
dimwishlist:item=2480074702&perks=2010801679,3108830275,2396489472,3592538738

// Forbearance
//notes:A-Tier. better survivability than BRAVE version, good ammo gen. Origin: Souldrinker
dimwishlist:item=568611921&perks=3525010810,2822142346,2010801679,3108830275,2396489472,3592538738
dimwishlist:item=568611921&perks=2822142346,2010801679,3108830275,2396489472,3592538738
dimwishlist:item=568611921&perks=3525010810,2010801679,3108830275,2396489472,3592538738
dimwishlist:item=568611921&perks=2010801679,3108830275,2396489472,3592538738

// Forbearance
//notes:A-Tier. better survivability than BRAVE version, good ammo gen. Origin: Souldrinker
dimwishlist:item=613334176&perks=3525010810,2822142346,2010801679,3108830275,2396489472,3592538738,3363267119
dimwishlist:item=613334176&perks=2822142346,2010801679,3108830275,2396489472,3592538738,3363267119
dimwishlist:item=613334176&perks=3525010810,2010801679,3108830275,2396489472,3592538738,3363267119
dimwishlist:item=613334176&perks=3525010810,2822142346,2010801679,3108830275,2396489472,3592538738
dimwishlist:item=613334176&perks=2010801679,3108830275,2396489472,3592538738,3363267119
dimwishlist:item=613334176&perks=2822142346,2010801679,3108830275,2396489472,3592538738
dimwishlist:item=613334176&perks=3525010810,2010801679,3108830275,2396489472,3592538738
dimwishlist:item=613334176&perks=2010801679,3108830275,2396489472,3592538738

// Forbearance
//notes:A-Tier. better survivability than BRAVE version, good ammo gen. Origin: Souldrinker
dimwishlist:item=4038592169&perks=3525010810,2822142346,2010801679,3108830275,2396489472,3592538738,3363267119
dimwishlist:item=4038592169&perks=2822142346,2010801679,3108830275,2396489472,3592538738,3363267119
dimwishlist:item=4038592169&perks=3525010810,2010801679,3108830275,2396489472,3592538738,3363267119
dimwishlist:item=4038592169&perks=3525010810,2822142346,2010801679,3108830275,2396489472,3592538738
dimwishlist:item=4038592169&perks=2010801679,3108830275,2396489472,3592538738,3363267119
dimwishlist:item=4038592169&perks=2822142346,2010801679,3108830275,2396489472,3592538738
dimwishlist:item=4038592169&perks=3525010810,2010801679,3108830275,2396489472,3592538738
dimwishlist:item=4038592169&perks=2010801679,3108830275,2396489472,3592538738

// New Pacific Epitaph
RotN version
//notes:A-Tier. solid ammo generator, interesting Redirection user. Origin: Gravity Well
dimwishlist:item=492673102&perks=3525010810,2822142346,3523296417,3987942396,1556840489,3201496230,2396489472,59871045
dimwishlist:item=492673102&perks=2822142346,3523296417,3987942396,1556840489,3201496230,2396489472,59871045
dimwishlist:item=492673102&perks=3525010810,3523296417,3987942396,1556840489,3201496230,2396489472,59871045
dimwishlist:item=492673102&perks=3525010810,2822142346,3523296417,3987942396,1556840489,3201496230,2396489472
dimwishlist:item=492673102&perks=3523296417,3987942396,1556840489,3201496230,2396489472,59871045
dimwishlist:item=492673102&perks=2822142346,3523296417,3987942396,1556840489,3201496230,2396489472
dimwishlist:item=492673102&perks=3525010810,3523296417,3987942396,1556840489,3201496230,2396489472
dimwishlist:item=492673102&perks=3523296417,3987942396,1556840489,3201496230,2396489472

// New Pacific Epitaph
RotN version
//notes:A-Tier. solid ammo generator, interesting Redirection user. Origin: Gravity Well
dimwishlist:item=1125217994&perks=3525010810,2822142346,3523296417,1556840489,3201496230
dimwishlist:item=1125217994&perks=2822142346,3523296417,1556840489,3201496230
dimwishlist:item=1125217994&perks=3525010810,3523296417,1556840489,3201496230
dimwishlist:item=1125217994&perks=3523296417,1556840489,3201496230

// New Pacific Epitaph
RotN version
//notes:A-Tier. solid ammo generator, interesting Redirection user. Origin: Gravity Well
dimwishlist:item=2059741649&perks=3525010810,2822142346,3523296417,3987942396,1556840489,3201496230,2396489472,59871045
dimwishlist:item=2059741649&perks=2822142346,3523296417,3987942396,1556840489,3201496230,2396489472,59871045
dimwishlist:item=2059741649&perks=3525010810,3523296417,3987942396,1556840489,3201496230,2396489472,59871045
dimwishlist:item=2059741649&perks=3525010810,2822142346,3523296417,3987942396,1556840489,3201496230,2396489472
dimwishlist:item=2059741649&perks=3523296417,3987942396,1556840489,3201496230,2396489472,59871045
dimwishlist:item=2059741649&perks=2822142346,3523296417,3987942396,1556840489,3201496230,2396489472
dimwishlist:item=2059741649&perks=3525010810,3523296417,3987942396,1556840489,3201496230,2396489472
dimwishlist:item=2059741649&perks=3523296417,3987942396,1556840489,3201496230,2396489472

// Permafrost
//notes:A-Tier. decent perk spread but no Gravity Well vs. NPE. Origin: Dawning Surprise
dimwishlist:item=2316331767&perks=3525010810,2822142346,1955165503,3523296417,1017229899,2922950962,113508675,3592538738,4264904777
dimwishlist:item=2316331767&perks=2822142346,1955165503,3523296417,1017229899,2922950962,113508675,3592538738,4264904777
dimwishlist:item=2316331767&perks=3525010810,1955165503,3523296417,1017229899,2922950962,113508675,3592538738,4264904777
dimwishlist:item=2316331767&perks=3525010810,2822142346,1955165503,3523296417,1017229899,2922950962,113508675,3592538738
dimwishlist:item=2316331767&perks=1955165503,3523296417,1017229899,2922950962,113508675,3592538738,4264904777
dimwishlist:item=2316331767&perks=2822142346,1955165503,3523296417,1017229899,2922950962,113508675,3592538738
dimwishlist:item=2316331767&perks=3525010810,1955165503,3523296417,1017229899,2922950962,113508675,3592538738
dimwishlist:item=2316331767&perks=1955165503,3523296417,1017229899,2922950962,113508675,3592538738

// Permafrost
//notes:A-Tier. decent perk spread but no Gravity Well vs. NPE. Origin: Dawning Surprise
dimwishlist:item=2922964484&perks=3525010810,2822142346,1955165503,3523296417,1017229899,2922950962,113508675,3592538738,4264904777
dimwishlist:item=2922964484&perks=2822142346,1955165503,3523296417,1017229899,2922950962,113508675,3592538738,4264904777
dimwishlist:item=2922964484&perks=3525010810,1955165503,3523296417,1017229899,2922950962,113508675,3592538738,4264904777
dimwishlist:item=2922964484&perks=3525010810,2822142346,1955165503,3523296417,1017229899,2922950962,113508675,3592538738
dimwishlist:item=2922964484&perks=1955165503,3523296417,1017229899,2922950962,113508675,3592538738,4264904777
dimwishlist:item=2922964484&perks=2822142346,1955165503,3523296417,1017229899,2922950962,113508675,3592538738
dimwishlist:item=2922964484&perks=3525010810,1955165503,3523296417,1017229899,2922950962,113508675,3592538738
dimwishlist:item=2922964484&perks=1955165503,3523296417,1017229899,2922950962,113508675,3592538738

// Tusk of the Boar
//notes:A-Tier. spam option with Slideways, Slice also solid. Origin: Field-Tested
dimwishlist:item=1218113510&perks=3525010810,2822142346,923806249,2039302152,2396489472,3993379141,2120661319
dimwishlist:item=1218113510&perks=2822142346,923806249,2039302152,2396489472,3993379141,2120661319
dimwishlist:item=1218113510&perks=3525010810,923806249,2039302152,2396489472,3993379141,2120661319
dimwishlist:item=1218113510&perks=3525010810,2822142346,923806249,2039302152,2396489472,3993379141
dimwishlist:item=1218113510&perks=923806249,2039302152,2396489472,3993379141,2120661319
dimwishlist:item=1218113510&perks=2822142346,923806249,2039302152,2396489472,3993379141
dimwishlist:item=1218113510&perks=3525010810,923806249,2039302152,2396489472,3993379141
dimwishlist:item=1218113510&perks=923806249,2039302152,2396489472,3993379141

// Forbearance
BRAVE version
//notes:A-Tier. no Souldrinker but still same classic perks. Origin: Indomitability
dimwishlist:item=2480074702&perks=3525010810,2822142346,2010801679,3523296417,3108830275,2396489472,2109543898,3592538738,2489430594
dimwishlist:item=2480074702&perks=2822142346,2010801679,3523296417,3108830275,2396489472,2109543898,3592538738,2489430594
dimwishlist:item=2480074702&perks=3525010810,2010801679,3523296417,3108830275,2396489472,2109543898,3592538738,2489430594
dimwishlist:item=2480074702&perks=3525010810,2822142346,2010801679,3523296417,3108830275,2396489472,2109543898,3592538738
dimwishlist:item=2480074702&perks=2010801679,3523296417,3108830275,2396489472,2109543898,3592538738,2489430594
dimwishlist:item=2480074702&perks=2822142346,2010801679,3523296417,3108830275,2396489472,2109543898,3592538738
dimwishlist:item=2480074702&perks=3525010810,2010801679,3523296417,3108830275,2396489472,2109543898,3592538738
dimwishlist:item=2480074702&perks=2010801679,3523296417,3108830275,2396489472,2109543898,3592538738

// Forbearance
BRAVE version
//notes:A-Tier. no Souldrinker but still same classic perks. Origin: Indomitability
dimwishlist:item=568611921&perks=3525010810,2822142346,2010801679,3523296417,3108830275,2396489472,2109543898,3592538738,2489430594
dimwishlist:item=568611921&perks=2822142346,2010801679,3523296417,3108830275,2396489472,2109543898,3592538738,2489430594
dimwishlist:item=568611921&perks=3525010810,2010801679,3523296417,3108830275,2396489472,2109543898,3592538738,2489430594
dimwishlist:item=568611921&perks=3525010810,2822142346,2010801679,3523296417,3108830275,2396489472,2109543898,3592538738
dimwishlist:item=568611921&perks=2010801679,3523296417,3108830275,2396489472,2109543898,3592538738,2489430594
dimwishlist:item=568611921&perks=2822142346,2010801679,3523296417,3108830275,2396489472,2109543898,3592538738
dimwishlist:item=568611921&perks=3525010810,2010801679,3523296417,3108830275,2396489472,2109543898,3592538738
dimwishlist:item=568611921&perks=2010801679,3523296417,3108830275,2396489472,2109543898,3592538738

// Forbearance
BRAVE version
//notes:A-Tier. no Souldrinker but still same classic perks. Origin: Indomitability
dimwishlist:item=613334176&perks=3525010810,2822142346,2010801679,3108830275,2396489472,3592538738
dimwishlist:item=613334176&perks=2822142346,2010801679,3108830275,2396489472,3592538738
dimwishlist:item=613334176&perks=3525010810,2010801679,3108830275,2396489472,3592538738
dimwishlist:item=613334176&perks=2010801679,3108830275,2396489472,3592538738

// The Beacon
//notes:S-Tier. no AA but better perks than every rapid. Origin: Classy Contender
dimwishlist:item=2161618499&perks=1840239774,839105230,689005463,2680121939,3418782618,1556840489,3523296417,3078487919,2594592626,3993379141,1702976605
dimwishlist:item=2161618499&perks=1840239774,689005463,2680121939,3418782618,1556840489,3523296417,3078487919,2594592626,3993379141,1702976605
dimwishlist:item=2161618499&perks=1840239774,839105230,689005463,3418782618,1556840489,3523296417,3078487919,2594592626,3993379141,1702976605
dimwishlist:item=2161618499&perks=839105230,689005463,2680121939,3418782618,1556840489,3523296417,3078487919,2594592626,3993379141,1702976605
dimwishlist:item=2161618499&perks=1840239774,839105230,2680121939,3418782618,1556840489,3523296417,3078487919,2594592626,3993379141,1702976605
dimwishlist:item=2161618499&perks=1840239774,839105230,689005463,2680121939,3418782618,1556840489,3523296417,3078487919,2594592626,3993379141
dimwishlist:item=2161618499&perks=1840239774,689005463,3418782618,1556840489,3523296417,3078487919,2594592626,3993379141,1702976605
dimwishlist:item=2161618499&perks=689005463,2680121939,3418782618,1556840489,3523296417,3078487919,2594592626,3993379141,1702976605
dimwishlist:item=2161618499&perks=1840239774,2680121939,3418782618,1556840489,3523296417,3078487919,2594592626,3993379141,1702976605
dimwishlist:item=2161618499&perks=839105230,689005463,3418782618,1556840489,3523296417,3078487919,2594592626,3993379141,1702976605
dimwishlist:item=2161618499&perks=1840239774,839105230,3418782618,1556840489,3523296417,3078487919,2594592626,3993379141,1702976605
dimwishlist:item=2161618499&perks=839105230,2680121939,3418782618,1556840489,3523296417,3078487919,2594592626,3993379141,1702976605
dimwishlist:item=2161618499&perks=1840239774,689005463,2680121939,3418782618,1556840489,3523296417,3078487919,2594592626,3993379141
dimwishlist:item=2161618499&perks=1840239774,839105230,689005463,3418782618,1556840489,3523296417,3078487919,2594592626,3993379141
dimwishlist:item=2161618499&perks=839105230,689005463,2680121939,3418782618,1556840489,3523296417,3078487919,2594592626,3993379141
dimwishlist:item=2161618499&perks=1840239774,839105230,2680121939,3418782618,1556840489,3523296417,3078487919,2594592626,3993379141
dimwishlist:item=2161618499&perks=689005463,3418782618,1556840489,3523296417,3078487919,2594592626,3993379141,1702976605
dimwishlist:item=2161618499&perks=1840239774,3418782618,1556840489,3523296417,3078487919,2594592626,3993379141,1702976605
dimwishlist:item=2161618499&perks=2680121939,3418782618,1556840489,3523296417,3078487919,2594592626,3993379141,1702976605
dimwishlist:item=2161618499&perks=839105230,3418782618,1556840489,3523296417,3078487919,2594592626,3993379141,1702976605
dimwishlist:item=2161618499&perks=1840239774,689005463,3418782618,1556840489,3523296417,3078487919,2594592626,3993379141
dimwishlist:item=2161618499&perks=689005463,2680121939,3418782618,1556840489,3523296417,3078487919,2594592626,3993379141
dimwishlist:item=2161618499&perks=1840239774,2680121939,3418782618,1556840489,3523296417,3078487919,2594592626,3993379141
dimwishlist:item=2161618499&perks=839105230,689005463,3418782618,1556840489,3523296417,3078487919,2594592626,3993379141
dimwishlist:item=2161618499&perks=1840239774,839105230,3418782618,1556840489,3523296417,3078487919,2594592626,3993379141
dimwishlist:item=2161618499&perks=839105230,2680121939,3418782618,1556840489,3523296417,3078487919,2594592626,3993379141
dimwishlist:item=2161618499&perks=3418782618,1556840489,3523296417,3078487919,2594592626,3993379141,1702976605
dimwishlist:item=2161618499&perks=689005463,3418782618,1556840489,3523296417,3078487919,2594592626,3993379141
dimwishlist:item=2161618499&perks=1840239774,3418782618,1556840489,3523296417,3078487919,2594592626,3993379141
dimwishlist:item=2161618499&perks=2680121939,3418782618,1556840489,3523296417,3078487919,2594592626,3993379141
dimwishlist:item=2161618499&perks=839105230,3418782618,1556840489,3523296417,3078487919,2594592626,3993379141
dimwishlist:item=2161618499&perks=3418782618,1556840489,3523296417,3078487919,2594592626,3993379141

// The Beacon
//notes:S-Tier. no AA but better perks than every rapid. Origin: Classy Contender
dimwishlist:item=76739872&perks=1840239774,839105230,689005463,2680121939,3418782618,1556840489,3523296417,3078487919,2594592626,3993379141,1702976605
dimwishlist:item=76739872&perks=1840239774,689005463,2680121939,3418782618,1556840489,3523296417,3078487919,2594592626,3993379141,1702976605
dimwishlist:item=76739872&perks=1840239774,839105230,689005463,3418782618,1556840489,3523296417,3078487919,2594592626,3993379141,1702976605
dimwishlist:item=76739872&perks=839105230,689005463,2680121939,3418782618,1556840489,3523296417,3078487919,2594592626,3993379141,1702976605
dimwishlist:item=76739872&perks=1840239774,839105230,2680121939,3418782618,1556840489,3523296417,3078487919,2594592626,3993379141,1702976605
dimwishlist:item=76739872&perks=1840239774,839105230,689005463,2680121939,3418782618,1556840489,3523296417,3078487919,2594592626,3993379141
dimwishlist:item=76739872&perks=1840239774,689005463,3418782618,1556840489,3523296417,3078487919,2594592626,3993379141,1702976605
dimwishlist:item=76739872&perks=689005463,2680121939,3418782618,1556840489,3523296417,3078487919,2594592626,3993379141,1702976605
dimwishlist:item=76739872&perks=1840239774,2680121939,3418782618,1556840489,3523296417,3078487919,2594592626,3993379141,1702976605
dimwishlist:item=76739872&perks=839105230,689005463,3418782618,1556840489,3523296417,3078487919,2594592626,3993379141,1702976605
dimwishlist:item=76739872&perks=1840239774,839105230,3418782618,1556840489,3523296417,3078487919,2594592626,3993379141,1702976605
dimwishlist:item=76739872&perks=839105230,2680121939,3418782618,1556840489,3523296417,3078487919,2594592626,3993379141,1702976605
dimwishlist:item=76739872&perks=1840239774,689005463,2680121939,3418782618,1556840489,3523296417,3078487919,2594592626,3993379141
dimwishlist:item=76739872&perks=1840239774,839105230,689005463,3418782618,1556840489,3523296417,3078487919,2594592626,3993379141
dimwishlist:item=76739872&perks=839105230,689005463,2680121939,3418782618,1556840489,3523296417,3078487919,2594592626,3993379141
dimwishlist:item=76739872&perks=1840239774,839105230,2680121939,3418782618,1556840489,3523296417,3078487919,2594592626,3993379141
dimwishlist:item=76739872&perks=689005463,3418782618,1556840489,3523296417,3078487919,2594592626,3993379141,1702976605
dimwishlist:item=76739872&perks=1840239774,3418782618,1556840489,3523296417,3078487919,2594592626,3993379141,1702976605
dimwishlist:item=76739872&perks=2680121939,3418782618,1556840489,3523296417,3078487919,2594592626,3993379141,1702976605
dimwishlist:item=76739872&perks=839105230,3418782618,1556840489,3523296417,3078487919,2594592626,3993379141,1702976605
dimwishlist:item=76739872&perks=1840239774,689005463,3418782618,1556840489,3523296417,3078487919,2594592626,3993379141
dimwishlist:item=76739872&perks=689005463,2680121939,3418782618,1556840489,3523296417,3078487919,2594592626,3993379141
dimwishlist:item=76739872&perks=1840239774,2680121939,3418782618,1556840489,3523296417,3078487919,2594592626,3993379141
dimwishlist:item=76739872&perks=839105230,689005463,3418782618,1556840489,3523296417,3078487919,2594592626,3993379141
dimwishlist:item=76739872&perks=1840239774,839105230,3418782618,1556840489,3523296417,3078487919,2594592626,3993379141
dimwishlist:item=76739872&perks=839105230,2680121939,3418782618,1556840489,3523296417,3078487919,2594592626,3993379141
dimwishlist:item=76739872&perks=3418782618,1556840489,3523296417,3078487919,2594592626,3993379141,1702976605
dimwishlist:item=76739872&perks=689005463,3418782618,1556840489,3523296417,3078487919,2594592626,3993379141
dimwishlist:item=76739872&perks=1840239774,3418782618,1556840489,3523296417,3078487919,2594592626,3993379141
dimwishlist:item=76739872&perks=2680121939,3418782618,1556840489,3523296417,3078487919,2594592626,3993379141
dimwishlist:item=76739872&perks=839105230,3418782618,1556840489,3523296417,3078487919,2594592626,3993379141
dimwishlist:item=76739872&perks=3418782618,1556840489,3523296417,3078487919,2594592626,3993379141

// Riptide
//notes:S-Tier. Accelerated Assault probably takes the cake over Lionfish versatility. Origin: Accelerated Assault
dimwishlist:item=2297554989&perks=1840239774,839105230,689005463,2680121939,3300816228,3643424744,2978966579,2594592626
dimwishlist:item=2297554989&perks=1840239774,689005463,2680121939,3300816228,3643424744,2978966579,2594592626
dimwishlist:item=2297554989&perks=1840239774,839105230,689005463,3300816228,3643424744,2978966579,2594592626
dimwishlist:item=2297554989&perks=839105230,689005463,2680121939,3300816228,3643424744,2978966579,2594592626
dimwishlist:item=2297554989&perks=1840239774,839105230,2680121939,3300816228,3643424744,2978966579,2594592626
dimwishlist:item=2297554989&perks=1840239774,689005463,3300816228,3643424744,2978966579,2594592626
dimwishlist:item=2297554989&perks=689005463,2680121939,3300816228,3643424744,2978966579,2594592626
dimwishlist:item=2297554989&perks=1840239774,2680121939,3300816228,3643424744,2978966579,2594592626
dimwishlist:item=2297554989&perks=839105230,689005463,3300816228,3643424744,2978966579,2594592626
dimwishlist:item=2297554989&perks=1840239774,839105230,3300816228,3643424744,2978966579,2594592626
dimwishlist:item=2297554989&perks=839105230,2680121939,3300816228,3643424744,2978966579,2594592626
dimwishlist:item=2297554989&perks=689005463,3300816228,3643424744,2978966579,2594592626
dimwishlist:item=2297554989&perks=1840239774,3300816228,3643424744,2978966579,2594592626
dimwishlist:item=2297554989&perks=2680121939,3300816228,3643424744,2978966579,2594592626
dimwishlist:item=2297554989&perks=839105230,3300816228,3643424744,2978966579,2594592626
dimwishlist:item=2297554989&perks=3300816228,3643424744,2978966579,2594592626

// Riptide
//notes:S-Tier. Accelerated Assault probably takes the cake over Lionfish versatility. Origin: Accelerated Assault
dimwishlist:item=2715240478&perks=1840239774,839105230,689005463,2680121939,3300816228,2978966579
dimwishlist:item=2715240478&perks=1840239774,689005463,2680121939,3300816228,2978966579
dimwishlist:item=2715240478&perks=1840239774,839105230,689005463,3300816228,2978966579
dimwishlist:item=2715240478&perks=839105230,689005463,2680121939,3300816228,2978966579
dimwishlist:item=2715240478&perks=1840239774,839105230,2680121939,3300816228,2978966579
dimwishlist:item=2715240478&perks=1840239774,689005463,3300816228,2978966579
dimwishlist:item=2715240478&perks=689005463,2680121939,3300816228,2978966579
dimwishlist:item=2715240478&perks=1840239774,2680121939,3300816228,2978966579
dimwishlist:item=2715240478&perks=839105230,689005463,3300816228,2978966579
dimwishlist:item=2715240478&perks=1840239774,839105230,3300816228,2978966579
dimwishlist:item=2715240478&perks=839105230,2680121939,3300816228,2978966579
dimwishlist:item=2715240478&perks=689005463,3300816228,2978966579
dimwishlist:item=2715240478&perks=1840239774,3300816228,2978966579
dimwishlist:item=2715240478&perks=2680121939,3300816228,2978966579
dimwishlist:item=2715240478&perks=839105230,3300816228,2978966579
dimwishlist:item=2715240478&perks=3300816228,2978966579

// Riptide
//notes:S-Tier. Accelerated Assault probably takes the cake over Lionfish versatility. Origin: Accelerated Assault
dimwishlist:item=1323862250&perks=1840239774,839105230,689005463,2680121939,3300816228,3643424744,2978966579,2594592626,3713579091
dimwishlist:item=1323862250&perks=1840239774,689005463,2680121939,3300816228,3643424744,2978966579,2594592626,3713579091
dimwishlist:item=1323862250&perks=1840239774,839105230,689005463,3300816228,3643424744,2978966579,2594592626,3713579091
dimwishlist:item=1323862250&perks=839105230,689005463,2680121939,3300816228,3643424744,2978966579,2594592626,3713579091
dimwishlist:item=1323862250&perks=1840239774,839105230,2680121939,3300816228,3643424744,2978966579,2594592626,3713579091
dimwishlist:item=1323862250&perks=1840239774,839105230,689005463,2680121939,3300816228,3643424744,2978966579,2594592626
dimwishlist:item=1323862250&perks=1840239774,689005463,3300816228,3643424744,2978966579,2594592626,3713579091
dimwishlist:item=1323862250&perks=689005463,2680121939,3300816228,3643424744,2978966579,2594592626,3713579091
dimwishlist:item=1323862250&perks=1840239774,2680121939,3300816228,3643424744,2978966579,2594592626,3713579091
dimwishlist:item=1323862250&perks=839105230,689005463,3300816228,3643424744,2978966579,2594592626,3713579091
dimwishlist:item=1323862250&perks=1840239774,839105230,3300816228,3643424744,2978966579,2594592626,3713579091
dimwishlist:item=1323862250&perks=839105230,2680121939,3300816228,3643424744,2978966579,2594592626,3713579091
dimwishlist:item=1323862250&perks=1840239774,689005463,2680121939,3300816228,3643424744,2978966579,2594592626
dimwishlist:item=1323862250&perks=1840239774,839105230,689005463,3300816228,3643424744,2978966579,2594592626
dimwishlist:item=1323862250&perks=839105230,689005463,2680121939,3300816228,3643424744,2978966579,2594592626
dimwishlist:item=1323862250&perks=1840239774,839105230,2680121939,3300816228,3643424744,2978966579,2594592626
dimwishlist:item=1323862250&perks=689005463,3300816228,3643424744,2978966579,2594592626,3713579091
dimwishlist:item=1323862250&perks=1840239774,3300816228,3643424744,2978966579,2594592626,3713579091
dimwishlist:item=1323862250&perks=2680121939,3300816228,3643424744,2978966579,2594592626,3713579091
dimwishlist:item=1323862250&perks=839105230,3300816228,3643424744,2978966579,2594592626,3713579091
dimwishlist:item=1323862250&perks=1840239774,689005463,3300816228,3643424744,2978966579,2594592626
dimwishlist:item=1323862250&perks=689005463,2680121939,3300816228,3643424744,2978966579,2594592626
dimwishlist:item=1323862250&perks=1840239774,2680121939,3300816228,3643424744,2978966579,2594592626
dimwishlist:item=1323862250&perks=839105230,689005463,3300816228,3643424744,2978966579,2594592626
dimwishlist:item=1323862250&perks=1840239774,839105230,3300816228,3643424744,2978966579,2594592626
dimwishlist:item=1323862250&perks=839105230,2680121939,3300816228,3643424744,2978966579,2594592626
dimwishlist:item=1323862250&perks=3300816228,3643424744,2978966579,2594592626,3713579091
dimwishlist:item=1323862250&perks=689005463,3300816228,3643424744,2978966579,2594592626
dimwishlist:item=1323862250&perks=1840239774,3300816228,3643424744,2978966579,2594592626
dimwishlist:item=1323862250&perks=2680121939,3300816228,3643424744,2978966579,2594592626
dimwishlist:item=1323862250&perks=839105230,3300816228,3643424744,2978966579,2594592626
dimwishlist:item=1323862250&perks=3300816228,3643424744,2978966579,2594592626

// Lionfish-4fr
//notes:S-Tier. BiS utility and damage fusion on best archetype, only Rewind missing. Origin: Problem Solver
dimwishlist:item=2423071981&perks=1840239774,839105230,689005463,2680121939,1523832109,1556840489,2978966579,2594592626,1089671869,3454102905
dimwishlist:item=2423071981&perks=1840239774,689005463,2680121939,1523832109,1556840489,2978966579,2594592626,1089671869,3454102905
dimwishlist:item=2423071981&perks=1840239774,839105230,689005463,1523832109,1556840489,2978966579,2594592626,1089671869,3454102905
dimwishlist:item=2423071981&perks=839105230,689005463,2680121939,1523832109,1556840489,2978966579,2594592626,1089671869,3454102905
dimwishlist:item=2423071981&perks=1840239774,839105230,2680121939,1523832109,1556840489,2978966579,2594592626,1089671869,3454102905
dimwishlist:item=2423071981&perks=1840239774,839105230,689005463,2680121939,1523832109,1556840489,2978966579,2594592626,1089671869
dimwishlist:item=2423071981&perks=1840239774,689005463,1523832109,1556840489,2978966579,2594592626,1089671869,3454102905
dimwishlist:item=2423071981&perks=689005463,2680121939,1523832109,1556840489,2978966579,2594592626,1089671869,3454102905
dimwishlist:item=2423071981&perks=1840239774,2680121939,1523832109,1556840489,2978966579,2594592626,1089671869,3454102905
dimwishlist:item=2423071981&perks=839105230,689005463,1523832109,1556840489,2978966579,2594592626,1089671869,3454102905
dimwishlist:item=2423071981&perks=1840239774,839105230,1523832109,1556840489,2978966579,2594592626,1089671869,3454102905
dimwishlist:item=2423071981&perks=839105230,2680121939,1523832109,1556840489,2978966579,2594592626,1089671869,3454102905
dimwishlist:item=2423071981&perks=1840239774,689005463,2680121939,1523832109,1556840489,2978966579,2594592626,1089671869
dimwishlist:item=2423071981&perks=1840239774,839105230,689005463,1523832109,1556840489,2978966579,2594592626,1089671869
dimwishlist:item=2423071981&perks=839105230,689005463,2680121939,1523832109,1556840489,2978966579,2594592626,1089671869
dimwishlist:item=2423071981&perks=1840239774,839105230,2680121939,1523832109,1556840489,2978966579,2594592626,1089671869
dimwishlist:item=2423071981&perks=689005463,1523832109,1556840489,2978966579,2594592626,1089671869,3454102905
dimwishlist:item=2423071981&perks=1840239774,1523832109,1556840489,2978966579,2594592626,1089671869,3454102905
dimwishlist:item=2423071981&perks=2680121939,1523832109,1556840489,2978966579,2594592626,1089671869,3454102905
dimwishlist:item=2423071981&perks=839105230,1523832109,1556840489,2978966579,2594592626,1089671869,3454102905
dimwishlist:item=2423071981&perks=1840239774,689005463,1523832109,1556840489,2978966579,2594592626,1089671869
dimwishlist:item=2423071981&perks=689005463,2680121939,1523832109,1556840489,2978966579,2594592626,1089671869
dimwishlist:item=2423071981&perks=1840239774,2680121939,1523832109,1556840489,2978966579,2594592626,1089671869
dimwishlist:item=2423071981&perks=839105230,689005463,1523832109,1556840489,2978966579,2594592626,1089671869
dimwishlist:item=2423071981&perks=1840239774,839105230,1523832109,1556840489,2978966579,2594592626,1089671869
dimwishlist:item=2423071981&perks=839105230,2680121939,1523832109,1556840489,2978966579,2594592626,1089671869
dimwishlist:item=2423071981&perks=1523832109,1556840489,2978966579,2594592626,1089671869,3454102905
dimwishlist:item=2423071981&perks=689005463,1523832109,1556840489,2978966579,2594592626,1089671869
dimwishlist:item=2423071981&perks=1840239774,1523832109,1556840489,2978966579,2594592626,1089671869
dimwishlist:item=2423071981&perks=2680121939,1523832109,1556840489,2978966579,2594592626,1089671869
dimwishlist:item=2423071981&perks=839105230,1523832109,1556840489,2978966579,2594592626,1089671869
dimwishlist:item=2423071981&perks=1523832109,1556840489,2978966579,2594592626,1089671869

// Scatter Signal
//notes:S-Tier. Slice utility helpful in some cases, e. Overflow still good synergy. Origin: Dragon's Vengeance
dimwishlist:item=2558925366&perks=1840239774,839105230,689005463,2680121939,3643424744,923806249,2594592626,3978094547
dimwishlist:item=2558925366&perks=1840239774,689005463,2680121939,3643424744,923806249,2594592626,3978094547
dimwishlist:item=2558925366&perks=1840239774,839105230,689005463,3643424744,923806249,2594592626,3978094547
dimwishlist:item=2558925366&perks=839105230,689005463,2680121939,3643424744,923806249,2594592626,3978094547
dimwishlist:item=2558925366&perks=1840239774,839105230,2680121939,3643424744,923806249,2594592626,3978094547
dimwishlist:item=2558925366&perks=1840239774,839105230,689005463,2680121939,3643424744,923806249,2594592626
dimwishlist:item=2558925366&perks=1840239774,689005463,3643424744,923806249,2594592626,3978094547
dimwishlist:item=2558925366&perks=689005463,2680121939,3643424744,923806249,2594592626,3978094547
dimwishlist:item=2558925366&perks=1840239774,2680121939,3643424744,923806249,2594592626,3978094547
dimwishlist:item=2558925366&perks=839105230,689005463,3643424744,923806249,2594592626,3978094547
dimwishlist:item=2558925366&perks=1840239774,839105230,3643424744,923806249,2594592626,3978094547
dimwishlist:item=2558925366&perks=839105230,2680121939,3643424744,923806249,2594592626,3978094547
dimwishlist:item=2558925366&perks=1840239774,689005463,2680121939,3643424744,923806249,2594592626
dimwishlist:item=2558925366&perks=1840239774,839105230,689005463,3643424744,923806249,2594592626
dimwishlist:item=2558925366&perks=839105230,689005463,2680121939,3643424744,923806249,2594592626
dimwishlist:item=2558925366&perks=1840239774,839105230,2680121939,3643424744,923806249,2594592626
dimwishlist:item=2558925366&perks=689005463,3643424744,923806249,2594592626,3978094547
dimwishlist:item=2558925366&perks=1840239774,3643424744,923806249,2594592626,3978094547
dimwishlist:item=2558925366&perks=2680121939,3643424744,923806249,2594592626,3978094547
dimwishlist:item=2558925366&perks=839105230,3643424744,923806249,2594592626,3978094547
dimwishlist:item=2558925366&perks=1840239774,689005463,3643424744,923806249,2594592626
dimwishlist:item=2558925366&perks=689005463,2680121939,3643424744,923806249,2594592626
dimwishlist:item=2558925366&perks=1840239774,2680121939,3643424744,923806249,2594592626
dimwishlist:item=2558925366&perks=839105230,689005463,3643424744,923806249,2594592626
dimwishlist:item=2558925366&perks=1840239774,839105230,3643424744,923806249,2594592626
dimwishlist:item=2558925366&perks=839105230,2680121939,3643424744,923806249,2594592626
dimwishlist:item=2558925366&perks=3643424744,923806249,2594592626,3978094547
dimwishlist:item=2558925366&perks=689005463,3643424744,923806249,2594592626
dimwishlist:item=2558925366&perks=1840239774,3643424744,923806249,2594592626
dimwishlist:item=2558925366&perks=2680121939,3643424744,923806249,2594592626
dimwishlist:item=2558925366&perks=839105230,3643424744,923806249,2594592626
dimwishlist:item=2558925366&perks=3643424744,923806249,2594592626

// Finite Maybe
//notes:S-Tier. range limitations, but great perks, also best user of unique minor scalar. Origin: Frame of Reference
dimwishlist:item=3241217409&perks=1840239774,689005463,2680121939,1523832109,4293542123,3523296417,3078487919,2594592626,3978468247,2597494435
dimwishlist:item=3241217409&perks=1840239774,689005463,1523832109,4293542123,3523296417,3078487919,2594592626,3978468247,2597494435
dimwishlist:item=3241217409&perks=689005463,2680121939,1523832109,4293542123,3523296417,3078487919,2594592626,3978468247,2597494435
dimwishlist:item=3241217409&perks=1840239774,2680121939,1523832109,4293542123,3523296417,3078487919,2594592626,3978468247,2597494435
dimwishlist:item=3241217409&perks=1840239774,689005463,2680121939,1523832109,4293542123,3523296417,3078487919,2594592626,3978468247
dimwishlist:item=3241217409&perks=689005463,1523832109,4293542123,3523296417,3078487919,2594592626,3978468247,2597494435
dimwishlist:item=3241217409&perks=1840239774,1523832109,4293542123,3523296417,3078487919,2594592626,3978468247,2597494435
dimwishlist:item=3241217409&perks=2680121939,1523832109,4293542123,3523296417,3078487919,2594592626,3978468247,2597494435
dimwishlist:item=3241217409&perks=1840239774,689005463,1523832109,4293542123,3523296417,3078487919,2594592626,3978468247
dimwishlist:item=3241217409&perks=689005463,2680121939,1523832109,4293542123,3523296417,3078487919,2594592626,3978468247
dimwishlist:item=3241217409&perks=1840239774,2680121939,1523832109,4293542123,3523296417,3078487919,2594592626,3978468247
dimwishlist:item=3241217409&perks=1523832109,4293542123,3523296417,3078487919,2594592626,3978468247,2597494435
dimwishlist:item=3241217409&perks=689005463,1523832109,4293542123,3523296417,3078487919,2594592626,3978468247
dimwishlist:item=3241217409&perks=1840239774,1523832109,4293542123,3523296417,3078487919,2594592626,3978468247
dimwishlist:item=3241217409&perks=2680121939,1523832109,4293542123,3523296417,3078487919,2594592626,3978468247
dimwishlist:item=3241217409&perks=1523832109,4293542123,3523296417,3078487919,2594592626,3978468247

// Zealot's Reward
//notes:A-Tier. high QoL swap weapon for Tractor fusion loadouts, not amazing. Origin: Photoinhibition
dimwishlist:item=2209003210&perks=1840239774,839105230,689005463,2680121939,3300816228
dimwishlist:item=2209003210&perks=1840239774,689005463,2680121939,3300816228
dimwishlist:item=2209003210&perks=1840239774,839105230,689005463,3300816228
dimwishlist:item=2209003210&perks=839105230,689005463,2680121939,3300816228
dimwishlist:item=2209003210&perks=1840239774,839105230,2680121939,3300816228
dimwishlist:item=2209003210&perks=1840239774,689005463,3300816228
dimwishlist:item=2209003210&perks=689005463,2680121939,3300816228
dimwishlist:item=2209003210&perks=1840239774,2680121939,3300816228
dimwishlist:item=2209003210&perks=839105230,689005463,3300816228
dimwishlist:item=2209003210&perks=1840239774,839105230,3300816228
dimwishlist:item=2209003210&perks=839105230,2680121939,3300816228
dimwishlist:item=2209003210&perks=689005463,3300816228
dimwishlist:item=2209003210&perks=1840239774,3300816228
dimwishlist:item=2209003210&perks=2680121939,3300816228
dimwishlist:item=2209003210&perks=839105230,3300816228
dimwishlist:item=2209003210&perks=3300816228

// Zealot's Reward
//notes:A-Tier. high QoL swap weapon for Tractor fusion loadouts, not amazing. Origin: Photoinhibition
dimwishlist:item=2720651699&perks=1840239774,839105230,689005463,2680121939,3300816228,1556840489,2048641572,2594592626,1427256713,511914882
dimwishlist:item=2720651699&perks=1840239774,689005463,2680121939,3300816228,1556840489,2048641572,2594592626,1427256713,511914882
dimwishlist:item=2720651699&perks=1840239774,839105230,689005463,3300816228,1556840489,2048641572,2594592626,1427256713,511914882
dimwishlist:item=2720651699&perks=839105230,689005463,2680121939,3300816228,1556840489,2048641572,2594592626,1427256713,511914882
dimwishlist:item=2720651699&perks=1840239774,839105230,2680121939,3300816228,1556840489,2048641572,2594592626,1427256713,511914882
dimwishlist:item=2720651699&perks=1840239774,839105230,689005463,2680121939,3300816228,1556840489,2048641572,2594592626,1427256713
dimwishlist:item=2720651699&perks=1840239774,689005463,3300816228,1556840489,2048641572,2594592626,1427256713,511914882
dimwishlist:item=2720651699&perks=689005463,2680121939,3300816228,1556840489,2048641572,2594592626,1427256713,511914882
dimwishlist:item=2720651699&perks=1840239774,2680121939,3300816228,1556840489,2048641572,2594592626,1427256713,511914882
dimwishlist:item=2720651699&perks=839105230,689005463,3300816228,1556840489,2048641572,2594592626,1427256713,511914882
dimwishlist:item=2720651699&perks=1840239774,839105230,3300816228,1556840489,2048641572,2594592626,1427256713,511914882
dimwishlist:item=2720651699&perks=839105230,2680121939,3300816228,1556840489,2048641572,2594592626,1427256713,511914882
dimwishlist:item=2720651699&perks=1840239774,689005463,2680121939,3300816228,1556840489,2048641572,2594592626,1427256713
dimwishlist:item=2720651699&perks=1840239774,839105230,689005463,3300816228,1556840489,2048641572,2594592626,1427256713
dimwishlist:item=2720651699&perks=839105230,689005463,2680121939,3300816228,1556840489,2048641572,2594592626,1427256713
dimwishlist:item=2720651699&perks=1840239774,839105230,2680121939,3300816228,1556840489,2048641572,2594592626,1427256713
dimwishlist:item=2720651699&perks=689005463,3300816228,1556840489,2048641572,2594592626,1427256713,511914882
dimwishlist:item=2720651699&perks=1840239774,3300816228,1556840489,2048641572,2594592626,1427256713,511914882
dimwishlist:item=2720651699&perks=2680121939,3300816228,1556840489,2048641572,2594592626,1427256713,511914882
dimwishlist:item=2720651699&perks=839105230,3300816228,1556840489,2048641572,2594592626,1427256713,511914882
dimwishlist:item=2720651699&perks=1840239774,689005463,3300816228,1556840489,2048641572,2594592626,1427256713
dimwishlist:item=2720651699&perks=689005463,2680121939,3300816228,1556840489,2048641572,2594592626,1427256713
dimwishlist:item=2720651699&perks=1840239774,2680121939,3300816228,1556840489,2048641572,2594592626,1427256713
dimwishlist:item=2720651699&perks=839105230,689005463,3300816228,1556840489,2048641572,2594592626,1427256713
dimwishlist:item=2720651699&perks=1840239774,839105230,3300816228,1556840489,2048641572,2594592626,1427256713
dimwishlist:item=2720651699&perks=839105230,2680121939,3300816228,1556840489,2048641572,2594592626,1427256713
dimwishlist:item=2720651699&perks=3300816228,1556840489,2048641572,2594592626,1427256713,511914882
dimwishlist:item=2720651699&perks=689005463,3300816228,1556840489,2048641572,2594592626,1427256713
dimwishlist:item=2720651699&perks=1840239774,3300816228,1556840489,2048641572,2594592626,1427256713
dimwishlist:item=2720651699&perks=2680121939,3300816228,1556840489,2048641572,2594592626,1427256713
dimwishlist:item=2720651699&perks=839105230,3300816228,1556840489,2048641572,2594592626,1427256713
dimwishlist:item=2720651699&perks=3300816228,1556840489,2048641572,2594592626,1427256713

// Techeun Force
//notes:A-Tier. arguably highest QoL dump fusion. Origin: Explosive Pact
dimwishlist:item=3591141932&perks=1840239774,839105230,689005463,2680121939,3418782618,2594592626,1489048135
dimwishlist:item=3591141932&perks=1840239774,689005463,2680121939,3418782618,2594592626,1489048135
dimwishlist:item=3591141932&perks=1840239774,839105230,689005463,3418782618,2594592626,1489048135
dimwishlist:item=3591141932&perks=839105230,689005463,2680121939,3418782618,2594592626,1489048135
dimwishlist:item=3591141932&perks=1840239774,839105230,2680121939,3418782618,2594592626,1489048135
dimwishlist:item=3591141932&perks=1840239774,839105230,689005463,2680121939,3418782618,2594592626
dimwishlist:item=3591141932&perks=1840239774,689005463,3418782618,2594592626,1489048135
dimwishlist:item=3591141932&perks=689005463,2680121939,3418782618,2594592626,1489048135
dimwishlist:item=3591141932&perks=1840239774,2680121939,3418782618,2594592626,1489048135
dimwishlist:item=3591141932&perks=839105230,689005463,3418782618,2594592626,1489048135
dimwishlist:item=3591141932&perks=1840239774,839105230,3418782618,2594592626,1489048135
dimwishlist:item=3591141932&perks=839105230,2680121939,3418782618,2594592626,1489048135
dimwishlist:item=3591141932&perks=1840239774,689005463,2680121939,3418782618,2594592626
dimwishlist:item=3591141932&perks=1840239774,839105230,689005463,3418782618,2594592626
dimwishlist:item=3591141932&perks=839105230,689005463,2680121939,3418782618,2594592626
dimwishlist:item=3591141932&perks=1840239774,839105230,2680121939,3418782618,2594592626
dimwishlist:item=3591141932&perks=689005463,3418782618,2594592626,1489048135
dimwishlist:item=3591141932&perks=1840239774,3418782618,2594592626,1489048135
dimwishlist:item=3591141932&perks=2680121939,3418782618,2594592626,1489048135
dimwishlist:item=3591141932&perks=839105230,3418782618,2594592626,1489048135
dimwishlist:item=3591141932&perks=1840239774,689005463,3418782618,2594592626
dimwishlist:item=3591141932&perks=689005463,2680121939,3418782618,2594592626
dimwishlist:item=3591141932&perks=1840239774,2680121939,3418782618,2594592626
dimwishlist:item=3591141932&perks=839105230,689005463,3418782618,2594592626
dimwishlist:item=3591141932&perks=1840239774,839105230,3418782618,2594592626
dimwishlist:item=3591141932&perks=839105230,2680121939,3418782618,2594592626
dimwishlist:item=3591141932&perks=3418782618,2594592626,1489048135
dimwishlist:item=3591141932&perks=689005463,3418782618,2594592626
dimwishlist:item=3591141932&perks=1840239774,3418782618,2594592626
dimwishlist:item=3591141932&perks=2680121939,3418782618,2594592626
dimwishlist:item=3591141932&perks=839105230,3418782618,2594592626
dimwishlist:item=3591141932&perks=3418782618,2594592626

// Cartesian Coordinate
//notes:A-Tier. old but carried by rapid-fire frame. 
dimwishlist:item=2481881293&perks=13792278,689005463,2680121939,1556840489,1546637391
dimwishlist:item=2481881293&perks=13792278,689005463,1556840489,1546637391
dimwishlist:item=2481881293&perks=689005463,2680121939,1556840489,1546637391
dimwishlist:item=2481881293&perks=13792278,2680121939,1556840489,1546637391
dimwishlist:item=2481881293&perks=689005463,1556840489,1546637391
dimwishlist:item=2481881293&perks=13792278,1556840489,1546637391
dimwishlist:item=2481881293&perks=2680121939,1556840489,1546637391
dimwishlist:item=2481881293&perks=1556840489,1546637391

// Glacioclasm
//notes:A-Tier. one of the best close range Withering Gaze weapons. Origin: Dawning Surprise
dimwishlist:item=2728851518&perks=1840239774,839105230,689005463,2680121939,3161816588,2594592626,1427256713,4264904777
dimwishlist:item=2728851518&perks=1840239774,689005463,2680121939,3161816588,2594592626,1427256713,4264904777
dimwishlist:item=2728851518&perks=1840239774,839105230,689005463,3161816588,2594592626,1427256713,4264904777
dimwishlist:item=2728851518&perks=839105230,689005463,2680121939,3161816588,2594592626,1427256713,4264904777
dimwishlist:item=2728851518&perks=1840239774,839105230,2680121939,3161816588,2594592626,1427256713,4264904777
dimwishlist:item=2728851518&perks=1840239774,839105230,689005463,2680121939,3161816588,2594592626,1427256713
dimwishlist:item=2728851518&perks=1840239774,689005463,3161816588,2594592626,1427256713,4264904777
dimwishlist:item=2728851518&perks=689005463,2680121939,3161816588,2594592626,1427256713,4264904777
dimwishlist:item=2728851518&perks=1840239774,2680121939,3161816588,2594592626,1427256713,4264904777
dimwishlist:item=2728851518&perks=839105230,689005463,3161816588,2594592626,1427256713,4264904777
dimwishlist:item=2728851518&perks=1840239774,839105230,3161816588,2594592626,1427256713,4264904777
dimwishlist:item=2728851518&perks=839105230,2680121939,3161816588,2594592626,1427256713,4264904777
dimwishlist:item=2728851518&perks=1840239774,689005463,2680121939,3161816588,2594592626,1427256713
dimwishlist:item=2728851518&perks=1840239774,839105230,689005463,3161816588,2594592626,1427256713
dimwishlist:item=2728851518&perks=839105230,689005463,2680121939,3161816588,2594592626,1427256713
dimwishlist:item=2728851518&perks=1840239774,839105230,2680121939,3161816588,2594592626,1427256713
dimwishlist:item=2728851518&perks=689005463,3161816588,2594592626,1427256713,4264904777
dimwishlist:item=2728851518&perks=1840239774,3161816588,2594592626,1427256713,4264904777
dimwishlist:item=2728851518&perks=2680121939,3161816588,2594592626,1427256713,4264904777
dimwishlist:item=2728851518&perks=839105230,3161816588,2594592626,1427256713,4264904777
dimwishlist:item=2728851518&perks=1840239774,689005463,3161816588,2594592626,1427256713
dimwishlist:item=2728851518&perks=689005463,2680121939,3161816588,2594592626,1427256713
dimwishlist:item=2728851518&perks=1840239774,2680121939,3161816588,2594592626,1427256713
dimwishlist:item=2728851518&perks=839105230,689005463,3161816588,2594592626,1427256713
dimwishlist:item=2728851518&perks=1840239774,839105230,3161816588,2594592626,1427256713
dimwishlist:item=2728851518&perks=839105230,2680121939,3161816588,2594592626,1427256713
dimwishlist:item=2728851518&perks=3161816588,2594592626,1427256713,4264904777
dimwishlist:item=2728851518&perks=689005463,3161816588,2594592626,1427256713
dimwishlist:item=2728851518&perks=1840239774,3161816588,2594592626,1427256713
dimwishlist:item=2728851518&perks=2680121939,3161816588,2594592626,1427256713
dimwishlist:item=2728851518&perks=839105230,3161816588,2594592626,1427256713
dimwishlist:item=2728851518&perks=3161816588,2594592626,1427256713

// Glacioclasm
//notes:A-Tier. one of the best close range Withering Gaze weapons. Origin: Dawning Surprise
dimwishlist:item=3573686365&perks=1840239774,839105230,689005463,2680121939,3161816588,1427256713,4264904777
dimwishlist:item=3573686365&perks=1840239774,689005463,2680121939,3161816588,1427256713,4264904777
dimwishlist:item=3573686365&perks=1840239774,839105230,689005463,3161816588,1427256713,4264904777
dimwishlist:item=3573686365&perks=839105230,689005463,2680121939,3161816588,1427256713,4264904777
dimwishlist:item=3573686365&perks=1840239774,839105230,2680121939,3161816588,1427256713,4264904777
dimwishlist:item=3573686365&perks=1840239774,839105230,689005463,2680121939,3161816588,1427256713
dimwishlist:item=3573686365&perks=1840239774,689005463,3161816588,1427256713,4264904777
dimwishlist:item=3573686365&perks=689005463,2680121939,3161816588,1427256713,4264904777
dimwishlist:item=3573686365&perks=1840239774,2680121939,3161816588,1427256713,4264904777
dimwishlist:item=3573686365&perks=839105230,689005463,3161816588,1427256713,4264904777
dimwishlist:item=3573686365&perks=1840239774,839105230,3161816588,1427256713,4264904777
dimwishlist:item=3573686365&perks=839105230,2680121939,3161816588,1427256713,4264904777
dimwishlist:item=3573686365&perks=1840239774,689005463,2680121939,3161816588,1427256713
dimwishlist:item=3573686365&perks=1840239774,839105230,689005463,3161816588,1427256713
dimwishlist:item=3573686365&perks=839105230,689005463,2680121939,3161816588,1427256713
dimwishlist:item=3573686365&perks=1840239774,839105230,2680121939,3161816588,1427256713
dimwishlist:item=3573686365&perks=689005463,3161816588,1427256713,4264904777
dimwishlist:item=3573686365&perks=1840239774,3161816588,1427256713,4264904777
dimwishlist:item=3573686365&perks=2680121939,3161816588,1427256713,4264904777
dimwishlist:item=3573686365&perks=839105230,3161816588,1427256713,4264904777
dimwishlist:item=3573686365&perks=1840239774,689005463,3161816588,1427256713
dimwishlist:item=3573686365&perks=689005463,2680121939,3161816588,1427256713
dimwishlist:item=3573686365&perks=1840239774,2680121939,3161816588,1427256713
dimwishlist:item=3573686365&perks=839105230,689005463,3161816588,1427256713
dimwishlist:item=3573686365&perks=1840239774,839105230,3161816588,1427256713
dimwishlist:item=3573686365&perks=839105230,2680121939,3161816588,1427256713
dimwishlist:item=3573686365&perks=3161816588,1427256713,4264904777
dimwishlist:item=3573686365&perks=689005463,3161816588,1427256713
dimwishlist:item=3573686365&perks=1840239774,3161816588,1427256713
dimwishlist:item=3573686365&perks=2680121939,3161816588,1427256713
dimwishlist:item=3573686365&perks=839105230,3161816588,1427256713
dimwishlist:item=3573686365&perks=3161816588,1427256713

// Glacioclasm
//notes:A-Tier. one of the best close range Withering Gaze weapons. Origin: Dawning Surprise
dimwishlist:item=1030895163&perks=1840239774,839105230,689005463,2680121939,3161816588,1427256713
dimwishlist:item=1030895163&perks=1840239774,689005463,2680121939,3161816588,1427256713
dimwishlist:item=1030895163&perks=1840239774,839105230,689005463,3161816588,1427256713
dimwishlist:item=1030895163&perks=839105230,689005463,2680121939,3161816588,1427256713
dimwishlist:item=1030895163&perks=1840239774,839105230,2680121939,3161816588,1427256713
dimwishlist:item=1030895163&perks=1840239774,689005463,3161816588,1427256713
dimwishlist:item=1030895163&perks=689005463,2680121939,3161816588,1427256713
dimwishlist:item=1030895163&perks=1840239774,2680121939,3161816588,1427256713
dimwishlist:item=1030895163&perks=839105230,689005463,3161816588,1427256713
dimwishlist:item=1030895163&perks=1840239774,839105230,3161816588,1427256713
dimwishlist:item=1030895163&perks=839105230,2680121939,3161816588,1427256713
dimwishlist:item=1030895163&perks=689005463,3161816588,1427256713
dimwishlist:item=1030895163&perks=1840239774,3161816588,1427256713
dimwishlist:item=1030895163&perks=2680121939,3161816588,1427256713
dimwishlist:item=1030895163&perks=839105230,3161816588,1427256713
dimwishlist:item=1030895163&perks=3161816588,1427256713

// Glacioclasm
//notes:A-Tier. one of the best close range Withering Gaze weapons. Origin: Dawning Surprise
dimwishlist:item=1183116657&perks=1840239774,839105230,689005463,2680121939,968510818,3161816588,1421772400,2594592626,1427256713,1134488199,4264904777
dimwishlist:item=1183116657&perks=1840239774,689005463,2680121939,968510818,3161816588,1421772400,2594592626,1427256713,1134488199,4264904777
dimwishlist:item=1183116657&perks=1840239774,839105230,689005463,968510818,3161816588,1421772400,2594592626,1427256713,1134488199,4264904777
dimwishlist:item=1183116657&perks=839105230,689005463,2680121939,968510818,3161816588,1421772400,2594592626,1427256713,1134488199,4264904777
dimwishlist:item=1183116657&perks=1840239774,839105230,2680121939,968510818,3161816588,1421772400,2594592626,1427256713,1134488199,4264904777
dimwishlist:item=1183116657&perks=1840239774,839105230,689005463,2680121939,968510818,3161816588,1421772400,2594592626,1427256713,1134488199
dimwishlist:item=1183116657&perks=1840239774,689005463,968510818,3161816588,1421772400,2594592626,1427256713,1134488199,4264904777
dimwishlist:item=1183116657&perks=689005463,2680121939,968510818,3161816588,1421772400,2594592626,1427256713,1134488199,4264904777
dimwishlist:item=1183116657&perks=1840239774,2680121939,968510818,3161816588,1421772400,2594592626,1427256713,1134488199,4264904777
dimwishlist:item=1183116657&perks=839105230,689005463,968510818,3161816588,1421772400,2594592626,1427256713,1134488199,4264904777
dimwishlist:item=1183116657&perks=1840239774,839105230,968510818,3161816588,1421772400,2594592626,1427256713,1134488199,4264904777
dimwishlist:item=1183116657&perks=839105230,2680121939,968510818,3161816588,1421772400,2594592626,1427256713,1134488199,4264904777
dimwishlist:item=1183116657&perks=1840239774,689005463,2680121939,968510818,3161816588,1421772400,2594592626,1427256713,1134488199
dimwishlist:item=1183116657&perks=1840239774,839105230,689005463,968510818,3161816588,1421772400,2594592626,1427256713,1134488199
dimwishlist:item=1183116657&perks=839105230,689005463,2680121939,968510818,3161816588,1421772400,2594592626,1427256713,1134488199
dimwishlist:item=1183116657&perks=1840239774,839105230,2680121939,968510818,3161816588,1421772400,2594592626,1427256713,1134488199
dimwishlist:item=1183116657&perks=689005463,968510818,3161816588,1421772400,2594592626,1427256713,1134488199,4264904777
dimwishlist:item=1183116657&perks=1840239774,968510818,3161816588,1421772400,2594592626,1427256713,1134488199,4264904777
dimwishlist:item=1183116657&perks=2680121939,968510818,3161816588,1421772400,2594592626,1427256713,1134488199,4264904777
dimwishlist:item=1183116657&perks=839105230,968510818,3161816588,1421772400,2594592626,1427256713,1134488199,4264904777
dimwishlist:item=1183116657&perks=1840239774,689005463,968510818,3161816588,1421772400,2594592626,1427256713,1134488199
dimwishlist:item=1183116657&perks=689005463,2680121939,968510818,3161816588,1421772400,2594592626,1427256713,1134488199
dimwishlist:item=1183116657&perks=1840239774,2680121939,968510818,3161816588,1421772400,2594592626,1427256713,1134488199
dimwishlist:item=1183116657&perks=839105230,689005463,968510818,3161816588,1421772400,2594592626,1427256713,1134488199
dimwishlist:item=1183116657&perks=1840239774,839105230,968510818,3161816588,1421772400,2594592626,1427256713,1134488199
dimwishlist:item=1183116657&perks=839105230,2680121939,968510818,3161816588,1421772400,2594592626,1427256713,1134488199
dimwishlist:item=1183116657&perks=968510818,3161816588,1421772400,2594592626,1427256713,1134488199,4264904777
dimwishlist:item=1183116657&perks=689005463,968510818,3161816588,1421772400,2594592626,1427256713,1134488199
dimwishlist:item=1183116657&perks=1840239774,968510818,3161816588,1421772400,2594592626,1427256713,1134488199
dimwishlist:item=1183116657&perks=2680121939,968510818,3161816588,1421772400,2594592626,1427256713,1134488199
dimwishlist:item=1183116657&perks=839105230,968510818,3161816588,1421772400,2594592626,1427256713,1134488199
dimwishlist:item=1183116657&perks=968510818,3161816588,1421772400,2594592626,1427256713,1134488199

// Monody-44
//notes:A-Tier. probably best Discord fusion, also has Withering swap option. Origin: SUROS Synergy
dimwishlist:item=3201200906&perks=1840239774,839105230,689005463,2680121939,3978468247,776531651,2048641572,1134488199,2594592626,4008116374
dimwishlist:item=3201200906&perks=1840239774,689005463,2680121939,3978468247,776531651,2048641572,1134488199,2594592626,4008116374
dimwishlist:item=3201200906&perks=1840239774,839105230,689005463,3978468247,776531651,2048641572,1134488199,2594592626,4008116374
dimwishlist:item=3201200906&perks=839105230,689005463,2680121939,3978468247,776531651,2048641572,1134488199,2594592626,4008116374
dimwishlist:item=3201200906&perks=1840239774,839105230,2680121939,3978468247,776531651,2048641572,1134488199,2594592626,4008116374
dimwishlist:item=3201200906&perks=1840239774,839105230,689005463,2680121939,3978468247,776531651,2048641572,1134488199,2594592626
dimwishlist:item=3201200906&perks=1840239774,689005463,3978468247,776531651,2048641572,1134488199,2594592626,4008116374
dimwishlist:item=3201200906&perks=689005463,2680121939,3978468247,776531651,2048641572,1134488199,2594592626,4008116374
dimwishlist:item=3201200906&perks=1840239774,2680121939,3978468247,776531651,2048641572,1134488199,2594592626,4008116374
dimwishlist:item=3201200906&perks=839105230,689005463,3978468247,776531651,2048641572,1134488199,2594592626,4008116374
dimwishlist:item=3201200906&perks=1840239774,839105230,3978468247,776531651,2048641572,1134488199,2594592626,4008116374
dimwishlist:item=3201200906&perks=839105230,2680121939,3978468247,776531651,2048641572,1134488199,2594592626,4008116374
dimwishlist:item=3201200906&perks=1840239774,689005463,2680121939,3978468247,776531651,2048641572,1134488199,2594592626
dimwishlist:item=3201200906&perks=1840239774,839105230,689005463,3978468247,776531651,2048641572,1134488199,2594592626
dimwishlist:item=3201200906&perks=839105230,689005463,2680121939,3978468247,776531651,2048641572,1134488199,2594592626
dimwishlist:item=3201200906&perks=1840239774,839105230,2680121939,3978468247,776531651,2048641572,1134488199,2594592626
dimwishlist:item=3201200906&perks=689005463,3978468247,776531651,2048641572,1134488199,2594592626,4008116374
dimwishlist:item=3201200906&perks=1840239774,3978468247,776531651,2048641572,1134488199,2594592626,4008116374
dimwishlist:item=3201200906&perks=2680121939,3978468247,776531651,2048641572,1134488199,2594592626,4008116374
dimwishlist:item=3201200906&perks=839105230,3978468247,776531651,2048641572,1134488199,2594592626,4008116374
dimwishlist:item=3201200906&perks=1840239774,689005463,3978468247,776531651,2048641572,1134488199,2594592626
dimwishlist:item=3201200906&perks=689005463,2680121939,3978468247,776531651,2048641572,1134488199,2594592626
dimwishlist:item=3201200906&perks=1840239774,2680121939,3978468247,776531651,2048641572,1134488199,2594592626
dimwishlist:item=3201200906&perks=839105230,689005463,3978468247,776531651,2048641572,1134488199,2594592626
dimwishlist:item=3201200906&perks=1840239774,839105230,3978468247,776531651,2048641572,1134488199,2594592626
dimwishlist:item=3201200906&perks=839105230,2680121939,3978468247,776531651,2048641572,1134488199,2594592626
dimwishlist:item=3201200906&perks=3978468247,776531651,2048641572,1134488199,2594592626,4008116374
dimwishlist:item=3201200906&perks=689005463,3978468247,776531651,2048641572,1134488199,2594592626
dimwishlist:item=3201200906&perks=1840239774,3978468247,776531651,2048641572,1134488199,2594592626
dimwishlist:item=3201200906&perks=2680121939,3978468247,776531651,2048641572,1134488199,2594592626
dimwishlist:item=3201200906&perks=839105230,3978468247,776531651,2048641572,1134488199,2594592626
dimwishlist:item=3201200906&perks=3978468247,776531651,2048641572,1134488199,2594592626

// Afterlight
//notes:A-Tier. best vertical burst add clear fusion. Origin: Willing Vessel
dimwishlist:item=3228630258&perks=1840239774,839105230,689005463,2680121939,3978468247,1556840489,1631667848,1427256713,2048641572,1546637391,878237828
dimwishlist:item=3228630258&perks=1840239774,689005463,2680121939,3978468247,1556840489,1631667848,1427256713,2048641572,1546637391,878237828
dimwishlist:item=3228630258&perks=1840239774,839105230,689005463,3978468247,1556840489,1631667848,1427256713,2048641572,1546637391,878237828
dimwishlist:item=3228630258&perks=839105230,689005463,2680121939,3978468247,1556840489,1631667848,1427256713,2048641572,1546637391,878237828
dimwishlist:item=3228630258&perks=1840239774,839105230,2680121939,3978468247,1556840489,1631667848,1427256713,2048641572,1546637391,878237828
dimwishlist:item=3228630258&perks=1840239774,839105230,689005463,2680121939,3978468247,1556840489,1631667848,1427256713,2048641572,1546637391
dimwishlist:item=3228630258&perks=1840239774,689005463,3978468247,1556840489,1631667848,1427256713,2048641572,1546637391,878237828
dimwishlist:item=3228630258&perks=689005463,2680121939,3978468247,1556840489,1631667848,1427256713,2048641572,1546637391,878237828
dimwishlist:item=3228630258&perks=1840239774,2680121939,3978468247,1556840489,1631667848,1427256713,2048641572,1546637391,878237828
dimwishlist:item=3228630258&perks=839105230,689005463,3978468247,1556840489,1631667848,1427256713,2048641572,1546637391,878237828
dimwishlist:item=3228630258&perks=1840239774,839105230,3978468247,1556840489,1631667848,1427256713,2048641572,1546637391,878237828
dimwishlist:item=3228630258&perks=839105230,2680121939,3978468247,1556840489,1631667848,1427256713,2048641572,1546637391,878237828
dimwishlist:item=3228630258&perks=1840239774,689005463,2680121939,3978468247,1556840489,1631667848,1427256713,2048641572,1546637391
dimwishlist:item=3228630258&perks=1840239774,839105230,689005463,3978468247,1556840489,1631667848,1427256713,2048641572,1546637391
dimwishlist:item=3228630258&perks=839105230,689005463,2680121939,3978468247,1556840489,1631667848,1427256713,2048641572,1546637391
dimwishlist:item=3228630258&perks=1840239774,839105230,2680121939,3978468247,1556840489,1631667848,1427256713,2048641572,1546637391
dimwishlist:item=3228630258&perks=689005463,3978468247,1556840489,1631667848,1427256713,2048641572,1546637391,878237828
dimwishlist:item=3228630258&perks=1840239774,3978468247,1556840489,1631667848,1427256713,2048641572,1546637391,878237828
dimwishlist:item=3228630258&perks=2680121939,3978468247,1556840489,1631667848,1427256713,2048641572,1546637391,878237828
dimwishlist:item=3228630258&perks=839105230,3978468247,1556840489,1631667848,1427256713,2048641572,1546637391,878237828
dimwishlist:item=3228630258&perks=1840239774,689005463,3978468247,1556840489,1631667848,1427256713,2048641572,1546637391
dimwishlist:item=3228630258&perks=689005463,2680121939,3978468247,1556840489,1631667848,1427256713,2048641572,1546637391
dimwishlist:item=3228630258&perks=1840239774,2680121939,3978468247,1556840489,1631667848,1427256713,2048641572,1546637391
dimwishlist:item=3228630258&perks=839105230,689005463,3978468247,1556840489,1631667848,1427256713,2048641572,1546637391
dimwishlist:item=3228630258&perks=1840239774,839105230,3978468247,1556840489,1631667848,1427256713,2048641572,1546637391
dimwishlist:item=3228630258&perks=839105230,2680121939,3978468247,1556840489,1631667848,1427256713,2048641572,1546637391
dimwishlist:item=3228630258&perks=3978468247,1556840489,1631667848,1427256713,2048641572,1546637391,878237828
dimwishlist:item=3228630258&perks=689005463,3978468247,1556840489,1631667848,1427256713,2048641572,1546637391
dimwishlist:item=3228630258&perks=1840239774,3978468247,1556840489,1631667848,1427256713,2048641572,1546637391
dimwishlist:item=3228630258&perks=2680121939,3978468247,1556840489,1631667848,1427256713,2048641572,1546637391
dimwishlist:item=3228630258&perks=839105230,3978468247,1556840489,1631667848,1427256713,2048641572,1546637391
dimwishlist:item=3228630258&perks=3978468247,1556840489,1631667848,1427256713,2048641572,1546637391

// Afterlight
//notes:A-Tier. best vertical burst add clear fusion. Origin: Willing Vessel
dimwishlist:item=1834313033&perks=1840239774,839105230,689005463,2680121939,3978468247,1556840489,1631667848,1427256713,2048641572,1546637391,878237828
dimwishlist:item=1834313033&perks=1840239774,689005463,2680121939,3978468247,1556840489,1631667848,1427256713,2048641572,1546637391,878237828
dimwishlist:item=1834313033&perks=1840239774,839105230,689005463,3978468247,1556840489,1631667848,1427256713,2048641572,1546637391,878237828
dimwishlist:item=1834313033&perks=839105230,689005463,2680121939,3978468247,1556840489,1631667848,1427256713,2048641572,1546637391,878237828
dimwishlist:item=1834313033&perks=1840239774,839105230,2680121939,3978468247,1556840489,1631667848,1427256713,2048641572,1546637391,878237828
dimwishlist:item=1834313033&perks=1840239774,839105230,689005463,2680121939,3978468247,1556840489,1631667848,1427256713,2048641572,1546637391
dimwishlist:item=1834313033&perks=1840239774,689005463,3978468247,1556840489,1631667848,1427256713,2048641572,1546637391,878237828
dimwishlist:item=1834313033&perks=689005463,2680121939,3978468247,1556840489,1631667848,1427256713,2048641572,1546637391,878237828
dimwishlist:item=1834313033&perks=1840239774,2680121939,3978468247,1556840489,1631667848,1427256713,2048641572,1546637391,878237828
dimwishlist:item=1834313033&perks=839105230,689005463,3978468247,1556840489,1631667848,1427256713,2048641572,1546637391,878237828
dimwishlist:item=1834313033&perks=1840239774,839105230,3978468247,1556840489,1631667848,1427256713,2048641572,1546637391,878237828
dimwishlist:item=1834313033&perks=839105230,2680121939,3978468247,1556840489,1631667848,1427256713,2048641572,1546637391,878237828
dimwishlist:item=1834313033&perks=1840239774,689005463,2680121939,3978468247,1556840489,1631667848,1427256713,2048641572,1546637391
dimwishlist:item=1834313033&perks=1840239774,839105230,689005463,3978468247,1556840489,1631667848,1427256713,2048641572,1546637391
dimwishlist:item=1834313033&perks=839105230,689005463,2680121939,3978468247,1556840489,1631667848,1427256713,2048641572,1546637391
dimwishlist:item=1834313033&perks=1840239774,839105230,2680121939,3978468247,1556840489,1631667848,1427256713,2048641572,1546637391
dimwishlist:item=1834313033&perks=689005463,3978468247,1556840489,1631667848,1427256713,2048641572,1546637391,878237828
dimwishlist:item=1834313033&perks=1840239774,3978468247,1556840489,1631667848,1427256713,2048641572,1546637391,878237828
dimwishlist:item=1834313033&perks=2680121939,3978468247,1556840489,1631667848,1427256713,2048641572,1546637391,878237828
dimwishlist:item=1834313033&perks=839105230,3978468247,1556840489,1631667848,1427256713,2048641572,1546637391,878237828
dimwishlist:item=1834313033&perks=1840239774,689005463,3978468247,1556840489,1631667848,1427256713,2048641572,1546637391
dimwishlist:item=1834313033&perks=689005463,2680121939,3978468247,1556840489,1631667848,1427256713,2048641572,1546637391
dimwishlist:item=1834313033&perks=1840239774,2680121939,3978468247,1556840489,1631667848,1427256713,2048641572,1546637391
dimwishlist:item=1834313033&perks=839105230,689005463,3978468247,1556840489,1631667848,1427256713,2048641572,1546637391
dimwishlist:item=1834313033&perks=1840239774,839105230,3978468247,1556840489,1631667848,1427256713,2048641572,1546637391
dimwishlist:item=1834313033&perks=839105230,2680121939,3978468247,1556840489,1631667848,1427256713,2048641572,1546637391
dimwishlist:item=1834313033&perks=3978468247,1556840489,1631667848,1427256713,2048641572,1546637391,878237828
dimwishlist:item=1834313033&perks=689005463,3978468247,1556840489,1631667848,1427256713,2048641572,1546637391
dimwishlist:item=1834313033&perks=1840239774,3978468247,1556840489,1631667848,1427256713,2048641572,1546637391
dimwishlist:item=1834313033&perks=2680121939,3978468247,1556840489,1631667848,1427256713,2048641572,1546637391
dimwishlist:item=1834313033&perks=839105230,3978468247,1556840489,1631667848,1427256713,2048641572,1546637391
dimwishlist:item=1834313033&perks=3978468247,1556840489,1631667848,1427256713,2048641572,1546637391

// Afterlight
//notes:A-Tier. best vertical burst add clear fusion. Origin: Willing Vessel
dimwishlist:item=3953163559&perks=1840239774,839105230,689005463,2680121939,3978468247,1556840489,1631667848,1427256713,2048641572,1546637391,878237828
dimwishlist:item=3953163559&perks=1840239774,689005463,2680121939,3978468247,1556840489,1631667848,1427256713,2048641572,1546637391,878237828
dimwishlist:item=3953163559&perks=1840239774,839105230,689005463,3978468247,1556840489,1631667848,1427256713,2048641572,1546637391,878237828
dimwishlist:item=3953163559&perks=839105230,689005463,2680121939,3978468247,1556840489,1631667848,1427256713,2048641572,1546637391,878237828
dimwishlist:item=3953163559&perks=1840239774,839105230,2680121939,3978468247,1556840489,1631667848,1427256713,2048641572,1546637391,878237828
dimwishlist:item=3953163559&perks=1840239774,839105230,689005463,2680121939,3978468247,1556840489,1631667848,1427256713,2048641572,1546637391
dimwishlist:item=3953163559&perks=1840239774,689005463,3978468247,1556840489,1631667848,1427256713,2048641572,1546637391,878237828
dimwishlist:item=3953163559&perks=689005463,2680121939,3978468247,1556840489,1631667848,1427256713,2048641572,1546637391,878237828
dimwishlist:item=3953163559&perks=1840239774,2680121939,3978468247,1556840489,1631667848,1427256713,2048641572,1546637391,878237828
dimwishlist:item=3953163559&perks=839105230,689005463,3978468247,1556840489,1631667848,1427256713,2048641572,1546637391,878237828
dimwishlist:item=3953163559&perks=1840239774,839105230,3978468247,1556840489,1631667848,1427256713,2048641572,1546637391,878237828
dimwishlist:item=3953163559&perks=839105230,2680121939,3978468247,1556840489,1631667848,1427256713,2048641572,1546637391,878237828
dimwishlist:item=3953163559&perks=1840239774,689005463,2680121939,3978468247,1556840489,1631667848,1427256713,2048641572,1546637391
dimwishlist:item=3953163559&perks=1840239774,839105230,689005463,3978468247,1556840489,1631667848,1427256713,2048641572,1546637391
dimwishlist:item=3953163559&perks=839105230,689005463,2680121939,3978468247,1556840489,1631667848,1427256713,2048641572,1546637391
dimwishlist:item=3953163559&perks=1840239774,839105230,2680121939,3978468247,1556840489,1631667848,1427256713,2048641572,1546637391
dimwishlist:item=3953163559&perks=689005463,3978468247,1556840489,1631667848,1427256713,2048641572,1546637391,878237828
dimwishlist:item=3953163559&perks=1840239774,3978468247,1556840489,1631667848,1427256713,2048641572,1546637391,878237828
dimwishlist:item=3953163559&perks=2680121939,3978468247,1556840489,1631667848,1427256713,2048641572,1546637391,878237828
dimwishlist:item=3953163559&perks=839105230,3978468247,1556840489,1631667848,1427256713,2048641572,1546637391,878237828
dimwishlist:item=3953163559&perks=1840239774,689005463,3978468247,1556840489,1631667848,1427256713,2048641572,1546637391
dimwishlist:item=3953163559&perks=689005463,2680121939,3978468247,1556840489,1631667848,1427256713,2048641572,1546637391
dimwishlist:item=3953163559&perks=1840239774,2680121939,3978468247,1556840489,1631667848,1427256713,2048641572,1546637391
dimwishlist:item=3953163559&perks=839105230,689005463,3978468247,1556840489,1631667848,1427256713,2048641572,1546637391
dimwishlist:item=3953163559&perks=1840239774,839105230,3978468247,1556840489,1631667848,1427256713,2048641572,1546637391
dimwishlist:item=3953163559&perks=839105230,2680121939,3978468247,1556840489,1631667848,1427256713,2048641572,1546637391
dimwishlist:item=3953163559&perks=3978468247,1556840489,1631667848,1427256713,2048641572,1546637391,878237828
dimwishlist:item=3953163559&perks=689005463,3978468247,1556840489,1631667848,1427256713,2048641572,1546637391
dimwishlist:item=3953163559&perks=1840239774,3978468247,1556840489,1631667848,1427256713,2048641572,1546637391
dimwishlist:item=3953163559&perks=2680121939,3978468247,1556840489,1631667848,1427256713,2048641572,1546637391
dimwishlist:item=3953163559&perks=839105230,3978468247,1556840489,1631667848,1427256713,2048641572,1546637391
dimwishlist:item=3953163559&perks=3978468247,1556840489,1631667848,1427256713,2048641572,1546637391

// Afterlight
//notes:A-Tier. best vertical burst add clear fusion. Origin: Willing Vessel
dimwishlist:item=861521336&perks=1840239774,839105230,689005463,2680121939,3978468247,1556840489,1631667848,1427256713,2048641572,1546637391,878237828
dimwishlist:item=861521336&perks=1840239774,689005463,2680121939,3978468247,1556840489,1631667848,1427256713,2048641572,1546637391,878237828
dimwishlist:item=861521336&perks=1840239774,839105230,689005463,3978468247,1556840489,1631667848,1427256713,2048641572,1546637391,878237828
dimwishlist:item=861521336&perks=839105230,689005463,2680121939,3978468247,1556840489,1631667848,1427256713,2048641572,1546637391,878237828
dimwishlist:item=861521336&perks=1840239774,839105230,2680121939,3978468247,1556840489,1631667848,1427256713,2048641572,1546637391,878237828
dimwishlist:item=861521336&perks=1840239774,839105230,689005463,2680121939,3978468247,1556840489,1631667848,1427256713,2048641572,1546637391
dimwishlist:item=861521336&perks=1840239774,689005463,3978468247,1556840489,1631667848,1427256713,2048641572,1546637391,878237828
dimwishlist:item=861521336&perks=689005463,2680121939,3978468247,1556840489,1631667848,1427256713,2048641572,1546637391,878237828
dimwishlist:item=861521336&perks=1840239774,2680121939,3978468247,1556840489,1631667848,1427256713,2048641572,1546637391,878237828
dimwishlist:item=861521336&perks=839105230,689005463,3978468247,1556840489,1631667848,1427256713,2048641572,1546637391,878237828
dimwishlist:item=861521336&perks=1840239774,839105230,3978468247,1556840489,1631667848,1427256713,2048641572,1546637391,878237828
dimwishlist:item=861521336&perks=839105230,2680121939,3978468247,1556840489,1631667848,1427256713,2048641572,1546637391,878237828
dimwishlist:item=861521336&perks=1840239774,689005463,2680121939,3978468247,1556840489,1631667848,1427256713,2048641572,1546637391
dimwishlist:item=861521336&perks=1840239774,839105230,689005463,3978468247,1556840489,1631667848,1427256713,2048641572,1546637391
dimwishlist:item=861521336&perks=839105230,689005463,2680121939,3978468247,1556840489,1631667848,1427256713,2048641572,1546637391
dimwishlist:item=861521336&perks=1840239774,839105230,2680121939,3978468247,1556840489,1631667848,1427256713,2048641572,1546637391
dimwishlist:item=861521336&perks=689005463,3978468247,1556840489,1631667848,1427256713,2048641572,1546637391,878237828
dimwishlist:item=861521336&perks=1840239774,3978468247,1556840489,1631667848,1427256713,2048641572,1546637391,878237828
dimwishlist:item=861521336&perks=2680121939,3978468247,1556840489,1631667848,1427256713,2048641572,1546637391,878237828
dimwishlist:item=861521336&perks=839105230,3978468247,1556840489,1631667848,1427256713,2048641572,1546637391,878237828
dimwishlist:item=861521336&perks=1840239774,689005463,3978468247,1556840489,1631667848,1427256713,2048641572,1546637391
dimwishlist:item=861521336&perks=689005463,2680121939,3978468247,1556840489,1631667848,1427256713,2048641572,1546637391
dimwishlist:item=861521336&perks=1840239774,2680121939,3978468247,1556840489,1631667848,1427256713,2048641572,1546637391
dimwishlist:item=861521336&perks=839105230,689005463,3978468247,1556840489,1631667848,1427256713,2048641572,1546637391
dimwishlist:item=861521336&perks=1840239774,839105230,3978468247,1556840489,1631667848,1427256713,2048641572,1546637391
dimwishlist:item=861521336&perks=839105230,2680121939,3978468247,1556840489,1631667848,1427256713,2048641572,1546637391
dimwishlist:item=861521336&perks=3978468247,1556840489,1631667848,1427256713,2048641572,1546637391,878237828
dimwishlist:item=861521336&perks=689005463,3978468247,1556840489,1631667848,1427256713,2048641572,1546637391
dimwishlist:item=861521336&perks=1840239774,3978468247,1556840489,1631667848,1427256713,2048641572,1546637391
dimwishlist:item=861521336&perks=2680121939,3978468247,1556840489,1631667848,1427256713,2048641572,1546637391
dimwishlist:item=861521336&perks=839105230,3978468247,1556840489,1631667848,1427256713,2048641572,1546637391
dimwishlist:item=861521336&perks=3978468247,1556840489,1631667848,1427256713,2048641572,1546637391

// Rake Angle
//notes:S-Tier. fast 2 shot freeze, excellent utility perk array, CtM access. Origin: Stunning Recovery
dimwishlist:item=2298039571&perks=594346985,580685494,1087426260,3721627275,3643424744,951095735,1556840489,2978966579,1782407750,1281216113
dimwishlist:item=2298039571&perks=594346985,1087426260,3721627275,3643424744,951095735,1556840489,2978966579,1782407750,1281216113
dimwishlist:item=2298039571&perks=594346985,580685494,1087426260,3643424744,951095735,1556840489,2978966579,1782407750,1281216113
dimwishlist:item=2298039571&perks=580685494,1087426260,3721627275,3643424744,951095735,1556840489,2978966579,1782407750,1281216113
dimwishlist:item=2298039571&perks=594346985,580685494,3721627275,3643424744,951095735,1556840489,2978966579,1782407750,1281216113
dimwishlist:item=2298039571&perks=594346985,580685494,1087426260,3721627275,3643424744,951095735,1556840489,2978966579,1782407750
dimwishlist:item=2298039571&perks=594346985,1087426260,3643424744,951095735,1556840489,2978966579,1782407750,1281216113
dimwishlist:item=2298039571&perks=1087426260,3721627275,3643424744,951095735,1556840489,2978966579,1782407750,1281216113
dimwishlist:item=2298039571&perks=594346985,3721627275,3643424744,951095735,1556840489,2978966579,1782407750,1281216113
dimwishlist:item=2298039571&perks=580685494,1087426260,3643424744,951095735,1556840489,2978966579,1782407750,1281216113
dimwishlist:item=2298039571&perks=594346985,580685494,3643424744,951095735,1556840489,2978966579,1782407750,1281216113
dimwishlist:item=2298039571&perks=580685494,3721627275,3643424744,951095735,1556840489,2978966579,1782407750,1281216113
dimwishlist:item=2298039571&perks=594346985,1087426260,3721627275,3643424744,951095735,1556840489,2978966579,1782407750
dimwishlist:item=2298039571&perks=594346985,580685494,1087426260,3643424744,951095735,1556840489,2978966579,1782407750
dimwishlist:item=2298039571&perks=580685494,1087426260,3721627275,3643424744,951095735,1556840489,2978966579,1782407750
dimwishlist:item=2298039571&perks=594346985,580685494,3721627275,3643424744,951095735,1556840489,2978966579,1782407750
dimwishlist:item=2298039571&perks=1087426260,3643424744,951095735,1556840489,2978966579,1782407750,1281216113
dimwishlist:item=2298039571&perks=594346985,3643424744,951095735,1556840489,2978966579,1782407750,1281216113
dimwishlist:item=2298039571&perks=3721627275,3643424744,951095735,1556840489,2978966579,1782407750,1281216113
dimwishlist:item=2298039571&perks=580685494,3643424744,951095735,1556840489,2978966579,1782407750,1281216113
dimwishlist:item=2298039571&perks=594346985,1087426260,3643424744,951095735,1556840489,2978966579,1782407750
dimwishlist:item=2298039571&perks=1087426260,3721627275,3643424744,951095735,1556840489,2978966579,1782407750
dimwishlist:item=2298039571&perks=594346985,3721627275,3643424744,951095735,1556840489,2978966579,1782407750
dimwishlist:item=2298039571&perks=580685494,1087426260,3643424744,951095735,1556840489,2978966579,1782407750
dimwishlist:item=2298039571&perks=594346985,580685494,3643424744,951095735,1556840489,2978966579,1782407750
dimwishlist:item=2298039571&perks=580685494,3721627275,3643424744,951095735,1556840489,2978966579,1782407750
dimwishlist:item=2298039571&perks=3643424744,951095735,1556840489,2978966579,1782407750,1281216113
dimwishlist:item=2298039571&perks=1087426260,3643424744,951095735,1556840489,2978966579,1782407750
dimwishlist:item=2298039571&perks=594346985,3643424744,951095735,1556840489,2978966579,1782407750
dimwishlist:item=2298039571&perks=3721627275,3643424744,951095735,1556840489,2978966579,1782407750
dimwishlist:item=2298039571&perks=580685494,3643424744,951095735,1556840489,2978966579,1782407750
dimwishlist:item=2298039571&perks=3643424744,951095735,1556840489,2978966579,1782407750

// Rake Angle
//notes:S-Tier. fast 2 shot freeze, excellent utility perk array, CtM access. Origin: Stunning Recovery
dimwishlist:item=3997086838&perks=594346985,580685494,1087426260,3721627275,3643424744,951095735,1556840489,2978966579,1782407750,1281216113
dimwishlist:item=3997086838&perks=594346985,1087426260,3721627275,3643424744,951095735,1556840489,2978966579,1782407750,1281216113
dimwishlist:item=3997086838&perks=594346985,580685494,1087426260,3643424744,951095735,1556840489,2978966579,1782407750,1281216113
dimwishlist:item=3997086838&perks=580685494,1087426260,3721627275,3643424744,951095735,1556840489,2978966579,1782407750,1281216113
dimwishlist:item=3997086838&perks=594346985,580685494,3721627275,3643424744,951095735,1556840489,2978966579,1782407750,1281216113
dimwishlist:item=3997086838&perks=594346985,580685494,1087426260,3721627275,3643424744,951095735,1556840489,2978966579,1782407750
dimwishlist:item=3997086838&perks=594346985,1087426260,3643424744,951095735,1556840489,2978966579,1782407750,1281216113
dimwishlist:item=3997086838&perks=1087426260,3721627275,3643424744,951095735,1556840489,2978966579,1782407750,1281216113
dimwishlist:item=3997086838&perks=594346985,3721627275,3643424744,951095735,1556840489,2978966579,1782407750,1281216113
dimwishlist:item=3997086838&perks=580685494,1087426260,3643424744,951095735,1556840489,2978966579,1782407750,1281216113
dimwishlist:item=3997086838&perks=594346985,580685494,3643424744,951095735,1556840489,2978966579,1782407750,1281216113
dimwishlist:item=3997086838&perks=580685494,3721627275,3643424744,951095735,1556840489,2978966579,1782407750,1281216113
dimwishlist:item=3997086838&perks=594346985,1087426260,3721627275,3643424744,951095735,1556840489,2978966579,1782407750
dimwishlist:item=3997086838&perks=594346985,580685494,1087426260,3643424744,951095735,1556840489,2978966579,1782407750
dimwishlist:item=3997086838&perks=580685494,1087426260,3721627275,3643424744,951095735,1556840489,2978966579,1782407750
dimwishlist:item=3997086838&perks=594346985,580685494,3721627275,3643424744,951095735,1556840489,2978966579,1782407750
dimwishlist:item=3997086838&perks=1087426260,3643424744,951095735,1556840489,2978966579,1782407750,1281216113
dimwishlist:item=3997086838&perks=594346985,3643424744,951095735,1556840489,2978966579,1782407750,1281216113
dimwishlist:item=3997086838&perks=3721627275,3643424744,951095735,1556840489,2978966579,1782407750,1281216113
dimwishlist:item=3997086838&perks=580685494,3643424744,951095735,1556840489,2978966579,1782407750,1281216113
dimwishlist:item=3997086838&perks=594346985,1087426260,3643424744,951095735,1556840489,2978966579,1782407750
dimwishlist:item=3997086838&perks=1087426260,3721627275,3643424744,951095735,1556840489,2978966579,1782407750
dimwishlist:item=3997086838&perks=594346985,3721627275,3643424744,951095735,1556840489,2978966579,1782407750
dimwishlist:item=3997086838&perks=580685494,1087426260,3643424744,951095735,1556840489,2978966579,1782407750
dimwishlist:item=3997086838&perks=594346985,580685494,3643424744,951095735,1556840489,2978966579,1782407750
dimwishlist:item=3997086838&perks=580685494,3721627275,3643424744,951095735,1556840489,2978966579,1782407750
dimwishlist:item=3997086838&perks=3643424744,951095735,1556840489,2978966579,1782407750,1281216113
dimwishlist:item=3997086838&perks=1087426260,3643424744,951095735,1556840489,2978966579,1782407750
dimwishlist:item=3997086838&perks=594346985,3643424744,951095735,1556840489,2978966579,1782407750
dimwishlist:item=3997086838&perks=3721627275,3643424744,951095735,1556840489,2978966579,1782407750
dimwishlist:item=3997086838&perks=580685494,3643424744,951095735,1556840489,2978966579,1782407750
dimwishlist:item=3997086838&perks=3643424744,951095735,1556840489,2978966579,1782407750

// Forthcoming Deviance
//notes:S-Tier. only glaive with Chaos Reshaped access, solid neutral perks too. Origin: Collective Purpose
dimwishlist:item=3123651616&perks=594346985,580685494,1087426260,3721627275,951095735,1631667848,3523296417,1782407750,3640170453,2048641572,1878756191
dimwishlist:item=3123651616&perks=594346985,1087426260,3721627275,951095735,1631667848,3523296417,1782407750,3640170453,2048641572,1878756191
dimwishlist:item=3123651616&perks=594346985,580685494,1087426260,951095735,1631667848,3523296417,1782407750,3640170453,2048641572,1878756191
dimwishlist:item=3123651616&perks=580685494,1087426260,3721627275,951095735,1631667848,3523296417,1782407750,3640170453,2048641572,1878756191
dimwishlist:item=3123651616&perks=594346985,580685494,3721627275,951095735,1631667848,3523296417,1782407750,3640170453,2048641572,1878756191
dimwishlist:item=3123651616&perks=594346985,580685494,1087426260,3721627275,951095735,1631667848,3523296417,1782407750,3640170453,2048641572
dimwishlist:item=3123651616&perks=594346985,1087426260,951095735,1631667848,3523296417,1782407750,3640170453,2048641572,1878756191
dimwishlist:item=3123651616&perks=1087426260,3721627275,951095735,1631667848,3523296417,1782407750,3640170453,2048641572,1878756191
dimwishlist:item=3123651616&perks=594346985,3721627275,951095735,1631667848,3523296417,1782407750,3640170453,2048641572,1878756191
dimwishlist:item=3123651616&perks=580685494,1087426260,951095735,1631667848,3523296417,1782407750,3640170453,2048641572,1878756191
dimwishlist:item=3123651616&perks=594346985,580685494,951095735,1631667848,3523296417,1782407750,3640170453,2048641572,1878756191
dimwishlist:item=3123651616&perks=580685494,3721627275,951095735,1631667848,3523296417,1782407750,3640170453,2048641572,1878756191
dimwishlist:item=3123651616&perks=594346985,1087426260,3721627275,951095735,1631667848,3523296417,1782407750,3640170453,2048641572
dimwishlist:item=3123651616&perks=594346985,580685494,1087426260,951095735,1631667848,3523296417,1782407750,3640170453,2048641572
dimwishlist:item=3123651616&perks=580685494,1087426260,3721627275,951095735,1631667848,3523296417,1782407750,3640170453,2048641572
dimwishlist:item=3123651616&perks=594346985,580685494,3721627275,951095735,1631667848,3523296417,1782407750,3640170453,2048641572
dimwishlist:item=3123651616&perks=1087426260,951095735,1631667848,3523296417,1782407750,3640170453,2048641572,1878756191
dimwishlist:item=3123651616&perks=594346985,951095735,1631667848,3523296417,1782407750,3640170453,2048641572,1878756191
dimwishlist:item=3123651616&perks=3721627275,951095735,1631667848,3523296417,1782407750,3640170453,2048641572,1878756191
dimwishlist:item=3123651616&perks=580685494,951095735,1631667848,3523296417,1782407750,3640170453,2048641572,1878756191
dimwishlist:item=3123651616&perks=594346985,1087426260,951095735,1631667848,3523296417,1782407750,3640170453,2048641572
dimwishlist:item=3123651616&perks=1087426260,3721627275,951095735,1631667848,3523296417,1782407750,3640170453,2048641572
dimwishlist:item=3123651616&perks=594346985,3721627275,951095735,1631667848,3523296417,1782407750,3640170453,2048641572
dimwishlist:item=3123651616&perks=580685494,1087426260,951095735,1631667848,3523296417,1782407750,3640170453,2048641572
dimwishlist:item=3123651616&perks=594346985,580685494,951095735,1631667848,3523296417,1782407750,3640170453,2048641572
dimwishlist:item=3123651616&perks=580685494,3721627275,951095735,1631667848,3523296417,1782407750,3640170453,2048641572
dimwishlist:item=3123651616&perks=951095735,1631667848,3523296417,1782407750,3640170453,2048641572,1878756191
dimwishlist:item=3123651616&perks=1087426260,951095735,1631667848,3523296417,1782407750,3640170453,2048641572
dimwishlist:item=3123651616&perks=594346985,951095735,1631667848,3523296417,1782407750,3640170453,2048641572
dimwishlist:item=3123651616&perks=3721627275,951095735,1631667848,3523296417,1782407750,3640170453,2048641572
dimwishlist:item=3123651616&perks=580685494,951095735,1631667848,3523296417,1782407750,3640170453,2048641572
dimwishlist:item=3123651616&perks=951095735,1631667848,3523296417,1782407750,3640170453,2048641572

// Forthcoming Deviance
//notes:S-Tier. only glaive with Chaos Reshaped access, solid neutral perks too. Origin: Collective Purpose
dimwishlist:item=535198113&perks=594346985,580685494,1087426260,3721627275,951095735,1631667848,3523296417,1782407750,3640170453,2048641572,1878756191
dimwishlist:item=535198113&perks=594346985,1087426260,3721627275,951095735,1631667848,3523296417,1782407750,3640170453,2048641572,1878756191
dimwishlist:item=535198113&perks=594346985,580685494,1087426260,951095735,1631667848,3523296417,1782407750,3640170453,2048641572,1878756191
dimwishlist:item=535198113&perks=580685494,1087426260,3721627275,951095735,1631667848,3523296417,1782407750,3640170453,2048641572,1878756191
dimwishlist:item=535198113&perks=594346985,580685494,3721627275,951095735,1631667848,3523296417,1782407750,3640170453,2048641572,1878756191
dimwishlist:item=535198113&perks=594346985,580685494,1087426260,3721627275,951095735,1631667848,3523296417,1782407750,3640170453,2048641572
dimwishlist:item=535198113&perks=594346985,1087426260,951095735,1631667848,3523296417,1782407750,3640170453,2048641572,1878756191
dimwishlist:item=535198113&perks=1087426260,3721627275,951095735,1631667848,3523296417,1782407750,3640170453,2048641572,1878756191
dimwishlist:item=535198113&perks=594346985,3721627275,951095735,1631667848,3523296417,1782407750,3640170453,2048641572,1878756191
dimwishlist:item=535198113&perks=580685494,1087426260,951095735,1631667848,3523296417,1782407750,3640170453,2048641572,1878756191
dimwishlist:item=535198113&perks=594346985,580685494,951095735,1631667848,3523296417,1782407750,3640170453,2048641572,1878756191
dimwishlist:item=535198113&perks=580685494,3721627275,951095735,1631667848,3523296417,1782407750,3640170453,2048641572,1878756191
dimwishlist:item=535198113&perks=594346985,1087426260,3721627275,951095735,1631667848,3523296417,1782407750,3640170453,2048641572
dimwishlist:item=535198113&perks=594346985,580685494,1087426260,951095735,1631667848,3523296417,1782407750,3640170453,2048641572
dimwishlist:item=535198113&perks=580685494,1087426260,3721627275,951095735,1631667848,3523296417,1782407750,3640170453,2048641572
dimwishlist:item=535198113&perks=594346985,580685494,3721627275,951095735,1631667848,3523296417,1782407750,3640170453,2048641572
dimwishlist:item=535198113&perks=1087426260,951095735,1631667848,3523296417,1782407750,3640170453,2048641572,1878756191
dimwishlist:item=535198113&perks=594346985,951095735,1631667848,3523296417,1782407750,3640170453,2048641572,1878756191
dimwishlist:item=535198113&perks=3721627275,951095735,1631667848,3523296417,1782407750,3640170453,2048641572,1878756191
dimwishlist:item=535198113&perks=580685494,951095735,1631667848,3523296417,1782407750,3640170453,2048641572,1878756191
dimwishlist:item=535198113&perks=594346985,1087426260,951095735,1631667848,3523296417,1782407750,3640170453,2048641572
dimwishlist:item=535198113&perks=1087426260,3721627275,951095735,1631667848,3523296417,1782407750,3640170453,2048641572
dimwishlist:item=535198113&perks=594346985,3721627275,951095735,1631667848,3523296417,1782407750,3640170453,2048641572
dimwishlist:item=535198113&perks=580685494,1087426260,951095735,1631667848,3523296417,1782407750,3640170453,2048641572
dimwishlist:item=535198113&perks=594346985,580685494,951095735,1631667848,3523296417,1782407750,3640170453,2048641572
dimwishlist:item=535198113&perks=580685494,3721627275,951095735,1631667848,3523296417,1782407750,3640170453,2048641572
dimwishlist:item=535198113&perks=951095735,1631667848,3523296417,1782407750,3640170453,2048641572,1878756191
dimwishlist:item=535198113&perks=1087426260,951095735,1631667848,3523296417,1782407750,3640170453,2048641572
dimwishlist:item=535198113&perks=594346985,951095735,1631667848,3523296417,1782407750,3640170453,2048641572
dimwishlist:item=535198113&perks=3721627275,951095735,1631667848,3523296417,1782407750,3640170453,2048641572
dimwishlist:item=535198113&perks=580685494,951095735,1631667848,3523296417,1782407750,3640170453,2048641572
dimwishlist:item=535198113&perks=951095735,1631667848,3523296417,1782407750,3640170453,2048641572

// The Heron
//notes:S-Tier. probably BiS pairing with Techsec 4pc. Origin: Nail, Meet Hammer
dimwishlist:item=2246386812&perks=594346985,580685494,1087426260,3721627275,776531651,1683379515,1556840489,2048641572,1782407750,3201496230,2152442764
dimwishlist:item=2246386812&perks=594346985,1087426260,3721627275,776531651,1683379515,1556840489,2048641572,1782407750,3201496230,2152442764
dimwishlist:item=2246386812&perks=594346985,580685494,1087426260,776531651,1683379515,1556840489,2048641572,1782407750,3201496230,2152442764
dimwishlist:item=2246386812&perks=580685494,1087426260,3721627275,776531651,1683379515,1556840489,2048641572,1782407750,3201496230,2152442764
dimwishlist:item=2246386812&perks=594346985,580685494,3721627275,776531651,1683379515,1556840489,2048641572,1782407750,3201496230,2152442764
dimwishlist:item=2246386812&perks=594346985,580685494,1087426260,3721627275,776531651,1683379515,1556840489,2048641572,1782407750,3201496230
dimwishlist:item=2246386812&perks=594346985,1087426260,776531651,1683379515,1556840489,2048641572,1782407750,3201496230,2152442764
dimwishlist:item=2246386812&perks=1087426260,3721627275,776531651,1683379515,1556840489,2048641572,1782407750,3201496230,2152442764
dimwishlist:item=2246386812&perks=594346985,3721627275,776531651,1683379515,1556840489,2048641572,1782407750,3201496230,2152442764
dimwishlist:item=2246386812&perks=580685494,1087426260,776531651,1683379515,1556840489,2048641572,1782407750,3201496230,2152442764
dimwishlist:item=2246386812&perks=594346985,580685494,776531651,1683379515,1556840489,2048641572,1782407750,3201496230,2152442764
dimwishlist:item=2246386812&perks=580685494,3721627275,776531651,1683379515,1556840489,2048641572,1782407750,3201496230,2152442764
dimwishlist:item=2246386812&perks=594346985,1087426260,3721627275,776531651,1683379515,1556840489,2048641572,1782407750,3201496230
dimwishlist:item=2246386812&perks=594346985,580685494,1087426260,776531651,1683379515,1556840489,2048641572,1782407750,3201496230
dimwishlist:item=2246386812&perks=580685494,1087426260,3721627275,776531651,1683379515,1556840489,2048641572,1782407750,3201496230
dimwishlist:item=2246386812&perks=594346985,580685494,3721627275,776531651,1683379515,1556840489,2048641572,1782407750,3201496230
dimwishlist:item=2246386812&perks=1087426260,776531651,1683379515,1556840489,2048641572,1782407750,3201496230,2152442764
dimwishlist:item=2246386812&perks=594346985,776531651,1683379515,1556840489,2048641572,1782407750,3201496230,2152442764
dimwishlist:item=2246386812&perks=3721627275,776531651,1683379515,1556840489,2048641572,1782407750,3201496230,2152442764
dimwishlist:item=2246386812&perks=580685494,776531651,1683379515,1556840489,2048641572,1782407750,3201496230,2152442764
dimwishlist:item=2246386812&perks=594346985,1087426260,776531651,1683379515,1556840489,2048641572,1782407750,3201496230
dimwishlist:item=2246386812&perks=1087426260,3721627275,776531651,1683379515,1556840489,2048641572,1782407750,3201496230
dimwishlist:item=2246386812&perks=594346985,3721627275,776531651,1683379515,1556840489,2048641572,1782407750,3201496230
dimwishlist:item=2246386812&perks=580685494,1087426260,776531651,1683379515,1556840489,2048641572,1782407750,3201496230
dimwishlist:item=2246386812&perks=594346985,580685494,776531651,1683379515,1556840489,2048641572,1782407750,3201496230
dimwishlist:item=2246386812&perks=580685494,3721627275,776531651,1683379515,1556840489,2048641572,1782407750,3201496230
dimwishlist:item=2246386812&perks=776531651,1683379515,1556840489,2048641572,1782407750,3201496230,2152442764
dimwishlist:item=2246386812&perks=1087426260,776531651,1683379515,1556840489,2048641572,1782407750,3201496230
dimwishlist:item=2246386812&perks=594346985,776531651,1683379515,1556840489,2048641572,1782407750,3201496230
dimwishlist:item=2246386812&perks=3721627275,776531651,1683379515,1556840489,2048641572,1782407750,3201496230
dimwishlist:item=2246386812&perks=580685494,776531651,1683379515,1556840489,2048641572,1782407750,3201496230
dimwishlist:item=2246386812&perks=776531651,1683379515,1556840489,2048641572,1782407750,3201496230

// The Heron
//notes:S-Tier. probably BiS pairing with Techsec 4pc. Origin: Nail, Meet Hammer
dimwishlist:item=617566156&perks=594346985,580685494,1087426260,3721627275,776531651,1683379515,1556840489,2048641572,1782407750,3201496230,2152442764
dimwishlist:item=617566156&perks=594346985,1087426260,3721627275,776531651,1683379515,1556840489,2048641572,1782407750,3201496230,2152442764
dimwishlist:item=617566156&perks=594346985,580685494,1087426260,776531651,1683379515,1556840489,2048641572,1782407750,3201496230,2152442764
dimwishlist:item=617566156&perks=580685494,1087426260,3721627275,776531651,1683379515,1556840489,2048641572,1782407750,3201496230,2152442764
dimwishlist:item=617566156&perks=594346985,580685494,3721627275,776531651,1683379515,1556840489,2048641572,1782407750,3201496230,2152442764
dimwishlist:item=617566156&perks=594346985,580685494,1087426260,3721627275,776531651,1683379515,1556840489,2048641572,1782407750,3201496230
dimwishlist:item=617566156&perks=594346985,1087426260,776531651,1683379515,1556840489,2048641572,1782407750,3201496230,2152442764
dimwishlist:item=617566156&perks=1087426260,3721627275,776531651,1683379515,1556840489,2048641572,1782407750,3201496230,2152442764
dimwishlist:item=617566156&perks=594346985,3721627275,776531651,1683379515,1556840489,2048641572,1782407750,3201496230,2152442764
dimwishlist:item=617566156&perks=580685494,1087426260,776531651,1683379515,1556840489,2048641572,1782407750,3201496230,2152442764
dimwishlist:item=617566156&perks=594346985,580685494,776531651,1683379515,1556840489,2048641572,1782407750,3201496230,2152442764
dimwishlist:item=617566156&perks=580685494,3721627275,776531651,1683379515,1556840489,2048641572,1782407750,3201496230,2152442764
dimwishlist:item=617566156&perks=594346985,1087426260,3721627275,776531651,1683379515,1556840489,2048641572,1782407750,3201496230
dimwishlist:item=617566156&perks=594346985,580685494,1087426260,776531651,1683379515,1556840489,2048641572,1782407750,3201496230
dimwishlist:item=617566156&perks=580685494,1087426260,3721627275,776531651,1683379515,1556840489,2048641572,1782407750,3201496230
dimwishlist:item=617566156&perks=594346985,580685494,3721627275,776531651,1683379515,1556840489,2048641572,1782407750,3201496230
dimwishlist:item=617566156&perks=1087426260,776531651,1683379515,1556840489,2048641572,1782407750,3201496230,2152442764
dimwishlist:item=617566156&perks=594346985,776531651,1683379515,1556840489,2048641572,1782407750,3201496230,2152442764
dimwishlist:item=617566156&perks=3721627275,776531651,1683379515,1556840489,2048641572,1782407750,3201496230,2152442764
dimwishlist:item=617566156&perks=580685494,776531651,1683379515,1556840489,2048641572,1782407750,3201496230,2152442764
dimwishlist:item=617566156&perks=594346985,1087426260,776531651,1683379515,1556840489,2048641572,1782407750,3201496230
dimwishlist:item=617566156&perks=1087426260,3721627275,776531651,1683379515,1556840489,2048641572,1782407750,3201496230
dimwishlist:item=617566156&perks=594346985,3721627275,776531651,1683379515,1556840489,2048641572,1782407750,3201496230
dimwishlist:item=617566156&perks=580685494,1087426260,776531651,1683379515,1556840489,2048641572,1782407750,3201496230
dimwishlist:item=617566156&perks=594346985,580685494,776531651,1683379515,1556840489,2048641572,1782407750,3201496230
dimwishlist:item=617566156&perks=580685494,3721627275,776531651,1683379515,1556840489,2048641572,1782407750,3201496230
dimwishlist:item=617566156&perks=776531651,1683379515,1556840489,2048641572,1782407750,3201496230,2152442764
dimwishlist:item=617566156&perks=1087426260,776531651,1683379515,1556840489,2048641572,1782407750,3201496230
dimwishlist:item=617566156&perks=594346985,776531651,1683379515,1556840489,2048641572,1782407750,3201496230
dimwishlist:item=617566156&perks=3721627275,776531651,1683379515,1556840489,2048641572,1782407750,3201496230
dimwishlist:item=617566156&perks=580685494,776531651,1683379515,1556840489,2048641572,1782407750,3201496230
dimwishlist:item=617566156&perks=776531651,1683379515,1556840489,2048641572,1782407750,3201496230

// The Heron
//notes:S-Tier. probably BiS pairing with Techsec 4pc. Origin: Nail, Meet Hammer
dimwishlist:item=617566157&perks=594346985,580685494,1087426260,3721627275,776531651,1683379515,1556840489,2048641572,1782407750,3201496230,2152442764
dimwishlist:item=617566157&perks=594346985,1087426260,3721627275,776531651,1683379515,1556840489,2048641572,1782407750,3201496230,2152442764
dimwishlist:item=617566157&perks=594346985,580685494,1087426260,776531651,1683379515,1556840489,2048641572,1782407750,3201496230,2152442764
dimwishlist:item=617566157&perks=580685494,1087426260,3721627275,776531651,1683379515,1556840489,2048641572,1782407750,3201496230,2152442764
dimwishlist:item=617566157&perks=594346985,580685494,3721627275,776531651,1683379515,1556840489,2048641572,1782407750,3201496230,2152442764
dimwishlist:item=617566157&perks=594346985,580685494,1087426260,3721627275,776531651,1683379515,1556840489,2048641572,1782407750,3201496230
dimwishlist:item=617566157&perks=594346985,1087426260,776531651,1683379515,1556840489,2048641572,1782407750,3201496230,2152442764
dimwishlist:item=617566157&perks=1087426260,3721627275,776531651,1683379515,1556840489,2048641572,1782407750,3201496230,2152442764
dimwishlist:item=617566157&perks=594346985,3721627275,776531651,1683379515,1556840489,2048641572,1782407750,3201496230,2152442764
dimwishlist:item=617566157&perks=580685494,1087426260,776531651,1683379515,1556840489,2048641572,1782407750,3201496230,2152442764
dimwishlist:item=617566157&perks=594346985,580685494,776531651,1683379515,1556840489,2048641572,1782407750,3201496230,2152442764
dimwishlist:item=617566157&perks=580685494,3721627275,776531651,1683379515,1556840489,2048641572,1782407750,3201496230,2152442764
dimwishlist:item=617566157&perks=594346985,1087426260,3721627275,776531651,1683379515,1556840489,2048641572,1782407750,3201496230
dimwishlist:item=617566157&perks=594346985,580685494,1087426260,776531651,1683379515,1556840489,2048641572,1782407750,3201496230
dimwishlist:item=617566157&perks=580685494,1087426260,3721627275,776531651,1683379515,1556840489,2048641572,1782407750,3201496230
dimwishlist:item=617566157&perks=594346985,580685494,3721627275,776531651,1683379515,1556840489,2048641572,1782407750,3201496230
dimwishlist:item=617566157&perks=1087426260,776531651,1683379515,1556840489,2048641572,1782407750,3201496230,2152442764
dimwishlist:item=617566157&perks=594346985,776531651,1683379515,1556840489,2048641572,1782407750,3201496230,2152442764
dimwishlist:item=617566157&perks=3721627275,776531651,1683379515,1556840489,2048641572,1782407750,3201496230,2152442764
dimwishlist:item=617566157&perks=580685494,776531651,1683379515,1556840489,2048641572,1782407750,3201496230,2152442764
dimwishlist:item=617566157&perks=594346985,1087426260,776531651,1683379515,1556840489,2048641572,1782407750,3201496230
dimwishlist:item=617566157&perks=1087426260,3721627275,776531651,1683379515,1556840489,2048641572,1782407750,3201496230
dimwishlist:item=617566157&perks=594346985,3721627275,776531651,1683379515,1556840489,2048641572,1782407750,3201496230
dimwishlist:item=617566157&perks=580685494,1087426260,776531651,1683379515,1556840489,2048641572,1782407750,3201496230
dimwishlist:item=617566157&perks=594346985,580685494,776531651,1683379515,1556840489,2048641572,1782407750,3201496230
dimwishlist:item=617566157&perks=580685494,3721627275,776531651,1683379515,1556840489,2048641572,1782407750,3201496230
dimwishlist:item=617566157&perks=776531651,1683379515,1556840489,2048641572,1782407750,3201496230,2152442764
dimwishlist:item=617566157&perks=1087426260,776531651,1683379515,1556840489,2048641572,1782407750,3201496230
dimwishlist:item=617566157&perks=594346985,776531651,1683379515,1556840489,2048641572,1782407750,3201496230
dimwishlist:item=617566157&perks=3721627275,776531651,1683379515,1556840489,2048641572,1782407750,3201496230
dimwishlist:item=617566157&perks=580685494,776531651,1683379515,1556840489,2048641572,1782407750,3201496230
dimwishlist:item=617566157&perks=776531651,1683379515,1556840489,2048641572,1782407750,3201496230

// The Heron
//notes:S-Tier. probably BiS pairing with Techsec 4pc. Origin: Nail, Meet Hammer
dimwishlist:item=617566158&perks=594346985,580685494,1087426260,3721627275,776531651,1683379515,1556840489,2048641572,1782407750,3201496230,2152442764
dimwishlist:item=617566158&perks=594346985,1087426260,3721627275,776531651,1683379515,1556840489,2048641572,1782407750,3201496230,2152442764
dimwishlist:item=617566158&perks=594346985,580685494,1087426260,776531651,1683379515,1556840489,2048641572,1782407750,3201496230,2152442764
dimwishlist:item=617566158&perks=580685494,1087426260,3721627275,776531651,1683379515,1556840489,2048641572,1782407750,3201496230,2152442764
dimwishlist:item=617566158&perks=594346985,580685494,3721627275,776531651,1683379515,1556840489,2048641572,1782407750,3201496230,2152442764
dimwishlist:item=617566158&perks=594346985,580685494,1087426260,3721627275,776531651,1683379515,1556840489,2048641572,1782407750,3201496230
dimwishlist:item=617566158&perks=594346985,1087426260,776531651,1683379515,1556840489,2048641572,1782407750,3201496230,2152442764
dimwishlist:item=617566158&perks=1087426260,3721627275,776531651,1683379515,1556840489,2048641572,1782407750,3201496230,2152442764
dimwishlist:item=617566158&perks=594346985,3721627275,776531651,1683379515,1556840489,2048641572,1782407750,3201496230,2152442764
dimwishlist:item=617566158&perks=580685494,1087426260,776531651,1683379515,1556840489,2048641572,1782407750,3201496230,2152442764
dimwishlist:item=617566158&perks=594346985,580685494,776531651,1683379515,1556840489,2048641572,1782407750,3201496230,2152442764
dimwishlist:item=617566158&perks=580685494,3721627275,776531651,1683379515,1556840489,2048641572,1782407750,3201496230,2152442764
dimwishlist:item=617566158&perks=594346985,1087426260,3721627275,776531651,1683379515,1556840489,2048641572,1782407750,3201496230
dimwishlist:item=617566158&perks=594346985,580685494,1087426260,776531651,1683379515,1556840489,2048641572,1782407750,3201496230
dimwishlist:item=617566158&perks=580685494,1087426260,3721627275,776531651,1683379515,1556840489,2048641572,1782407750,3201496230
dimwishlist:item=617566158&perks=594346985,580685494,3721627275,776531651,1683379515,1556840489,2048641572,1782407750,3201496230
dimwishlist:item=617566158&perks=1087426260,776531651,1683379515,1556840489,2048641572,1782407750,3201496230,2152442764
dimwishlist:item=617566158&perks=594346985,776531651,1683379515,1556840489,2048641572,1782407750,3201496230,2152442764
dimwishlist:item=617566158&perks=3721627275,776531651,1683379515,1556840489,2048641572,1782407750,3201496230,2152442764
dimwishlist:item=617566158&perks=580685494,776531651,1683379515,1556840489,2048641572,1782407750,3201496230,2152442764
dimwishlist:item=617566158&perks=594346985,1087426260,776531651,1683379515,1556840489,2048641572,1782407750,3201496230
dimwishlist:item=617566158&perks=1087426260,3721627275,776531651,1683379515,1556840489,2048641572,1782407750,3201496230
dimwishlist:item=617566158&perks=594346985,3721627275,776531651,1683379515,1556840489,2048641572,1782407750,3201496230
dimwishlist:item=617566158&perks=580685494,1087426260,776531651,1683379515,1556840489,2048641572,1782407750,3201496230
dimwishlist:item=617566158&perks=594346985,580685494,776531651,1683379515,1556840489,2048641572,1782407750,3201496230
dimwishlist:item=617566158&perks=580685494,3721627275,776531651,1683379515,1556840489,2048641572,1782407750,3201496230
dimwishlist:item=617566158&perks=776531651,1683379515,1556840489,2048641572,1782407750,3201496230,2152442764
dimwishlist:item=617566158&perks=1087426260,776531651,1683379515,1556840489,2048641572,1782407750,3201496230
dimwishlist:item=617566158&perks=594346985,776531651,1683379515,1556840489,2048641572,1782407750,3201496230
dimwishlist:item=617566158&perks=3721627275,776531651,1683379515,1556840489,2048641572,1782407750,3201496230
dimwishlist:item=617566158&perks=580685494,776531651,1683379515,1556840489,2048641572,1782407750,3201496230
dimwishlist:item=617566158&perks=776531651,1683379515,1556840489,2048641572,1782407750,3201496230

// The Heron
//notes:S-Tier. probably BiS pairing with Techsec 4pc. Origin: Nail, Meet Hammer
dimwishlist:item=617566159&perks=594346985,580685494,1087426260,3721627275,776531651,1683379515,1556840489,2048641572,1782407750,3201496230,2152442764
dimwishlist:item=617566159&perks=594346985,1087426260,3721627275,776531651,1683379515,1556840489,2048641572,1782407750,3201496230,2152442764
dimwishlist:item=617566159&perks=594346985,580685494,1087426260,776531651,1683379515,1556840489,2048641572,1782407750,3201496230,2152442764
dimwishlist:item=617566159&perks=580685494,1087426260,3721627275,776531651,1683379515,1556840489,2048641572,1782407750,3201496230,2152442764
dimwishlist:item=617566159&perks=594346985,580685494,3721627275,776531651,1683379515,1556840489,2048641572,1782407750,3201496230,2152442764
dimwishlist:item=617566159&perks=594346985,580685494,1087426260,3721627275,776531651,1683379515,1556840489,2048641572,1782407750,3201496230
dimwishlist:item=617566159&perks=594346985,1087426260,776531651,1683379515,1556840489,2048641572,1782407750,3201496230,2152442764
dimwishlist:item=617566159&perks=1087426260,3721627275,776531651,1683379515,1556840489,2048641572,1782407750,3201496230,2152442764
dimwishlist:item=617566159&perks=594346985,3721627275,776531651,1683379515,1556840489,2048641572,1782407750,3201496230,2152442764
dimwishlist:item=617566159&perks=580685494,1087426260,776531651,1683379515,1556840489,2048641572,1782407750,3201496230,2152442764
dimwishlist:item=617566159&perks=594346985,580685494,776531651,1683379515,1556840489,2048641572,1782407750,3201496230,2152442764
dimwishlist:item=617566159&perks=580685494,3721627275,776531651,1683379515,1556840489,2048641572,1782407750,3201496230,2152442764
dimwishlist:item=617566159&perks=594346985,1087426260,3721627275,776531651,1683379515,1556840489,2048641572,1782407750,3201496230
dimwishlist:item=617566159&perks=594346985,580685494,1087426260,776531651,1683379515,1556840489,2048641572,1782407750,3201496230
dimwishlist:item=617566159&perks=580685494,1087426260,3721627275,776531651,1683379515,1556840489,2048641572,1782407750,3201496230
dimwishlist:item=617566159&perks=594346985,580685494,3721627275,776531651,1683379515,1556840489,2048641572,1782407750,3201496230
dimwishlist:item=617566159&perks=1087426260,776531651,1683379515,1556840489,2048641572,1782407750,3201496230,2152442764
dimwishlist:item=617566159&perks=594346985,776531651,1683379515,1556840489,2048641572,1782407750,3201496230,2152442764
dimwishlist:item=617566159&perks=3721627275,776531651,1683379515,1556840489,2048641572,1782407750,3201496230,2152442764
dimwishlist:item=617566159&perks=580685494,776531651,1683379515,1556840489,2048641572,1782407750,3201496230,2152442764
dimwishlist:item=617566159&perks=594346985,1087426260,776531651,1683379515,1556840489,2048641572,1782407750,3201496230
dimwishlist:item=617566159&perks=1087426260,3721627275,776531651,1683379515,1556840489,2048641572,1782407750,3201496230
dimwishlist:item=617566159&perks=594346985,3721627275,776531651,1683379515,1556840489,2048641572,1782407750,3201496230
dimwishlist:item=617566159&perks=580685494,1087426260,776531651,1683379515,1556840489,2048641572,1782407750,3201496230
dimwishlist:item=617566159&perks=594346985,580685494,776531651,1683379515,1556840489,2048641572,1782407750,3201496230
dimwishlist:item=617566159&perks=580685494,3721627275,776531651,1683379515,1556840489,2048641572,1782407750,3201496230
dimwishlist:item=617566159&perks=776531651,1683379515,1556840489,2048641572,1782407750,3201496230,2152442764
dimwishlist:item=617566159&perks=1087426260,776531651,1683379515,1556840489,2048641572,1782407750,3201496230
dimwishlist:item=617566159&perks=594346985,776531651,1683379515,1556840489,2048641572,1782407750,3201496230
dimwishlist:item=617566159&perks=3721627275,776531651,1683379515,1556840489,2048641572,1782407750,3201496230
dimwishlist:item=617566159&perks=580685494,776531651,1683379515,1556840489,2048641572,1782407750,3201496230
dimwishlist:item=617566159&perks=776531651,1683379515,1556840489,2048641572,1782407750,3201496230

// Nezarec's Whisper
//notes:S-Tier. Extrovert triggers on melee kills, decent neutral perks too. Origin: Extrovert
dimwishlist:item=254636484&perks=594346985,580685494,1087426260,3721627275,3523296417,951095735,1556840489,4104185692,1250481499
dimwishlist:item=254636484&perks=594346985,1087426260,3721627275,3523296417,951095735,1556840489,4104185692,1250481499
dimwishlist:item=254636484&perks=594346985,580685494,1087426260,3523296417,951095735,1556840489,4104185692,1250481499
dimwishlist:item=254636484&perks=580685494,1087426260,3721627275,3523296417,951095735,1556840489,4104185692,1250481499
dimwishlist:item=254636484&perks=594346985,580685494,3721627275,3523296417,951095735,1556840489,4104185692,1250481499
dimwishlist:item=254636484&perks=594346985,580685494,1087426260,3721627275,3523296417,951095735,1556840489,4104185692
dimwishlist:item=254636484&perks=594346985,1087426260,3523296417,951095735,1556840489,4104185692,1250481499
dimwishlist:item=254636484&perks=1087426260,3721627275,3523296417,951095735,1556840489,4104185692,1250481499
dimwishlist:item=254636484&perks=594346985,3721627275,3523296417,951095735,1556840489,4104185692,1250481499
dimwishlist:item=254636484&perks=580685494,1087426260,3523296417,951095735,1556840489,4104185692,1250481499
dimwishlist:item=254636484&perks=594346985,580685494,3523296417,951095735,1556840489,4104185692,1250481499
dimwishlist:item=254636484&perks=580685494,3721627275,3523296417,951095735,1556840489,4104185692,1250481499
dimwishlist:item=254636484&perks=594346985,1087426260,3721627275,3523296417,951095735,1556840489,4104185692
dimwishlist:item=254636484&perks=594346985,580685494,1087426260,3523296417,951095735,1556840489,4104185692
dimwishlist:item=254636484&perks=580685494,1087426260,3721627275,3523296417,951095735,1556840489,4104185692
dimwishlist:item=254636484&perks=594346985,580685494,3721627275,3523296417,951095735,1556840489,4104185692
dimwishlist:item=254636484&perks=1087426260,3523296417,951095735,1556840489,4104185692,1250481499
dimwishlist:item=254636484&perks=594346985,3523296417,951095735,1556840489,4104185692,1250481499
dimwishlist:item=254636484&perks=3721627275,3523296417,951095735,1556840489,4104185692,1250481499
dimwishlist:item=254636484&perks=580685494,3523296417,951095735,1556840489,4104185692,1250481499
dimwishlist:item=254636484&perks=594346985,1087426260,3523296417,951095735,1556840489,4104185692
dimwishlist:item=254636484&perks=1087426260,3721627275,3523296417,951095735,1556840489,4104185692
dimwishlist:item=254636484&perks=594346985,3721627275,3523296417,951095735,1556840489,4104185692
dimwishlist:item=254636484&perks=580685494,1087426260,3523296417,951095735,1556840489,4104185692
dimwishlist:item=254636484&perks=594346985,580685494,3523296417,951095735,1556840489,4104185692
dimwishlist:item=254636484&perks=580685494,3721627275,3523296417,951095735,1556840489,4104185692
dimwishlist:item=254636484&perks=3523296417,951095735,1556840489,4104185692,1250481499
dimwishlist:item=254636484&perks=1087426260,3523296417,951095735,1556840489,4104185692
dimwishlist:item=254636484&perks=594346985,3523296417,951095735,1556840489,4104185692
dimwishlist:item=254636484&perks=3721627275,3523296417,951095735,1556840489,4104185692
dimwishlist:item=254636484&perks=580685494,3523296417,951095735,1556840489,4104185692
dimwishlist:item=254636484&perks=3523296417,951095735,1556840489,4104185692

// Refusal of the Call
//notes:S-Tier. only Slice glaive, solid perks otherwise as well. Origin: Runneth Over
dimwishlist:item=2671849376&perks=594346985,580685494,1087426260,3721627275,951095735,923806249,3978468247,1782407750,3773585912,120721526
dimwishlist:item=2671849376&perks=594346985,1087426260,3721627275,951095735,923806249,3978468247,1782407750,3773585912,120721526
dimwishlist:item=2671849376&perks=594346985,580685494,1087426260,951095735,923806249,3978468247,1782407750,3773585912,120721526
dimwishlist:item=2671849376&perks=580685494,1087426260,3721627275,951095735,923806249,3978468247,1782407750,3773585912,120721526
dimwishlist:item=2671849376&perks=594346985,580685494,3721627275,951095735,923806249,3978468247,1782407750,3773585912,120721526
dimwishlist:item=2671849376&perks=594346985,580685494,1087426260,3721627275,951095735,923806249,3978468247,1782407750,3773585912
dimwishlist:item=2671849376&perks=594346985,1087426260,951095735,923806249,3978468247,1782407750,3773585912,120721526
dimwishlist:item=2671849376&perks=1087426260,3721627275,951095735,923806249,3978468247,1782407750,3773585912,120721526
dimwishlist:item=2671849376&perks=594346985,3721627275,951095735,923806249,3978468247,1782407750,3773585912,120721526
dimwishlist:item=2671849376&perks=580685494,1087426260,951095735,923806249,3978468247,1782407750,3773585912,120721526
dimwishlist:item=2671849376&perks=594346985,580685494,951095735,923806249,3978468247,1782407750,3773585912,120721526
dimwishlist:item=2671849376&perks=580685494,3721627275,951095735,923806249,3978468247,1782407750,3773585912,120721526
dimwishlist:item=2671849376&perks=594346985,1087426260,3721627275,951095735,923806249,3978468247,1782407750,3773585912
dimwishlist:item=2671849376&perks=594346985,580685494,1087426260,951095735,923806249,3978468247,1782407750,3773585912
dimwishlist:item=2671849376&perks=580685494,1087426260,3721627275,951095735,923806249,3978468247,1782407750,3773585912
dimwishlist:item=2671849376&perks=594346985,580685494,3721627275,951095735,923806249,3978468247,1782407750,3773585912
dimwishlist:item=2671849376&perks=1087426260,951095735,923806249,3978468247,1782407750,3773585912,120721526
dimwishlist:item=2671849376&perks=594346985,951095735,923806249,3978468247,1782407750,3773585912,120721526
dimwishlist:item=2671849376&perks=3721627275,951095735,923806249,3978468247,1782407750,3773585912,120721526
dimwishlist:item=2671849376&perks=580685494,951095735,923806249,3978468247,1782407750,3773585912,120721526
dimwishlist:item=2671849376&perks=594346985,1087426260,951095735,923806249,3978468247,1782407750,3773585912
dimwishlist:item=2671849376&perks=1087426260,3721627275,951095735,923806249,3978468247,1782407750,3773585912
dimwishlist:item=2671849376&perks=594346985,3721627275,951095735,923806249,3978468247,1782407750,3773585912
dimwishlist:item=2671849376&perks=580685494,1087426260,951095735,923806249,3978468247,1782407750,3773585912
dimwishlist:item=2671849376&perks=594346985,580685494,951095735,923806249,3978468247,1782407750,3773585912
dimwishlist:item=2671849376&perks=580685494,3721627275,951095735,923806249,3978468247,1782407750,3773585912
dimwishlist:item=2671849376&perks=951095735,923806249,3978468247,1782407750,3773585912,120721526
dimwishlist:item=2671849376&perks=1087426260,951095735,923806249,3978468247,1782407750,3773585912
dimwishlist:item=2671849376&perks=594346985,951095735,923806249,3978468247,1782407750,3773585912
dimwishlist:item=2671849376&perks=3721627275,951095735,923806249,3978468247,1782407750,3773585912
dimwishlist:item=2671849376&perks=580685494,951095735,923806249,3978468247,1782407750,3773585912
dimwishlist:item=2671849376&perks=951095735,923806249,3978468247,1782407750,3773585912

// Refusal of the Call
//notes:S-Tier. only Slice glaive, solid perks otherwise as well. Origin: Runneth Over
dimwishlist:item=3269398063&perks=594346985,580685494,1087426260,3721627275,951095735,923806249,3978468247,1782407750,3773585912
dimwishlist:item=3269398063&perks=594346985,1087426260,3721627275,951095735,923806249,3978468247,1782407750,3773585912
dimwishlist:item=3269398063&perks=594346985,580685494,1087426260,951095735,923806249,3978468247,1782407750,3773585912
dimwishlist:item=3269398063&perks=580685494,1087426260,3721627275,951095735,923806249,3978468247,1782407750,3773585912
dimwishlist:item=3269398063&perks=594346985,580685494,3721627275,951095735,923806249,3978468247,1782407750,3773585912
dimwishlist:item=3269398063&perks=594346985,1087426260,951095735,923806249,3978468247,1782407750,3773585912
dimwishlist:item=3269398063&perks=1087426260,3721627275,951095735,923806249,3978468247,1782407750,3773585912
dimwishlist:item=3269398063&perks=594346985,3721627275,951095735,923806249,3978468247,1782407750,3773585912
dimwishlist:item=3269398063&perks=580685494,1087426260,951095735,923806249,3978468247,1782407750,3773585912
dimwishlist:item=3269398063&perks=594346985,580685494,951095735,923806249,3978468247,1782407750,3773585912
dimwishlist:item=3269398063&perks=580685494,3721627275,951095735,923806249,3978468247,1782407750,3773585912
dimwishlist:item=3269398063&perks=1087426260,951095735,923806249,3978468247,1782407750,3773585912
dimwishlist:item=3269398063&perks=594346985,951095735,923806249,3978468247,1782407750,3773585912
dimwishlist:item=3269398063&perks=3721627275,951095735,923806249,3978468247,1782407750,3773585912
dimwishlist:item=3269398063&perks=580685494,951095735,923806249,3978468247,1782407750,3773585912
dimwishlist:item=3269398063&perks=951095735,923806249,3978468247,1782407750,3773585912

// Refusal of the Call
//notes:S-Tier. only Slice glaive, solid perks otherwise as well. Origin: Runneth Over
dimwishlist:item=2755584425&perks=594346985,580685494,1087426260,3721627275,951095735,923806249,3978468247,1782407750,3773585912,120721526
dimwishlist:item=2755584425&perks=594346985,1087426260,3721627275,951095735,923806249,3978468247,1782407750,3773585912,120721526
dimwishlist:item=2755584425&perks=594346985,580685494,1087426260,951095735,923806249,3978468247,1782407750,3773585912,120721526
dimwishlist:item=2755584425&perks=580685494,1087426260,3721627275,951095735,923806249,3978468247,1782407750,3773585912,120721526
dimwishlist:item=2755584425&perks=594346985,580685494,3721627275,951095735,923806249,3978468247,1782407750,3773585912,120721526
dimwishlist:item=2755584425&perks=594346985,580685494,1087426260,3721627275,951095735,923806249,3978468247,1782407750,3773585912
dimwishlist:item=2755584425&perks=594346985,1087426260,951095735,923806249,3978468247,1782407750,3773585912,120721526
dimwishlist:item=2755584425&perks=1087426260,3721627275,951095735,923806249,3978468247,1782407750,3773585912,120721526
dimwishlist:item=2755584425&perks=594346985,3721627275,951095735,923806249,3978468247,1782407750,3773585912,120721526
dimwishlist:item=2755584425&perks=580685494,1087426260,951095735,923806249,3978468247,1782407750,3773585912,120721526
dimwishlist:item=2755584425&perks=594346985,580685494,951095735,923806249,3978468247,1782407750,3773585912,120721526
dimwishlist:item=2755584425&perks=580685494,3721627275,951095735,923806249,3978468247,1782407750,3773585912,120721526
dimwishlist:item=2755584425&perks=594346985,1087426260,3721627275,951095735,923806249,3978468247,1782407750,3773585912
dimwishlist:item=2755584425&perks=594346985,580685494,1087426260,951095735,923806249,3978468247,1782407750,3773585912
dimwishlist:item=2755584425&perks=580685494,1087426260,3721627275,951095735,923806249,3978468247,1782407750,3773585912
dimwishlist:item=2755584425&perks=594346985,580685494,3721627275,951095735,923806249,3978468247,1782407750,3773585912
dimwishlist:item=2755584425&perks=1087426260,951095735,923806249,3978468247,1782407750,3773585912,120721526
dimwishlist:item=2755584425&perks=594346985,951095735,923806249,3978468247,1782407750,3773585912,120721526
dimwishlist:item=2755584425&perks=3721627275,951095735,923806249,3978468247,1782407750,3773585912,120721526
dimwishlist:item=2755584425&perks=580685494,951095735,923806249,3978468247,1782407750,3773585912,120721526
dimwishlist:item=2755584425&perks=594346985,1087426260,951095735,923806249,3978468247,1782407750,3773585912
dimwishlist:item=2755584425&perks=1087426260,3721627275,951095735,923806249,3978468247,1782407750,3773585912
dimwishlist:item=2755584425&perks=594346985,3721627275,951095735,923806249,3978468247,1782407750,3773585912
dimwishlist:item=2755584425&perks=580685494,1087426260,951095735,923806249,3978468247,1782407750,3773585912
dimwishlist:item=2755584425&perks=594346985,580685494,951095735,923806249,3978468247,1782407750,3773585912
dimwishlist:item=2755584425&perks=580685494,3721627275,951095735,923806249,3978468247,1782407750,3773585912
dimwishlist:item=2755584425&perks=951095735,923806249,3978468247,1782407750,3773585912,120721526
dimwishlist:item=2755584425&perks=1087426260,951095735,923806249,3978468247,1782407750,3773585912
dimwishlist:item=2755584425&perks=594346985,951095735,923806249,3978468247,1782407750,3773585912
dimwishlist:item=2755584425&perks=3721627275,951095735,923806249,3978468247,1782407750,3773585912
dimwishlist:item=2755584425&perks=580685494,951095735,923806249,3978468247,1782407750,3773585912
dimwishlist:item=2755584425&perks=951095735,923806249,3978468247,1782407750,3773585912

// Refusal of the Call
//notes:S-Tier. only Slice glaive, solid perks otherwise as well. Origin: Runneth Over
dimwishlist:item=25228802&perks=594346985,580685494,1087426260,3721627275,951095735,923806249,3978468247,1782407750,3773585912
dimwishlist:item=25228802&perks=594346985,1087426260,3721627275,951095735,923806249,3978468247,1782407750,3773585912
dimwishlist:item=25228802&perks=594346985,580685494,1087426260,951095735,923806249,3978468247,1782407750,3773585912
dimwishlist:item=25228802&perks=580685494,1087426260,3721627275,951095735,923806249,3978468247,1782407750,3773585912
dimwishlist:item=25228802&perks=594346985,580685494,3721627275,951095735,923806249,3978468247,1782407750,3773585912
dimwishlist:item=25228802&perks=594346985,1087426260,951095735,923806249,3978468247,1782407750,3773585912
dimwishlist:item=25228802&perks=1087426260,3721627275,951095735,923806249,3978468247,1782407750,3773585912
dimwishlist:item=25228802&perks=594346985,3721627275,951095735,923806249,3978468247,1782407750,3773585912
dimwishlist:item=25228802&perks=580685494,1087426260,951095735,923806249,3978468247,1782407750,3773585912
dimwishlist:item=25228802&perks=594346985,580685494,951095735,923806249,3978468247,1782407750,3773585912
dimwishlist:item=25228802&perks=580685494,3721627275,951095735,923806249,3978468247,1782407750,3773585912
dimwishlist:item=25228802&perks=1087426260,951095735,923806249,3978468247,1782407750,3773585912
dimwishlist:item=25228802&perks=594346985,951095735,923806249,3978468247,1782407750,3773585912
dimwishlist:item=25228802&perks=3721627275,951095735,923806249,3978468247,1782407750,3773585912
dimwishlist:item=25228802&perks=580685494,951095735,923806249,3978468247,1782407750,3773585912
dimwishlist:item=25228802&perks=951095735,923806249,3978468247,1782407750,3773585912

// Refusal of the Call
//notes:S-Tier. only Slice glaive, solid perks otherwise as well. Origin: Runneth Over
dimwishlist:item=3947966653&perks=1087426260,923806249
dimwishlist:item=3947966653&perks=923806249

// Unexpected Resurgence
//notes:A-Tier. ALH is interesting but perks aren't stellar, best shield duration though. Origin: Alacrity
dimwishlist:item=4005780578&perks=594346985,580685494,1087426260,3721627275,3300816228,951095735,1966281507,4104185692,1782407750,2173046394,2988596335
dimwishlist:item=4005780578&perks=594346985,1087426260,3721627275,3300816228,951095735,1966281507,4104185692,1782407750,2173046394,2988596335
dimwishlist:item=4005780578&perks=594346985,580685494,1087426260,3300816228,951095735,1966281507,4104185692,1782407750,2173046394,2988596335
dimwishlist:item=4005780578&perks=580685494,1087426260,3721627275,3300816228,951095735,1966281507,4104185692,1782407750,2173046394,2988596335
dimwishlist:item=4005780578&perks=594346985,580685494,3721627275,3300816228,951095735,1966281507,4104185692,1782407750,2173046394,2988596335
dimwishlist:item=4005780578&perks=594346985,580685494,1087426260,3721627275,3300816228,951095735,1966281507,4104185692,1782407750,2173046394
dimwishlist:item=4005780578&perks=594346985,1087426260,3300816228,951095735,1966281507,4104185692,1782407750,2173046394,2988596335
dimwishlist:item=4005780578&perks=1087426260,3721627275,3300816228,951095735,1966281507,4104185692,1782407750,2173046394,2988596335
dimwishlist:item=4005780578&perks=594346985,3721627275,3300816228,951095735,1966281507,4104185692,1782407750,2173046394,2988596335
dimwishlist:item=4005780578&perks=580685494,1087426260,3300816228,951095735,1966281507,4104185692,1782407750,2173046394,2988596335
dimwishlist:item=4005780578&perks=594346985,580685494,3300816228,951095735,1966281507,4104185692,1782407750,2173046394,2988596335
dimwishlist:item=4005780578&perks=580685494,3721627275,3300816228,951095735,1966281507,4104185692,1782407750,2173046394,2988596335
dimwishlist:item=4005780578&perks=594346985,1087426260,3721627275,3300816228,951095735,1966281507,4104185692,1782407750,2173046394
dimwishlist:item=4005780578&perks=594346985,580685494,1087426260,3300816228,951095735,1966281507,4104185692,1782407750,2173046394
dimwishlist:item=4005780578&perks=580685494,1087426260,3721627275,3300816228,951095735,1966281507,4104185692,1782407750,2173046394
dimwishlist:item=4005780578&perks=594346985,580685494,3721627275,3300816228,951095735,1966281507,4104185692,1782407750,2173046394
dimwishlist:item=4005780578&perks=1087426260,3300816228,951095735,1966281507,4104185692,1782407750,2173046394,2988596335
dimwishlist:item=4005780578&perks=594346985,3300816228,951095735,1966281507,4104185692,1782407750,2173046394,2988596335
dimwishlist:item=4005780578&perks=3721627275,3300816228,951095735,1966281507,4104185692,1782407750,2173046394,2988596335
dimwishlist:item=4005780578&perks=580685494,3300816228,951095735,1966281507,4104185692,1782407750,2173046394,2988596335
dimwishlist:item=4005780578&perks=594346985,1087426260,3300816228,951095735,1966281507,4104185692,1782407750,2173046394
dimwishlist:item=4005780578&perks=1087426260,3721627275,3300816228,951095735,1966281507,4104185692,1782407750,2173046394
dimwishlist:item=4005780578&perks=594346985,3721627275,3300816228,951095735,1966281507,4104185692,1782407750,2173046394
dimwishlist:item=4005780578&perks=580685494,1087426260,3300816228,951095735,1966281507,4104185692,1782407750,2173046394
dimwishlist:item=4005780578&perks=594346985,580685494,3300816228,951095735,1966281507,4104185692,1782407750,2173046394
dimwishlist:item=4005780578&perks=580685494,3721627275,3300816228,951095735,1966281507,4104185692,1782407750,2173046394
dimwishlist:item=4005780578&perks=3300816228,951095735,1966281507,4104185692,1782407750,2173046394,2988596335
dimwishlist:item=4005780578&perks=1087426260,3300816228,951095735,1966281507,4104185692,1782407750,2173046394
dimwishlist:item=4005780578&perks=594346985,3300816228,951095735,1966281507,4104185692,1782407750,2173046394
dimwishlist:item=4005780578&perks=3721627275,3300816228,951095735,1966281507,4104185692,1782407750,2173046394
dimwishlist:item=4005780578&perks=580685494,3300816228,951095735,1966281507,4104185692,1782407750,2173046394
dimwishlist:item=4005780578&perks=3300816228,951095735,1966281507,4104185692,1782407750,2173046394

// Unexpected Resurgence
//notes:A-Tier. ALH is interesting but perks aren't stellar, best shield duration though. Origin: Alacrity
dimwishlist:item=1141586039&perks=594346985,580685494,1087426260,3721627275,3300816228,951095735,1966281507,4104185692,1782407750,2173046394,2988596335
dimwishlist:item=1141586039&perks=594346985,1087426260,3721627275,3300816228,951095735,1966281507,4104185692,1782407750,2173046394,2988596335
dimwishlist:item=1141586039&perks=594346985,580685494,1087426260,3300816228,951095735,1966281507,4104185692,1782407750,2173046394,2988596335
dimwishlist:item=1141586039&perks=580685494,1087426260,3721627275,3300816228,951095735,1966281507,4104185692,1782407750,2173046394,2988596335
dimwishlist:item=1141586039&perks=594346985,580685494,3721627275,3300816228,951095735,1966281507,4104185692,1782407750,2173046394,2988596335
dimwishlist:item=1141586039&perks=594346985,580685494,1087426260,3721627275,3300816228,951095735,1966281507,4104185692,1782407750,2173046394
dimwishlist:item=1141586039&perks=594346985,1087426260,3300816228,951095735,1966281507,4104185692,1782407750,2173046394,2988596335
dimwishlist:item=1141586039&perks=1087426260,3721627275,3300816228,951095735,1966281507,4104185692,1782407750,2173046394,2988596335
dimwishlist:item=1141586039&perks=594346985,3721627275,3300816228,951095735,1966281507,4104185692,1782407750,2173046394,2988596335
dimwishlist:item=1141586039&perks=580685494,1087426260,3300816228,951095735,1966281507,4104185692,1782407750,2173046394,2988596335
dimwishlist:item=1141586039&perks=594346985,580685494,3300816228,951095735,1966281507,4104185692,1782407750,2173046394,2988596335
dimwishlist:item=1141586039&perks=580685494,3721627275,3300816228,951095735,1966281507,4104185692,1782407750,2173046394,2988596335
dimwishlist:item=1141586039&perks=594346985,1087426260,3721627275,3300816228,951095735,1966281507,4104185692,1782407750,2173046394
dimwishlist:item=1141586039&perks=594346985,580685494,1087426260,3300816228,951095735,1966281507,4104185692,1782407750,2173046394
dimwishlist:item=1141586039&perks=580685494,1087426260,3721627275,3300816228,951095735,1966281507,4104185692,1782407750,2173046394
dimwishlist:item=1141586039&perks=594346985,580685494,3721627275,3300816228,951095735,1966281507,4104185692,1782407750,2173046394
dimwishlist:item=1141586039&perks=1087426260,3300816228,951095735,1966281507,4104185692,1782407750,2173046394,2988596335
dimwishlist:item=1141586039&perks=594346985,3300816228,951095735,1966281507,4104185692,1782407750,2173046394,2988596335
dimwishlist:item=1141586039&perks=3721627275,3300816228,951095735,1966281507,4104185692,1782407750,2173046394,2988596335
dimwishlist:item=1141586039&perks=580685494,3300816228,951095735,1966281507,4104185692,1782407750,2173046394,2988596335
dimwishlist:item=1141586039&perks=594346985,1087426260,3300816228,951095735,1966281507,4104185692,1782407750,2173046394
dimwishlist:item=1141586039&perks=1087426260,3721627275,3300816228,951095735,1966281507,4104185692,1782407750,2173046394
dimwishlist:item=1141586039&perks=594346985,3721627275,3300816228,951095735,1966281507,4104185692,1782407750,2173046394
dimwishlist:item=1141586039&perks=580685494,1087426260,3300816228,951095735,1966281507,4104185692,1782407750,2173046394
dimwishlist:item=1141586039&perks=594346985,580685494,3300816228,951095735,1966281507,4104185692,1782407750,2173046394
dimwishlist:item=1141586039&perks=580685494,3721627275,3300816228,951095735,1966281507,4104185692,1782407750,2173046394
dimwishlist:item=1141586039&perks=3300816228,951095735,1966281507,4104185692,1782407750,2173046394,2988596335
dimwishlist:item=1141586039&perks=1087426260,3300816228,951095735,1966281507,4104185692,1782407750,2173046394
dimwishlist:item=1141586039&perks=594346985,3300816228,951095735,1966281507,4104185692,1782407750,2173046394
dimwishlist:item=1141586039&perks=3721627275,3300816228,951095735,1966281507,4104185692,1782407750,2173046394
dimwishlist:item=1141586039&perks=580685494,3300816228,951095735,1966281507,4104185692,1782407750,2173046394
dimwishlist:item=1141586039&perks=3300816228,951095735,1966281507,4104185692,1782407750,2173046394

// The Enigma
//notes:A-Tier. solid origin and straightforward QoL perks, great shield duration. Origin: Psychohack
dimwishlist:item=2595497736&perks=594346985,580685494,1087426260,3721627275,951095735,4104185692,357495645
dimwishlist:item=2595497736&perks=594346985,1087426260,3721627275,951095735,4104185692,357495645
dimwishlist:item=2595497736&perks=594346985,580685494,1087426260,951095735,4104185692,357495645
dimwishlist:item=2595497736&perks=580685494,1087426260,3721627275,951095735,4104185692,357495645
dimwishlist:item=2595497736&perks=594346985,580685494,3721627275,951095735,4104185692,357495645
dimwishlist:item=2595497736&perks=594346985,580685494,1087426260,3721627275,951095735,4104185692
dimwishlist:item=2595497736&perks=594346985,1087426260,951095735,4104185692,357495645
dimwishlist:item=2595497736&perks=1087426260,3721627275,951095735,4104185692,357495645
dimwishlist:item=2595497736&perks=594346985,3721627275,951095735,4104185692,357495645
dimwishlist:item=2595497736&perks=580685494,1087426260,951095735,4104185692,357495645
dimwishlist:item=2595497736&perks=594346985,580685494,951095735,4104185692,357495645
dimwishlist:item=2595497736&perks=580685494,3721627275,951095735,4104185692,357495645
dimwishlist:item=2595497736&perks=594346985,1087426260,3721627275,951095735,4104185692
dimwishlist:item=2595497736&perks=594346985,580685494,1087426260,951095735,4104185692
dimwishlist:item=2595497736&perks=580685494,1087426260,3721627275,951095735,4104185692
dimwishlist:item=2595497736&perks=594346985,580685494,3721627275,951095735,4104185692
dimwishlist:item=2595497736&perks=1087426260,951095735,4104185692,357495645
dimwishlist:item=2595497736&perks=594346985,951095735,4104185692,357495645
dimwishlist:item=2595497736&perks=3721627275,951095735,4104185692,357495645
dimwishlist:item=2595497736&perks=580685494,951095735,4104185692,357495645
dimwishlist:item=2595497736&perks=594346985,1087426260,951095735,4104185692
dimwishlist:item=2595497736&perks=1087426260,3721627275,951095735,4104185692
dimwishlist:item=2595497736&perks=594346985,3721627275,951095735,4104185692
dimwishlist:item=2595497736&perks=580685494,1087426260,951095735,4104185692
dimwishlist:item=2595497736&perks=594346985,580685494,951095735,4104185692
dimwishlist:item=2595497736&perks=580685494,3721627275,951095735,4104185692
dimwishlist:item=2595497736&perks=951095735,4104185692,357495645
dimwishlist:item=2595497736&perks=1087426260,951095735,4104185692
dimwishlist:item=2595497736&perks=594346985,951095735,4104185692
dimwishlist:item=2595497736&perks=3721627275,951095735,4104185692
dimwishlist:item=2595497736&perks=580685494,951095735,4104185692
dimwishlist:item=2595497736&perks=951095735,4104185692

// Backfang
//notes:A-Tier. better shield duration than Greasy with similar perks/origin. Origin: Gun and Run
dimwishlist:item=267672635&perks=594346985,580685494,1087426260,3721627275,951095735,1631667848,1556840489,3708227201,1782407750,2173046394,515704826
dimwishlist:item=267672635&perks=594346985,1087426260,3721627275,951095735,1631667848,1556840489,3708227201,1782407750,2173046394,515704826
dimwishlist:item=267672635&perks=594346985,580685494,1087426260,951095735,1631667848,1556840489,3708227201,1782407750,2173046394,515704826
dimwishlist:item=267672635&perks=580685494,1087426260,3721627275,951095735,1631667848,1556840489,3708227201,1782407750,2173046394,515704826
dimwishlist:item=267672635&perks=594346985,580685494,3721627275,951095735,1631667848,1556840489,3708227201,1782407750,2173046394,515704826
dimwishlist:item=267672635&perks=594346985,580685494,1087426260,3721627275,951095735,1631667848,1556840489,3708227201,1782407750,2173046394
dimwishlist:item=267672635&perks=594346985,1087426260,951095735,1631667848,1556840489,3708227201,1782407750,2173046394,515704826
dimwishlist:item=267672635&perks=1087426260,3721627275,951095735,1631667848,1556840489,3708227201,1782407750,2173046394,515704826
dimwishlist:item=267672635&perks=594346985,3721627275,951095735,1631667848,1556840489,3708227201,1782407750,2173046394,515704826
dimwishlist:item=267672635&perks=580685494,1087426260,951095735,1631667848,1556840489,3708227201,1782407750,2173046394,515704826
dimwishlist:item=267672635&perks=594346985,580685494,951095735,1631667848,1556840489,3708227201,1782407750,2173046394,515704826
dimwishlist:item=267672635&perks=580685494,3721627275,951095735,1631667848,1556840489,3708227201,1782407750,2173046394,515704826
dimwishlist:item=267672635&perks=594346985,1087426260,3721627275,951095735,1631667848,1556840489,3708227201,1782407750,2173046394
dimwishlist:item=267672635&perks=594346985,580685494,1087426260,951095735,1631667848,1556840489,3708227201,1782407750,2173046394
dimwishlist:item=267672635&perks=580685494,1087426260,3721627275,951095735,1631667848,1556840489,3708227201,1782407750,2173046394
dimwishlist:item=267672635&perks=594346985,580685494,3721627275,951095735,1631667848,1556840489,3708227201,1782407750,2173046394
dimwishlist:item=267672635&perks=1087426260,951095735,1631667848,1556840489,3708227201,1782407750,2173046394,515704826
dimwishlist:item=267672635&perks=594346985,951095735,1631667848,1556840489,3708227201,1782407750,2173046394,515704826
dimwishlist:item=267672635&perks=3721627275,951095735,1631667848,1556840489,3708227201,1782407750,2173046394,515704826
dimwishlist:item=267672635&perks=580685494,951095735,1631667848,1556840489,3708227201,1782407750,2173046394,515704826
dimwishlist:item=267672635&perks=594346985,1087426260,951095735,1631667848,1556840489,3708227201,1782407750,2173046394
dimwishlist:item=267672635&perks=1087426260,3721627275,951095735,1631667848,1556840489,3708227201,1782407750,2173046394
dimwishlist:item=267672635&perks=594346985,3721627275,951095735,1631667848,1556840489,3708227201,1782407750,2173046394
dimwishlist:item=267672635&perks=580685494,1087426260,951095735,1631667848,1556840489,3708227201,1782407750,2173046394
dimwishlist:item=267672635&perks=594346985,580685494,951095735,1631667848,1556840489,3708227201,1782407750,2173046394
dimwishlist:item=267672635&perks=580685494,3721627275,951095735,1631667848,1556840489,3708227201,1782407750,2173046394
dimwishlist:item=267672635&perks=951095735,1631667848,1556840489,3708227201,1782407750,2173046394,515704826
dimwishlist:item=267672635&perks=1087426260,951095735,1631667848,1556840489,3708227201,1782407750,2173046394
dimwishlist:item=267672635&perks=594346985,951095735,1631667848,1556840489,3708227201,1782407750,2173046394
dimwishlist:item=267672635&perks=3721627275,951095735,1631667848,1556840489,3708227201,1782407750,2173046394
dimwishlist:item=267672635&perks=580685494,951095735,1631667848,1556840489,3708227201,1782407750,2173046394
dimwishlist:item=267672635&perks=951095735,1631667848,1556840489,3708227201,1782407750,2173046394

// Greasy Luck
RotN version
//notes:A-Tier. interesting utility perks in both columns, awful shield duration. Origin: Restoration Ritual
dimwishlist:item=2934305134&perks=594346985,580685494,1087426260,3721627275,1523832109,1556840489,3017780555,4293542123,3201496230,1782407750,398661035
dimwishlist:item=2934305134&perks=594346985,1087426260,3721627275,1523832109,1556840489,3017780555,4293542123,3201496230,1782407750,398661035
dimwishlist:item=2934305134&perks=594346985,580685494,1087426260,1523832109,1556840489,3017780555,4293542123,3201496230,1782407750,398661035
dimwishlist:item=2934305134&perks=580685494,1087426260,3721627275,1523832109,1556840489,3017780555,4293542123,3201496230,1782407750,398661035
dimwishlist:item=2934305134&perks=594346985,580685494,3721627275,1523832109,1556840489,3017780555,4293542123,3201496230,1782407750,398661035
dimwishlist:item=2934305134&perks=594346985,580685494,1087426260,3721627275,1523832109,1556840489,3017780555,4293542123,3201496230,1782407750
dimwishlist:item=2934305134&perks=594346985,1087426260,1523832109,1556840489,3017780555,4293542123,3201496230,1782407750,398661035
dimwishlist:item=2934305134&perks=1087426260,3721627275,1523832109,1556840489,3017780555,4293542123,3201496230,1782407750,398661035
dimwishlist:item=2934305134&perks=594346985,3721627275,1523832109,1556840489,3017780555,4293542123,3201496230,1782407750,398661035
dimwishlist:item=2934305134&perks=580685494,1087426260,1523832109,1556840489,3017780555,4293542123,3201496230,1782407750,398661035
dimwishlist:item=2934305134&perks=594346985,580685494,1523832109,1556840489,3017780555,4293542123,3201496230,1782407750,398661035
dimwishlist:item=2934305134&perks=580685494,3721627275,1523832109,1556840489,3017780555,4293542123,3201496230,1782407750,398661035
dimwishlist:item=2934305134&perks=594346985,1087426260,3721627275,1523832109,1556840489,3017780555,4293542123,3201496230,1782407750
dimwishlist:item=2934305134&perks=594346985,580685494,1087426260,1523832109,1556840489,3017780555,4293542123,3201496230,1782407750
dimwishlist:item=2934305134&perks=580685494,1087426260,3721627275,1523832109,1556840489,3017780555,4293542123,3201496230,1782407750
dimwishlist:item=2934305134&perks=594346985,580685494,3721627275,1523832109,1556840489,3017780555,4293542123,3201496230,1782407750
dimwishlist:item=2934305134&perks=1087426260,1523832109,1556840489,3017780555,4293542123,3201496230,1782407750,398661035
dimwishlist:item=2934305134&perks=594346985,1523832109,1556840489,3017780555,4293542123,3201496230,1782407750,398661035
dimwishlist:item=2934305134&perks=3721627275,1523832109,1556840489,3017780555,4293542123,3201496230,1782407750,398661035
dimwishlist:item=2934305134&perks=580685494,1523832109,1556840489,3017780555,4293542123,3201496230,1782407750,398661035
dimwishlist:item=2934305134&perks=594346985,1087426260,1523832109,1556840489,3017780555,4293542123,3201496230,1782407750
dimwishlist:item=2934305134&perks=1087426260,3721627275,1523832109,1556840489,3017780555,4293542123,3201496230,1782407750
dimwishlist:item=2934305134&perks=594346985,3721627275,1523832109,1556840489,3017780555,4293542123,3201496230,1782407750
dimwishlist:item=2934305134&perks=580685494,1087426260,1523832109,1556840489,3017780555,4293542123,3201496230,1782407750
dimwishlist:item=2934305134&perks=594346985,580685494,1523832109,1556840489,3017780555,4293542123,3201496230,1782407750
dimwishlist:item=2934305134&perks=580685494,3721627275,1523832109,1556840489,3017780555,4293542123,3201496230,1782407750
dimwishlist:item=2934305134&perks=1523832109,1556840489,3017780555,4293542123,3201496230,1782407750,398661035
dimwishlist:item=2934305134&perks=1087426260,1523832109,1556840489,3017780555,4293542123,3201496230,1782407750
dimwishlist:item=2934305134&perks=594346985,1523832109,1556840489,3017780555,4293542123,3201496230,1782407750
dimwishlist:item=2934305134&perks=3721627275,1523832109,1556840489,3017780555,4293542123,3201496230,1782407750
dimwishlist:item=2934305134&perks=580685494,1523832109,1556840489,3017780555,4293542123,3201496230,1782407750
dimwishlist:item=2934305134&perks=1523832109,1556840489,3017780555,4293542123,3201496230,1782407750

// Greasy Luck
RotN version
//notes:A-Tier. interesting utility perks in both columns, awful shield duration. Origin: Restoration Ritual
dimwishlist:item=1685406703&perks=594346985,580685494,1087426260,3721627275,1523832109,1556840489,3017780555,4293542123,3201496230,1782407750,398661035
dimwishlist:item=1685406703&perks=594346985,1087426260,3721627275,1523832109,1556840489,3017780555,4293542123,3201496230,1782407750,398661035
dimwishlist:item=1685406703&perks=594346985,580685494,1087426260,1523832109,1556840489,3017780555,4293542123,3201496230,1782407750,398661035
dimwishlist:item=1685406703&perks=580685494,1087426260,3721627275,1523832109,1556840489,3017780555,4293542123,3201496230,1782407750,398661035
dimwishlist:item=1685406703&perks=594346985,580685494,3721627275,1523832109,1556840489,3017780555,4293542123,3201496230,1782407750,398661035
dimwishlist:item=1685406703&perks=594346985,580685494,1087426260,3721627275,1523832109,1556840489,3017780555,4293542123,3201496230,1782407750
dimwishlist:item=1685406703&perks=594346985,1087426260,1523832109,1556840489,3017780555,4293542123,3201496230,1782407750,398661035
dimwishlist:item=1685406703&perks=1087426260,3721627275,1523832109,1556840489,3017780555,4293542123,3201496230,1782407750,398661035
dimwishlist:item=1685406703&perks=594346985,3721627275,1523832109,1556840489,3017780555,4293542123,3201496230,1782407750,398661035
dimwishlist:item=1685406703&perks=580685494,1087426260,1523832109,1556840489,3017780555,4293542123,3201496230,1782407750,398661035
dimwishlist:item=1685406703&perks=594346985,580685494,1523832109,1556840489,3017780555,4293542123,3201496230,1782407750,398661035
dimwishlist:item=1685406703&perks=580685494,3721627275,1523832109,1556840489,3017780555,4293542123,3201496230,1782407750,398661035
dimwishlist:item=1685406703&perks=594346985,1087426260,3721627275,1523832109,1556840489,3017780555,4293542123,3201496230,1782407750
dimwishlist:item=1685406703&perks=594346985,580685494,1087426260,1523832109,1556840489,3017780555,4293542123,3201496230,1782407750
dimwishlist:item=1685406703&perks=580685494,1087426260,3721627275,1523832109,1556840489,3017780555,4293542123,3201496230,1782407750
dimwishlist:item=1685406703&perks=594346985,580685494,3721627275,1523832109,1556840489,3017780555,4293542123,3201496230,1782407750
dimwishlist:item=1685406703&perks=1087426260,1523832109,1556840489,3017780555,4293542123,3201496230,1782407750,398661035
dimwishlist:item=1685406703&perks=594346985,1523832109,1556840489,3017780555,4293542123,3201496230,1782407750,398661035
dimwishlist:item=1685406703&perks=3721627275,1523832109,1556840489,3017780555,4293542123,3201496230,1782407750,398661035
dimwishlist:item=1685406703&perks=580685494,1523832109,1556840489,3017780555,4293542123,3201496230,1782407750,398661035
dimwishlist:item=1685406703&perks=594346985,1087426260,1523832109,1556840489,3017780555,4293542123,3201496230,1782407750
dimwishlist:item=1685406703&perks=1087426260,3721627275,1523832109,1556840489,3017780555,4293542123,3201496230,1782407750
dimwishlist:item=1685406703&perks=594346985,3721627275,1523832109,1556840489,3017780555,4293542123,3201496230,1782407750
dimwishlist:item=1685406703&perks=580685494,1087426260,1523832109,1556840489,3017780555,4293542123,3201496230,1782407750
dimwishlist:item=1685406703&perks=594346985,580685494,1523832109,1556840489,3017780555,4293542123,3201496230,1782407750
dimwishlist:item=1685406703&perks=580685494,3721627275,1523832109,1556840489,3017780555,4293542123,3201496230,1782407750
dimwishlist:item=1685406703&perks=1523832109,1556840489,3017780555,4293542123,3201496230,1782407750,398661035
dimwishlist:item=1685406703&perks=1087426260,1523832109,1556840489,3017780555,4293542123,3201496230,1782407750
dimwishlist:item=1685406703&perks=594346985,1523832109,1556840489,3017780555,4293542123,3201496230,1782407750
dimwishlist:item=1685406703&perks=3721627275,1523832109,1556840489,3017780555,4293542123,3201496230,1782407750
dimwishlist:item=1685406703&perks=580685494,1523832109,1556840489,3017780555,4293542123,3201496230,1782407750
dimwishlist:item=1685406703&perks=1523832109,1556840489,3017780555,4293542123,3201496230,1782407750

// Greasy Luck
RotN version
//notes:A-Tier. interesting utility perks in both columns, awful shield duration. Origin: Restoration Ritual
dimwishlist:item=1757202961&perks=594346985,580685494,1087426260,3721627275,1556840489,4293542123,3201496230,1782407750,398661035
dimwishlist:item=1757202961&perks=594346985,1087426260,3721627275,1556840489,4293542123,3201496230,1782407750,398661035
dimwishlist:item=1757202961&perks=594346985,580685494,1087426260,1556840489,4293542123,3201496230,1782407750,398661035
dimwishlist:item=1757202961&perks=580685494,1087426260,3721627275,1556840489,4293542123,3201496230,1782407750,398661035
dimwishlist:item=1757202961&perks=594346985,580685494,3721627275,1556840489,4293542123,3201496230,1782407750,398661035
dimwishlist:item=1757202961&perks=594346985,580685494,1087426260,3721627275,1556840489,4293542123,3201496230,1782407750
dimwishlist:item=1757202961&perks=594346985,1087426260,1556840489,4293542123,3201496230,1782407750,398661035
dimwishlist:item=1757202961&perks=1087426260,3721627275,1556840489,4293542123,3201496230,1782407750,398661035
dimwishlist:item=1757202961&perks=594346985,3721627275,1556840489,4293542123,3201496230,1782407750,398661035
dimwishlist:item=1757202961&perks=580685494,1087426260,1556840489,4293542123,3201496230,1782407750,398661035
dimwishlist:item=1757202961&perks=594346985,580685494,1556840489,4293542123,3201496230,1782407750,398661035
dimwishlist:item=1757202961&perks=580685494,3721627275,1556840489,4293542123,3201496230,1782407750,398661035
dimwishlist:item=1757202961&perks=594346985,1087426260,3721627275,1556840489,4293542123,3201496230,1782407750
dimwishlist:item=1757202961&perks=594346985,580685494,1087426260,1556840489,4293542123,3201496230,1782407750
dimwishlist:item=1757202961&perks=580685494,1087426260,3721627275,1556840489,4293542123,3201496230,1782407750
dimwishlist:item=1757202961&perks=594346985,580685494,3721627275,1556840489,4293542123,3201496230,1782407750
dimwishlist:item=1757202961&perks=1087426260,1556840489,4293542123,3201496230,1782407750,398661035
dimwishlist:item=1757202961&perks=594346985,1556840489,4293542123,3201496230,1782407750,398661035
dimwishlist:item=1757202961&perks=3721627275,1556840489,4293542123,3201496230,1782407750,398661035
dimwishlist:item=1757202961&perks=580685494,1556840489,4293542123,3201496230,1782407750,398661035
dimwishlist:item=1757202961&perks=594346985,1087426260,1556840489,4293542123,3201496230,1782407750
dimwishlist:item=1757202961&perks=1087426260,3721627275,1556840489,4293542123,3201496230,1782407750
dimwishlist:item=1757202961&perks=594346985,3721627275,1556840489,4293542123,3201496230,1782407750
dimwishlist:item=1757202961&perks=580685494,1087426260,1556840489,4293542123,3201496230,1782407750
dimwishlist:item=1757202961&perks=594346985,580685494,1556840489,4293542123,3201496230,1782407750
dimwishlist:item=1757202961&perks=580685494,3721627275,1556840489,4293542123,3201496230,1782407750
dimwishlist:item=1757202961&perks=1556840489,4293542123,3201496230,1782407750,398661035
dimwishlist:item=1757202961&perks=1087426260,1556840489,4293542123,3201496230,1782407750
dimwishlist:item=1757202961&perks=594346985,1556840489,4293542123,3201496230,1782407750
dimwishlist:item=1757202961&perks=3721627275,1556840489,4293542123,3201496230,1782407750
dimwishlist:item=1757202961&perks=580685494,1556840489,4293542123,3201496230,1782407750
dimwishlist:item=1757202961&perks=1556840489,4293542123,3201496230,1782407750

// Greasy Luck
//notes:A-Tier. slightly worse and less diverse perk pool vs. RotN version. Origin: Restoration Ritual
dimwishlist:item=2934305134&perks=594346985,580685494,1087426260,3721627275,1556840489,1966281507,4293542123,3201496230,1782407750,398661035
dimwishlist:item=2934305134&perks=594346985,1087426260,3721627275,1556840489,1966281507,4293542123,3201496230,1782407750,398661035
dimwishlist:item=2934305134&perks=594346985,580685494,1087426260,1556840489,1966281507,4293542123,3201496230,1782407750,398661035
dimwishlist:item=2934305134&perks=580685494,1087426260,3721627275,1556840489,1966281507,4293542123,3201496230,1782407750,398661035
dimwishlist:item=2934305134&perks=594346985,580685494,3721627275,1556840489,1966281507,4293542123,3201496230,1782407750,398661035
dimwishlist:item=2934305134&perks=594346985,580685494,1087426260,3721627275,1556840489,1966281507,4293542123,3201496230,1782407750
dimwishlist:item=2934305134&perks=594346985,1087426260,1556840489,1966281507,4293542123,3201496230,1782407750,398661035
dimwishlist:item=2934305134&perks=1087426260,3721627275,1556840489,1966281507,4293542123,3201496230,1782407750,398661035
dimwishlist:item=2934305134&perks=594346985,3721627275,1556840489,1966281507,4293542123,3201496230,1782407750,398661035
dimwishlist:item=2934305134&perks=580685494,1087426260,1556840489,1966281507,4293542123,3201496230,1782407750,398661035
dimwishlist:item=2934305134&perks=594346985,580685494,1556840489,1966281507,4293542123,3201496230,1782407750,398661035
dimwishlist:item=2934305134&perks=580685494,3721627275,1556840489,1966281507,4293542123,3201496230,1782407750,398661035
dimwishlist:item=2934305134&perks=594346985,1087426260,3721627275,1556840489,1966281507,4293542123,3201496230,1782407750
dimwishlist:item=2934305134&perks=594346985,580685494,1087426260,1556840489,1966281507,4293542123,3201496230,1782407750
dimwishlist:item=2934305134&perks=580685494,1087426260,3721627275,1556840489,1966281507,4293542123,3201496230,1782407750
dimwishlist:item=2934305134&perks=594346985,580685494,3721627275,1556840489,1966281507,4293542123,3201496230,1782407750
dimwishlist:item=2934305134&perks=1087426260,1556840489,1966281507,4293542123,3201496230,1782407750,398661035
dimwishlist:item=2934305134&perks=594346985,1556840489,1966281507,4293542123,3201496230,1782407750,398661035
dimwishlist:item=2934305134&perks=3721627275,1556840489,1966281507,4293542123,3201496230,1782407750,398661035
dimwishlist:item=2934305134&perks=580685494,1556840489,1966281507,4293542123,3201496230,1782407750,398661035
dimwishlist:item=2934305134&perks=594346985,1087426260,1556840489,1966281507,4293542123,3201496230,1782407750
dimwishlist:item=2934305134&perks=1087426260,3721627275,1556840489,1966281507,4293542123,3201496230,1782407750
dimwishlist:item=2934305134&perks=594346985,3721627275,1556840489,1966281507,4293542123,3201496230,1782407750
dimwishlist:item=2934305134&perks=580685494,1087426260,1556840489,1966281507,4293542123,3201496230,1782407750
dimwishlist:item=2934305134&perks=594346985,580685494,1556840489,1966281507,4293542123,3201496230,1782407750
dimwishlist:item=2934305134&perks=580685494,3721627275,1556840489,1966281507,4293542123,3201496230,1782407750
dimwishlist:item=2934305134&perks=1556840489,1966281507,4293542123,3201496230,1782407750,398661035
dimwishlist:item=2934305134&perks=1087426260,1556840489,1966281507,4293542123,3201496230,1782407750
dimwishlist:item=2934305134&perks=594346985,1556840489,1966281507,4293542123,3201496230,1782407750
dimwishlist:item=2934305134&perks=3721627275,1556840489,1966281507,4293542123,3201496230,1782407750
dimwishlist:item=2934305134&perks=580685494,1556840489,1966281507,4293542123,3201496230,1782407750
dimwishlist:item=2934305134&perks=1556840489,1966281507,4293542123,3201496230,1782407750

// Greasy Luck
//notes:A-Tier. slightly worse and less diverse perk pool vs. RotN version. Origin: Restoration Ritual
dimwishlist:item=1685406703&perks=594346985,580685494,1087426260,3721627275,1556840489,1966281507,4293542123,3201496230,1782407750,398661035
dimwishlist:item=1685406703&perks=594346985,1087426260,3721627275,1556840489,1966281507,4293542123,3201496230,1782407750,398661035
dimwishlist:item=1685406703&perks=594346985,580685494,1087426260,1556840489,1966281507,4293542123,3201496230,1782407750,398661035
dimwishlist:item=1685406703&perks=580685494,1087426260,3721627275,1556840489,1966281507,4293542123,3201496230,1782407750,398661035
dimwishlist:item=1685406703&perks=594346985,580685494,3721627275,1556840489,1966281507,4293542123,3201496230,1782407750,398661035
dimwishlist:item=1685406703&perks=594346985,580685494,1087426260,3721627275,1556840489,1966281507,4293542123,3201496230,1782407750
dimwishlist:item=1685406703&perks=594346985,1087426260,1556840489,1966281507,4293542123,3201496230,1782407750,398661035
dimwishlist:item=1685406703&perks=1087426260,3721627275,1556840489,1966281507,4293542123,3201496230,1782407750,398661035
dimwishlist:item=1685406703&perks=594346985,3721627275,1556840489,1966281507,4293542123,3201496230,1782407750,398661035
dimwishlist:item=1685406703&perks=580685494,1087426260,1556840489,1966281507,4293542123,3201496230,1782407750,398661035
dimwishlist:item=1685406703&perks=594346985,580685494,1556840489,1966281507,4293542123,3201496230,1782407750,398661035
dimwishlist:item=1685406703&perks=580685494,3721627275,1556840489,1966281507,4293542123,3201496230,1782407750,398661035
dimwishlist:item=1685406703&perks=594346985,1087426260,3721627275,1556840489,1966281507,4293542123,3201496230,1782407750
dimwishlist:item=1685406703&perks=594346985,580685494,1087426260,1556840489,1966281507,4293542123,3201496230,1782407750
dimwishlist:item=1685406703&perks=580685494,1087426260,3721627275,1556840489,1966281507,4293542123,3201496230,1782407750
dimwishlist:item=1685406703&perks=594346985,580685494,3721627275,1556840489,1966281507,4293542123,3201496230,1782407750
dimwishlist:item=1685406703&perks=1087426260,1556840489,1966281507,4293542123,3201496230,1782407750,398661035
dimwishlist:item=1685406703&perks=594346985,1556840489,1966281507,4293542123,3201496230,1782407750,398661035
dimwishlist:item=1685406703&perks=3721627275,1556840489,1966281507,4293542123,3201496230,1782407750,398661035
dimwishlist:item=1685406703&perks=580685494,1556840489,1966281507,4293542123,3201496230,1782407750,398661035
dimwishlist:item=1685406703&perks=594346985,1087426260,1556840489,1966281507,4293542123,3201496230,1782407750
dimwishlist:item=1685406703&perks=1087426260,3721627275,1556840489,1966281507,4293542123,3201496230,1782407750
dimwishlist:item=1685406703&perks=594346985,3721627275,1556840489,1966281507,4293542123,3201496230,1782407750
dimwishlist:item=1685406703&perks=580685494,1087426260,1556840489,1966281507,4293542123,3201496230,1782407750
dimwishlist:item=1685406703&perks=594346985,580685494,1556840489,1966281507,4293542123,3201496230,1782407750
dimwishlist:item=1685406703&perks=580685494,3721627275,1556840489,1966281507,4293542123,3201496230,1782407750
dimwishlist:item=1685406703&perks=1556840489,1966281507,4293542123,3201496230,1782407750,398661035
dimwishlist:item=1685406703&perks=1087426260,1556840489,1966281507,4293542123,3201496230,1782407750
dimwishlist:item=1685406703&perks=594346985,1556840489,1966281507,4293542123,3201496230,1782407750
dimwishlist:item=1685406703&perks=3721627275,1556840489,1966281507,4293542123,3201496230,1782407750
dimwishlist:item=1685406703&perks=580685494,1556840489,1966281507,4293542123,3201496230,1782407750
dimwishlist:item=1685406703&perks=1556840489,1966281507,4293542123,3201496230,1782407750

// Greasy Luck
//notes:A-Tier. slightly worse and less diverse perk pool vs. RotN version. Origin: Restoration Ritual
dimwishlist:item=1757202961&perks=594346985,580685494,1087426260,3721627275,1556840489,951095735,1966281507,4293542123,3201496230,1782407750,398661035
dimwishlist:item=1757202961&perks=594346985,1087426260,3721627275,1556840489,951095735,1966281507,4293542123,3201496230,1782407750,398661035
dimwishlist:item=1757202961&perks=594346985,580685494,1087426260,1556840489,951095735,1966281507,4293542123,3201496230,1782407750,398661035
dimwishlist:item=1757202961&perks=580685494,1087426260,3721627275,1556840489,951095735,1966281507,4293542123,3201496230,1782407750,398661035
dimwishlist:item=1757202961&perks=594346985,580685494,3721627275,1556840489,951095735,1966281507,4293542123,3201496230,1782407750,398661035
dimwishlist:item=1757202961&perks=594346985,580685494,1087426260,3721627275,1556840489,951095735,1966281507,4293542123,3201496230,1782407750
dimwishlist:item=1757202961&perks=594346985,1087426260,1556840489,951095735,1966281507,4293542123,3201496230,1782407750,398661035
dimwishlist:item=1757202961&perks=1087426260,3721627275,1556840489,951095735,1966281507,4293542123,3201496230,1782407750,398661035
dimwishlist:item=1757202961&perks=594346985,3721627275,1556840489,951095735,1966281507,4293542123,3201496230,1782407750,398661035
dimwishlist:item=1757202961&perks=580685494,1087426260,1556840489,951095735,1966281507,4293542123,3201496230,1782407750,398661035
dimwishlist:item=1757202961&perks=594346985,580685494,1556840489,951095735,1966281507,4293542123,3201496230,1782407750,398661035
dimwishlist:item=1757202961&perks=580685494,3721627275,1556840489,951095735,1966281507,4293542123,3201496230,1782407750,398661035
dimwishlist:item=1757202961&perks=594346985,1087426260,3721627275,1556840489,951095735,1966281507,4293542123,3201496230,1782407750
dimwishlist:item=1757202961&perks=594346985,580685494,1087426260,1556840489,951095735,1966281507,4293542123,3201496230,1782407750
dimwishlist:item=1757202961&perks=580685494,1087426260,3721627275,1556840489,951095735,1966281507,4293542123,3201496230,1782407750
dimwishlist:item=1757202961&perks=594346985,580685494,3721627275,1556840489,951095735,1966281507,4293542123,3201496230,1782407750
dimwishlist:item=1757202961&perks=1087426260,1556840489,951095735,1966281507,4293542123,3201496230,1782407750,398661035
dimwishlist:item=1757202961&perks=594346985,1556840489,951095735,1966281507,4293542123,3201496230,1782407750,398661035
dimwishlist:item=1757202961&perks=3721627275,1556840489,951095735,1966281507,4293542123,3201496230,1782407750,398661035
dimwishlist:item=1757202961&perks=580685494,1556840489,951095735,1966281507,4293542123,3201496230,1782407750,398661035
dimwishlist:item=1757202961&perks=594346985,1087426260,1556840489,951095735,1966281507,4293542123,3201496230,1782407750
dimwishlist:item=1757202961&perks=1087426260,3721627275,1556840489,951095735,1966281507,4293542123,3201496230,1782407750
dimwishlist:item=1757202961&perks=594346985,3721627275,1556840489,951095735,1966281507,4293542123,3201496230,1782407750
dimwishlist:item=1757202961&perks=580685494,1087426260,1556840489,951095735,1966281507,4293542123,3201496230,1782407750
dimwishlist:item=1757202961&perks=594346985,580685494,1556840489,951095735,1966281507,4293542123,3201496230,1782407750
dimwishlist:item=1757202961&perks=580685494,3721627275,1556840489,951095735,1966281507,4293542123,3201496230,1782407750
dimwishlist:item=1757202961&perks=1556840489,951095735,1966281507,4293542123,3201496230,1782407750,398661035
dimwishlist:item=1757202961&perks=1087426260,1556840489,951095735,1966281507,4293542123,3201496230,1782407750
dimwishlist:item=1757202961&perks=594346985,1556840489,951095735,1966281507,4293542123,3201496230,1782407750
dimwishlist:item=1757202961&perks=3721627275,1556840489,951095735,1966281507,4293542123,3201496230,1782407750
dimwishlist:item=1757202961&perks=580685494,1556840489,951095735,1966281507,4293542123,3201496230,1782407750
dimwishlist:item=1757202961&perks=1556840489,951095735,1966281507,4293542123,3201496230,1782407750

// Greasy Luck
//notes:A-Tier. slightly worse and less diverse perk pool vs. RotN version. Origin: Restoration Ritual
dimwishlist:item=3210739171&perks=594346985,580685494,1087426260,3721627275,1556840489,1966281507,4293542123,3201496230,1782407750,398661035
dimwishlist:item=3210739171&perks=594346985,1087426260,3721627275,1556840489,1966281507,4293542123,3201496230,1782407750,398661035
dimwishlist:item=3210739171&perks=594346985,580685494,1087426260,1556840489,1966281507,4293542123,3201496230,1782407750,398661035
dimwishlist:item=3210739171&perks=580685494,1087426260,3721627275,1556840489,1966281507,4293542123,3201496230,1782407750,398661035
dimwishlist:item=3210739171&perks=594346985,580685494,3721627275,1556840489,1966281507,4293542123,3201496230,1782407750,398661035
dimwishlist:item=3210739171&perks=594346985,580685494,1087426260,3721627275,1556840489,1966281507,4293542123,3201496230,1782407750
dimwishlist:item=3210739171&perks=594346985,1087426260,1556840489,1966281507,4293542123,3201496230,1782407750,398661035
dimwishlist:item=3210739171&perks=1087426260,3721627275,1556840489,1966281507,4293542123,3201496230,1782407750,398661035
dimwishlist:item=3210739171&perks=594346985,3721627275,1556840489,1966281507,4293542123,3201496230,1782407750,398661035
dimwishlist:item=3210739171&perks=580685494,1087426260,1556840489,1966281507,4293542123,3201496230,1782407750,398661035
dimwishlist:item=3210739171&perks=594346985,580685494,1556840489,1966281507,4293542123,3201496230,1782407750,398661035
dimwishlist:item=3210739171&perks=580685494,3721627275,1556840489,1966281507,4293542123,3201496230,1782407750,398661035
dimwishlist:item=3210739171&perks=594346985,1087426260,3721627275,1556840489,1966281507,4293542123,3201496230,1782407750
dimwishlist:item=3210739171&perks=594346985,580685494,1087426260,1556840489,1966281507,4293542123,3201496230,1782407750
dimwishlist:item=3210739171&perks=580685494,1087426260,3721627275,1556840489,1966281507,4293542123,3201496230,1782407750
dimwishlist:item=3210739171&perks=594346985,580685494,3721627275,1556840489,1966281507,4293542123,3201496230,1782407750
dimwishlist:item=3210739171&perks=1087426260,1556840489,1966281507,4293542123,3201496230,1782407750,398661035
dimwishlist:item=3210739171&perks=594346985,1556840489,1966281507,4293542123,3201496230,1782407750,398661035
dimwishlist:item=3210739171&perks=3721627275,1556840489,1966281507,4293542123,3201496230,1782407750,398661035
dimwishlist:item=3210739171&perks=580685494,1556840489,1966281507,4293542123,3201496230,1782407750,398661035
dimwishlist:item=3210739171&perks=594346985,1087426260,1556840489,1966281507,4293542123,3201496230,1782407750
dimwishlist:item=3210739171&perks=1087426260,3721627275,1556840489,1966281507,4293542123,3201496230,1782407750
dimwishlist:item=3210739171&perks=594346985,3721627275,1556840489,1966281507,4293542123,3201496230,1782407750
dimwishlist:item=3210739171&perks=580685494,1087426260,1556840489,1966281507,4293542123,3201496230,1782407750
dimwishlist:item=3210739171&perks=594346985,580685494,1556840489,1966281507,4293542123,3201496230,1782407750
dimwishlist:item=3210739171&perks=580685494,3721627275,1556840489,1966281507,4293542123,3201496230,1782407750
dimwishlist:item=3210739171&perks=1556840489,1966281507,4293542123,3201496230,1782407750,398661035
dimwishlist:item=3210739171&perks=1087426260,1556840489,1966281507,4293542123,3201496230,1782407750
dimwishlist:item=3210739171&perks=594346985,1556840489,1966281507,4293542123,3201496230,1782407750
dimwishlist:item=3210739171&perks=3721627275,1556840489,1966281507,4293542123,3201496230,1782407750
dimwishlist:item=3210739171&perks=580685494,1556840489,1966281507,4293542123,3201496230,1782407750
dimwishlist:item=3210739171&perks=1556840489,1966281507,4293542123,3201496230,1782407750

// Greasy Luck
//notes:A-Tier. slightly worse and less diverse perk pool vs. RotN version. Origin: Restoration Ritual
dimwishlist:item=1050582210&perks=594346985,580685494,1087426260,3721627275,1556840489,1966281507,4293542123,3201496230,1782407750,398661035
dimwishlist:item=1050582210&perks=594346985,1087426260,3721627275,1556840489,1966281507,4293542123,3201496230,1782407750,398661035
dimwishlist:item=1050582210&perks=594346985,580685494,1087426260,1556840489,1966281507,4293542123,3201496230,1782407750,398661035
dimwishlist:item=1050582210&perks=580685494,1087426260,3721627275,1556840489,1966281507,4293542123,3201496230,1782407750,398661035
dimwishlist:item=1050582210&perks=594346985,580685494,3721627275,1556840489,1966281507,4293542123,3201496230,1782407750,398661035
dimwishlist:item=1050582210&perks=594346985,580685494,1087426260,3721627275,1556840489,1966281507,4293542123,3201496230,1782407750
dimwishlist:item=1050582210&perks=594346985,1087426260,1556840489,1966281507,4293542123,3201496230,1782407750,398661035
dimwishlist:item=1050582210&perks=1087426260,3721627275,1556840489,1966281507,4293542123,3201496230,1782407750,398661035
dimwishlist:item=1050582210&perks=594346985,3721627275,1556840489,1966281507,4293542123,3201496230,1782407750,398661035
dimwishlist:item=1050582210&perks=580685494,1087426260,1556840489,1966281507,4293542123,3201496230,1782407750,398661035
dimwishlist:item=1050582210&perks=594346985,580685494,1556840489,1966281507,4293542123,3201496230,1782407750,398661035
dimwishlist:item=1050582210&perks=580685494,3721627275,1556840489,1966281507,4293542123,3201496230,1782407750,398661035
dimwishlist:item=1050582210&perks=594346985,1087426260,3721627275,1556840489,1966281507,4293542123,3201496230,1782407750
dimwishlist:item=1050582210&perks=594346985,580685494,1087426260,1556840489,1966281507,4293542123,3201496230,1782407750
dimwishlist:item=1050582210&perks=580685494,1087426260,3721627275,1556840489,1966281507,4293542123,3201496230,1782407750
dimwishlist:item=1050582210&perks=594346985,580685494,3721627275,1556840489,1966281507,4293542123,3201496230,1782407750
dimwishlist:item=1050582210&perks=1087426260,1556840489,1966281507,4293542123,3201496230,1782407750,398661035
dimwishlist:item=1050582210&perks=594346985,1556840489,1966281507,4293542123,3201496230,1782407750,398661035
dimwishlist:item=1050582210&perks=3721627275,1556840489,1966281507,4293542123,3201496230,1782407750,398661035
dimwishlist:item=1050582210&perks=580685494,1556840489,1966281507,4293542123,3201496230,1782407750,398661035
dimwishlist:item=1050582210&perks=594346985,1087426260,1556840489,1966281507,4293542123,3201496230,1782407750
dimwishlist:item=1050582210&perks=1087426260,3721627275,1556840489,1966281507,4293542123,3201496230,1782407750
dimwishlist:item=1050582210&perks=594346985,3721627275,1556840489,1966281507,4293542123,3201496230,1782407750
dimwishlist:item=1050582210&perks=580685494,1087426260,1556840489,1966281507,4293542123,3201496230,1782407750
dimwishlist:item=1050582210&perks=594346985,580685494,1556840489,1966281507,4293542123,3201496230,1782407750
dimwishlist:item=1050582210&perks=580685494,3721627275,1556840489,1966281507,4293542123,3201496230,1782407750
dimwishlist:item=1050582210&perks=1556840489,1966281507,4293542123,3201496230,1782407750,398661035
dimwishlist:item=1050582210&perks=1087426260,1556840489,1966281507,4293542123,3201496230,1782407750
dimwishlist:item=1050582210&perks=594346985,1556840489,1966281507,4293542123,3201496230,1782407750
dimwishlist:item=1050582210&perks=3721627275,1556840489,1966281507,4293542123,3201496230,1782407750
dimwishlist:item=1050582210&perks=580685494,1556840489,1966281507,4293542123,3201496230,1782407750
dimwishlist:item=1050582210&perks=1556840489,1966281507,4293542123,3201496230,1782407750

// Perfect Paradox
//notes:S-Tier. BiS shotgun for most common shotgun use case. Origin: Cast No Shadows
dimwishlist:item=3393519051&perks=1300023272,106909392,3142289711,2869569095,4071163871,2679249093,2360754333
dimwishlist:item=3393519051&perks=1300023272,106909392,2869569095,4071163871,2679249093,2360754333
dimwishlist:item=3393519051&perks=106909392,3142289711,2869569095,4071163871,2679249093,2360754333
dimwishlist:item=3393519051&perks=1300023272,3142289711,2869569095,4071163871,2679249093,2360754333
dimwishlist:item=3393519051&perks=106909392,2869569095,4071163871,2679249093,2360754333
dimwishlist:item=3393519051&perks=1300023272,2869569095,4071163871,2679249093,2360754333
dimwishlist:item=3393519051&perks=3142289711,2869569095,4071163871,2679249093,2360754333
dimwishlist:item=3393519051&perks=2869569095,4071163871,2679249093,2360754333

// Perfect Paradox
//notes:S-Tier. BiS shotgun for most common shotgun use case. Origin: Cast No Shadows
dimwishlist:item=1298672084&perks=1300023272,106909392,3142289711,691659142,2869569095,4071163871,2679249093,2360754333,1546637391,2838996248
dimwishlist:item=1298672084&perks=1300023272,106909392,691659142,2869569095,4071163871,2679249093,2360754333,1546637391,2838996248
dimwishlist:item=1298672084&perks=106909392,3142289711,691659142,2869569095,4071163871,2679249093,2360754333,1546637391,2838996248
dimwishlist:item=1298672084&perks=1300023272,3142289711,691659142,2869569095,4071163871,2679249093,2360754333,1546637391,2838996248
dimwishlist:item=1298672084&perks=1300023272,106909392,3142289711,691659142,2869569095,4071163871,2679249093,2360754333,1546637391
dimwishlist:item=1298672084&perks=106909392,691659142,2869569095,4071163871,2679249093,2360754333,1546637391,2838996248
dimwishlist:item=1298672084&perks=1300023272,691659142,2869569095,4071163871,2679249093,2360754333,1546637391,2838996248
dimwishlist:item=1298672084&perks=3142289711,691659142,2869569095,4071163871,2679249093,2360754333,1546637391,2838996248
dimwishlist:item=1298672084&perks=1300023272,106909392,691659142,2869569095,4071163871,2679249093,2360754333,1546637391
dimwishlist:item=1298672084&perks=106909392,3142289711,691659142,2869569095,4071163871,2679249093,2360754333,1546637391
dimwishlist:item=1298672084&perks=1300023272,3142289711,691659142,2869569095,4071163871,2679249093,2360754333,1546637391
dimwishlist:item=1298672084&perks=691659142,2869569095,4071163871,2679249093,2360754333,1546637391,2838996248
dimwishlist:item=1298672084&perks=106909392,691659142,2869569095,4071163871,2679249093,2360754333,1546637391
dimwishlist:item=1298672084&perks=1300023272,691659142,2869569095,4071163871,2679249093,2360754333,1546637391
dimwishlist:item=1298672084&perks=3142289711,691659142,2869569095,4071163871,2679249093,2360754333,1546637391
dimwishlist:item=1298672084&perks=691659142,2869569095,4071163871,2679249093,2360754333,1546637391

// Unvoiced
//notes:S-Tier. niche Redirection burst + total damage slug. Origin: Subjugation
dimwishlist:item=3360937899&perks=1840239774,791862061,3201496230,1354429876,3987942396,1089671869,3078487919,1546637391,1298135794
dimwishlist:item=3360937899&perks=791862061,3201496230,1354429876,3987942396,1089671869,3078487919,1546637391,1298135794
dimwishlist:item=3360937899&perks=1840239774,3201496230,1354429876,3987942396,1089671869,3078487919,1546637391,1298135794
dimwishlist:item=3360937899&perks=1840239774,791862061,3201496230,1354429876,3987942396,1089671869,3078487919,1546637391
dimwishlist:item=3360937899&perks=3201496230,1354429876,3987942396,1089671869,3078487919,1546637391,1298135794
dimwishlist:item=3360937899&perks=791862061,3201496230,1354429876,3987942396,1089671869,3078487919,1546637391
dimwishlist:item=3360937899&perks=1840239774,3201496230,1354429876,3987942396,1089671869,3078487919,1546637391
dimwishlist:item=3360937899&perks=3201496230,1354429876,3987942396,1089671869,3078487919,1546637391

// IKELOS_SG_v1.0.3
//notes:S-Tier. excellent perks for 12P and roam. Origin: Rasputin's Arsenal
dimwishlist:item=1168625549&perks=1300023272,106909392,3142289711,1631667848,4071163871,691659142,2679249093,3708227201,3751912585,566815328
dimwishlist:item=1168625549&perks=1300023272,106909392,1631667848,4071163871,691659142,2679249093,3708227201,3751912585,566815328
dimwishlist:item=1168625549&perks=106909392,3142289711,1631667848,4071163871,691659142,2679249093,3708227201,3751912585,566815328
dimwishlist:item=1168625549&perks=1300023272,3142289711,1631667848,4071163871,691659142,2679249093,3708227201,3751912585,566815328
dimwishlist:item=1168625549&perks=1300023272,106909392,3142289711,1631667848,4071163871,691659142,2679249093,3708227201,3751912585
dimwishlist:item=1168625549&perks=106909392,1631667848,4071163871,691659142,2679249093,3708227201,3751912585,566815328
dimwishlist:item=1168625549&perks=1300023272,1631667848,4071163871,691659142,2679249093,3708227201,3751912585,566815328
dimwishlist:item=1168625549&perks=3142289711,1631667848,4071163871,691659142,2679249093,3708227201,3751912585,566815328
dimwishlist:item=1168625549&perks=1300023272,106909392,1631667848,4071163871,691659142,2679249093,3708227201,3751912585
dimwishlist:item=1168625549&perks=106909392,3142289711,1631667848,4071163871,691659142,2679249093,3708227201,3751912585
dimwishlist:item=1168625549&perks=1300023272,3142289711,1631667848,4071163871,691659142,2679249093,3708227201,3751912585
dimwishlist:item=1168625549&perks=1631667848,4071163871,691659142,2679249093,3708227201,3751912585,566815328
dimwishlist:item=1168625549&perks=106909392,1631667848,4071163871,691659142,2679249093,3708227201,3751912585
dimwishlist:item=1168625549&perks=1300023272,1631667848,4071163871,691659142,2679249093,3708227201,3751912585
dimwishlist:item=1168625549&perks=3142289711,1631667848,4071163871,691659142,2679249093,3708227201,3751912585
dimwishlist:item=1168625549&perks=1631667848,4071163871,691659142,2679249093,3708227201,3751912585

// Arcane Embrace
//notes:A-Tier. niche legendary shotgun dump roll. Origin: Search Party
dimwishlist:item=3328019216&perks=1840239774,1087426260,1354429876,25606670,1631667848,3764420437,555281244,3708227201,2250679103
dimwishlist:item=3328019216&perks=1087426260,1354429876,25606670,1631667848,3764420437,555281244,3708227201,2250679103
dimwishlist:item=3328019216&perks=1840239774,1354429876,25606670,1631667848,3764420437,555281244,3708227201,2250679103
dimwishlist:item=3328019216&perks=1840239774,1087426260,1354429876,25606670,1631667848,3764420437,555281244,3708227201
dimwishlist:item=3328019216&perks=1354429876,25606670,1631667848,3764420437,555281244,3708227201,2250679103
dimwishlist:item=3328019216&perks=1087426260,1354429876,25606670,1631667848,3764420437,555281244,3708227201
dimwishlist:item=3328019216&perks=1840239774,1354429876,25606670,1631667848,3764420437,555281244,3708227201
dimwishlist:item=3328019216&perks=1354429876,25606670,1631667848,3764420437,555281244,3708227201

// Arcane Embrace
//notes:A-Tier. niche legendary shotgun dump roll. Origin: Search Party
dimwishlist:item=3649985571&perks=1840239774,1087426260,1354429876,25606670,1631667848,555281244,3708227201,2250679103
dimwishlist:item=3649985571&perks=1087426260,1354429876,25606670,1631667848,555281244,3708227201,2250679103
dimwishlist:item=3649985571&perks=1840239774,1354429876,25606670,1631667848,555281244,3708227201,2250679103
dimwishlist:item=3649985571&perks=1840239774,1087426260,1354429876,25606670,1631667848,555281244,3708227201
dimwishlist:item=3649985571&perks=1354429876,25606670,1631667848,555281244,3708227201,2250679103
dimwishlist:item=3649985571&perks=1087426260,1354429876,25606670,1631667848,555281244,3708227201
dimwishlist:item=3649985571&perks=1840239774,1354429876,25606670,1631667848,555281244,3708227201
dimwishlist:item=3649985571&perks=1354429876,25606670,1631667848,555281244,3708227201

// Arcane Embrace
//notes:A-Tier. niche legendary shotgun dump roll. Origin: Search Party
dimwishlist:item=1813474267&perks=1840239774,1087426260,1354429876,25606670,1631667848,3764420437,555281244,3708227201,2250679103
dimwishlist:item=1813474267&perks=1087426260,1354429876,25606670,1631667848,3764420437,555281244,3708227201,2250679103
dimwishlist:item=1813474267&perks=1840239774,1354429876,25606670,1631667848,3764420437,555281244,3708227201,2250679103
dimwishlist:item=1813474267&perks=1840239774,1087426260,1354429876,25606670,1631667848,3764420437,555281244,3708227201
dimwishlist:item=1813474267&perks=1354429876,25606670,1631667848,3764420437,555281244,3708227201,2250679103
dimwishlist:item=1813474267&perks=1087426260,1354429876,25606670,1631667848,3764420437,555281244,3708227201
dimwishlist:item=1813474267&perks=1840239774,1354429876,25606670,1631667848,3764420437,555281244,3708227201
dimwishlist:item=1813474267&perks=1354429876,25606670,1631667848,3764420437,555281244,3708227201

// Until Its Return
//notes:A-Tier. legendary Horseman-esque burst, uncommon. Origin: Unsated Hunger
dimwishlist:item=2883484461&perks=1300023272,106909392,3300816228,3643424744,3751912585,3708227201,1546637391,2053642371
dimwishlist:item=2883484461&perks=106909392,3300816228,3643424744,3751912585,3708227201,1546637391,2053642371
dimwishlist:item=2883484461&perks=1300023272,3300816228,3643424744,3751912585,3708227201,1546637391,2053642371
dimwishlist:item=2883484461&perks=1300023272,106909392,3300816228,3643424744,3751912585,3708227201,1546637391
dimwishlist:item=2883484461&perks=3300816228,3643424744,3751912585,3708227201,1546637391,2053642371
dimwishlist:item=2883484461&perks=106909392,3300816228,3643424744,3751912585,3708227201,1546637391
dimwishlist:item=2883484461&perks=1300023272,3300816228,3643424744,3751912585,3708227201,1546637391
dimwishlist:item=2883484461&perks=3300816228,3643424744,3751912585,3708227201,1546637391

// A Sudden Death
RotN version
//notes:A-Tier. decent roam potential + double damage option. Origin: Gravity Well
dimwishlist:item=2855157553&perks=1300023272,791862061,2679249093
dimwishlist:item=2855157553&perks=791862061,2679249093
dimwishlist:item=2855157553&perks=1300023272,2679249093
dimwishlist:item=2855157553&perks=2679249093

// A Sudden Death
RotN version
//notes:A-Tier. decent roam potential + double damage option. Origin: Gravity Well
dimwishlist:item=4097972038&perks=1300023272,791862061,3978468247,2679249093,2360754333
dimwishlist:item=4097972038&perks=791862061,3978468247,2679249093,2360754333
dimwishlist:item=4097972038&perks=1300023272,3978468247,2679249093,2360754333
dimwishlist:item=4097972038&perks=3978468247,2679249093,2360754333

// A Sudden Death
RotN version
//notes:A-Tier. decent roam potential + double damage option. Origin: Gravity Well
dimwishlist:item=1904170910&perks=1300023272,791862061,3978468247,2679249093,2360754333,3201496230,59871045
dimwishlist:item=1904170910&perks=791862061,3978468247,2679249093,2360754333,3201496230,59871045
dimwishlist:item=1904170910&perks=1300023272,3978468247,2679249093,2360754333,3201496230,59871045
dimwishlist:item=1904170910&perks=1300023272,791862061,3978468247,2679249093,2360754333,3201496230
dimwishlist:item=1904170910&perks=3978468247,2679249093,2360754333,3201496230,59871045
dimwishlist:item=1904170910&perks=791862061,3978468247,2679249093,2360754333,3201496230
dimwishlist:item=1904170910&perks=1300023272,3978468247,2679249093,2360754333,3201496230
dimwishlist:item=1904170910&perks=3978468247,2679249093,2360754333,3201496230

// A Sudden Death
RotN version
//notes:A-Tier. decent roam potential + double damage option. Origin: Gravity Well
dimwishlist:item=1976481399&perks=1300023272,791862061,3978468247,2679249093,2360754333,3201496230,59871045
dimwishlist:item=1976481399&perks=791862061,3978468247,2679249093,2360754333,3201496230,59871045
dimwishlist:item=1976481399&perks=1300023272,3978468247,2679249093,2360754333,3201496230,59871045
dimwishlist:item=1976481399&perks=1300023272,791862061,3978468247,2679249093,2360754333,3201496230
dimwishlist:item=1976481399&perks=3978468247,2679249093,2360754333,3201496230,59871045
dimwishlist:item=1976481399&perks=791862061,3978468247,2679249093,2360754333,3201496230
dimwishlist:item=1976481399&perks=1300023272,3978468247,2679249093,2360754333,3201496230
dimwishlist:item=1976481399&perks=3978468247,2679249093,2360754333,3201496230

// Imperial Decree
//notes:A-Tier. go-to QoL Trench aggressive. Origin: To Excess
dimwishlist:item=2919334548&perks=1300023272,791862061,3300816228,2360754333
dimwishlist:item=2919334548&perks=791862061,3300816228,2360754333
dimwishlist:item=2919334548&perks=1300023272,3300816228,2360754333
dimwishlist:item=2919334548&perks=3300816228,2360754333

// Imperial Decree
//notes:A-Tier. go-to QoL Trench aggressive. Origin: To Excess
dimwishlist:item=318443586&perks=1300023272,791862061,3300816228,2360754333,3708227201,1905044254
dimwishlist:item=318443586&perks=791862061,3300816228,2360754333,3708227201,1905044254
dimwishlist:item=318443586&perks=1300023272,3300816228,2360754333,3708227201,1905044254
dimwishlist:item=318443586&perks=1300023272,791862061,3300816228,2360754333,3708227201
dimwishlist:item=318443586&perks=3300816228,2360754333,3708227201,1905044254
dimwishlist:item=318443586&perks=791862061,3300816228,2360754333,3708227201
dimwishlist:item=318443586&perks=1300023272,3300816228,2360754333,3708227201
dimwishlist:item=318443586&perks=3300816228,2360754333,3708227201

// Pure Recollection
//notes:A-Tier. probably BiS close range Withering special. Origin: Roar of Battle
dimwishlist:item=1956186483&perks=1840239774,1087426260,1885400500,3987942396,2213355989,3078487919,1134488199,1673863459
dimwishlist:item=1956186483&perks=1840239774,1087426260,3987942396,2213355989,3078487919,1134488199,1673863459
dimwishlist:item=1956186483&perks=1087426260,1885400500,3987942396,2213355989,3078487919,1134488199,1673863459
dimwishlist:item=1956186483&perks=1840239774,1885400500,3987942396,2213355989,3078487919,1134488199,1673863459
dimwishlist:item=1956186483&perks=1840239774,1087426260,1885400500,3987942396,2213355989,3078487919,1134488199
dimwishlist:item=1956186483&perks=1087426260,3987942396,2213355989,3078487919,1134488199,1673863459
dimwishlist:item=1956186483&perks=1840239774,3987942396,2213355989,3078487919,1134488199,1673863459
dimwishlist:item=1956186483&perks=1885400500,3987942396,2213355989,3078487919,1134488199,1673863459
dimwishlist:item=1956186483&perks=1840239774,1087426260,3987942396,2213355989,3078487919,1134488199
dimwishlist:item=1956186483&perks=1087426260,1885400500,3987942396,2213355989,3078487919,1134488199
dimwishlist:item=1956186483&perks=1840239774,1885400500,3987942396,2213355989,3078487919,1134488199
dimwishlist:item=1956186483&perks=3987942396,2213355989,3078487919,1134488199,1673863459
dimwishlist:item=1956186483&perks=1087426260,3987942396,2213355989,3078487919,1134488199
dimwishlist:item=1956186483&perks=1840239774,3987942396,2213355989,3078487919,1134488199
dimwishlist:item=1956186483&perks=1885400500,3987942396,2213355989,3078487919,1134488199
dimwishlist:item=1956186483&perks=3987942396,2213355989,3078487919,1134488199

// Heritage
//notes:A-Tier. solid major burst but unneeded in sandbox. Origin: Bray Inheritance
dimwishlist:item=4248569242&perks=1840239774,791862061,1523832109,3523296417,469285294,766321425
dimwishlist:item=4248569242&perks=791862061,1523832109,3523296417,469285294,766321425
dimwishlist:item=4248569242&perks=1840239774,1523832109,3523296417,469285294,766321425
dimwishlist:item=4248569242&perks=1840239774,791862061,1523832109,3523296417,469285294
dimwishlist:item=4248569242&perks=1523832109,3523296417,469285294,766321425
dimwishlist:item=4248569242&perks=791862061,1523832109,3523296417,469285294
dimwishlist:item=4248569242&perks=1840239774,1523832109,3523296417,469285294
dimwishlist:item=4248569242&perks=1523832109,3523296417,469285294

// Found Verdict
//notes:A-Tier. roam option + easy Trench spam. Origin: Timelost Magazine
dimwishlist:item=3197270240&perks=1300023272,791862061,3418782618
dimwishlist:item=3197270240&perks=791862061,3418782618
dimwishlist:item=3197270240&perks=1300023272,3418782618
dimwishlist:item=3197270240&perks=3418782618

// Found Verdict
//notes:A-Tier. roam option + easy Trench spam. Origin: Timelost Magazine
dimwishlist:item=694500607&perks=1300023272,791862061,3418782618,3978468247,2360754333,1089671869,2173046394,2589407652
dimwishlist:item=694500607&perks=791862061,3418782618,3978468247,2360754333,1089671869,2173046394,2589407652
dimwishlist:item=694500607&perks=1300023272,3418782618,3978468247,2360754333,1089671869,2173046394,2589407652
dimwishlist:item=694500607&perks=1300023272,791862061,3418782618,3978468247,2360754333,1089671869,2173046394
dimwishlist:item=694500607&perks=3418782618,3978468247,2360754333,1089671869,2173046394,2589407652
dimwishlist:item=694500607&perks=791862061,3418782618,3978468247,2360754333,1089671869,2173046394
dimwishlist:item=694500607&perks=1300023272,3418782618,3978468247,2360754333,1089671869,2173046394
dimwishlist:item=694500607&perks=3418782618,3978468247,2360754333,1089671869,2173046394

// Found Verdict
//notes:A-Tier. roam option + easy Trench spam. Origin: Timelost Magazine
dimwishlist:item=631439337&perks=1300023272,791862061,3418782618
dimwishlist:item=631439337&perks=791862061,3418782618
dimwishlist:item=631439337&perks=1300023272,3418782618
dimwishlist:item=631439337&perks=3418782618

// Found Verdict
//notes:A-Tier. roam option + easy Trench spam. Origin: Timelost Magazine
dimwishlist:item=851296754&perks=1300023272,791862061,3418782618,3978468247,2360754333,1089671869,2173046394,2589407652
dimwishlist:item=851296754&perks=791862061,3418782618,3978468247,2360754333,1089671869,2173046394,2589407652
dimwishlist:item=851296754&perks=1300023272,3418782618,3978468247,2360754333,1089671869,2173046394,2589407652
dimwishlist:item=851296754&perks=1300023272,791862061,3418782618,3978468247,2360754333,1089671869,2173046394
dimwishlist:item=851296754&perks=3418782618,3978468247,2360754333,1089671869,2173046394,2589407652
dimwishlist:item=851296754&perks=791862061,3418782618,3978468247,2360754333,1089671869,2173046394
dimwishlist:item=851296754&perks=1300023272,3418782618,3978468247,2360754333,1089671869,2173046394
dimwishlist:item=851296754&perks=3418782618,3978468247,2360754333,1089671869,2173046394

// Praedyth's Revenge
//notes:S-Tier. insane origin synergy with FTTC and BiS perks all around. Origin: Timelost Magazine
dimwishlist:item=2362652544&perks=1840239774,106909392,1354429876,3891536761,3978468247,1089671869,3078487919,3824105627,2589407652
dimwishlist:item=2362652544&perks=106909392,1354429876,3891536761,3978468247,1089671869,3078487919,3824105627,2589407652
dimwishlist:item=2362652544&perks=1840239774,1354429876,3891536761,3978468247,1089671869,3078487919,3824105627,2589407652
dimwishlist:item=2362652544&perks=1840239774,106909392,1354429876,3891536761,3978468247,1089671869,3078487919,3824105627
dimwishlist:item=2362652544&perks=1354429876,3891536761,3978468247,1089671869,3078487919,3824105627,2589407652
dimwishlist:item=2362652544&perks=106909392,1354429876,3891536761,3978468247,1089671869,3078487919,3824105627
dimwishlist:item=2362652544&perks=1840239774,1354429876,3891536761,3978468247,1089671869,3078487919,3824105627
dimwishlist:item=2362652544&perks=1354429876,3891536761,3978468247,1089671869,3078487919,3824105627

// Praedyth's Revenge
//notes:S-Tier. insane origin synergy with FTTC and BiS perks all around. Origin: Timelost Magazine
dimwishlist:item=1987769101&perks=1840239774,106909392,3824105627
dimwishlist:item=1987769101&perks=106909392,3824105627
dimwishlist:item=1987769101&perks=1840239774,3824105627
dimwishlist:item=1987769101&perks=3824105627

// Praedyth's Revenge
//notes:S-Tier. insane origin synergy with FTTC and BiS perks all around. Origin: Timelost Magazine
dimwishlist:item=3653573172&perks=1840239774,106909392,3824105627
dimwishlist:item=3653573172&perks=106909392,3824105627
dimwishlist:item=3653573172&perks=1840239774,3824105627
dimwishlist:item=3653573172&perks=3824105627

// Praedyth's Revenge
//notes:S-Tier. insane origin synergy with FTTC and BiS perks all around. Origin: Timelost Magazine
dimwishlist:item=3844610113&perks=1840239774,106909392,1354429876,3891536761,3978468247,1089671869,3078487919,3824105627,2589407652
dimwishlist:item=3844610113&perks=106909392,1354429876,3891536761,3978468247,1089671869,3078487919,3824105627,2589407652
dimwishlist:item=3844610113&perks=1840239774,1354429876,3891536761,3978468247,1089671869,3078487919,3824105627,2589407652
dimwishlist:item=3844610113&perks=1840239774,106909392,1354429876,3891536761,3978468247,1089671869,3078487919,3824105627
dimwishlist:item=3844610113&perks=1354429876,3891536761,3978468247,1089671869,3078487919,3824105627,2589407652
dimwishlist:item=3844610113&perks=106909392,1354429876,3891536761,3978468247,1089671869,3078487919,3824105627
dimwishlist:item=3844610113&perks=1840239774,1354429876,3891536761,3978468247,1089671869,3078487919,3824105627
dimwishlist:item=3844610113&perks=1354429876,3891536761,3978468247,1089671869,3078487919,3824105627

// Conspiracy Honed
//notes:S-Tier. double perk fast vent style burst sniper, no ammo gen perk though. Origin: Imperial Allegiance
dimwishlist:item=4062069077&perks=1840239774,807993149,1092016998,1546637391,3078487919,1164078247
dimwishlist:item=4062069077&perks=1840239774,807993149,1546637391,3078487919,1164078247
dimwishlist:item=4062069077&perks=807993149,1092016998,1546637391,3078487919,1164078247
dimwishlist:item=4062069077&perks=1840239774,1092016998,1546637391,3078487919,1164078247
dimwishlist:item=4062069077&perks=1840239774,807993149,1092016998,1546637391,3078487919
dimwishlist:item=4062069077&perks=807993149,1546637391,3078487919,1164078247
dimwishlist:item=4062069077&perks=1840239774,1546637391,3078487919,1164078247
dimwishlist:item=4062069077&perks=1092016998,1546637391,3078487919,1164078247
dimwishlist:item=4062069077&perks=1840239774,807993149,1546637391,3078487919
dimwishlist:item=4062069077&perks=807993149,1092016998,1546637391,3078487919
dimwishlist:item=4062069077&perks=1840239774,1092016998,1546637391,3078487919
dimwishlist:item=4062069077&perks=1546637391,3078487919,1164078247
dimwishlist:item=4062069077&perks=807993149,1546637391,3078487919
dimwishlist:item=4062069077&perks=1840239774,1546637391,3078487919
dimwishlist:item=4062069077&perks=1092016998,1546637391,3078487919
dimwishlist:item=4062069077&perks=1546637391,3078487919

// Lance Ephemeral
//notes:S-Tier. similar to Praedyth's but more burst-specialized, less applicable. Origin: Frame of Reference
dimwishlist:item=688593230&perks=1840239774,106909392,1354429876,3987942396,1556840489,3078487919,1089671869,3201496230,2597494435
dimwishlist:item=688593230&perks=106909392,1354429876,3987942396,1556840489,3078487919,1089671869,3201496230,2597494435
dimwishlist:item=688593230&perks=1840239774,1354429876,3987942396,1556840489,3078487919,1089671869,3201496230,2597494435
dimwishlist:item=688593230&perks=1840239774,106909392,1354429876,3987942396,1556840489,3078487919,1089671869,3201496230
dimwishlist:item=688593230&perks=1354429876,3987942396,1556840489,3078487919,1089671869,3201496230,2597494435
dimwishlist:item=688593230&perks=106909392,1354429876,3987942396,1556840489,3078487919,1089671869,3201496230
dimwishlist:item=688593230&perks=1840239774,1354429876,3987942396,1556840489,3078487919,1089671869,3201496230
dimwishlist:item=688593230&perks=1354429876,3987942396,1556840489,3078487919,1089671869,3201496230

// Something Something
//notes:A-Tier. better than Succession due to Accelerated Assault. Origin: Accelerated Assault
dimwishlist:item=3421075982&perks=1840239774,2420895100,3400784728,3978468247,1089671869,1226351311,3252937884
dimwishlist:item=3421075982&perks=2420895100,3400784728,3978468247,1089671869,1226351311,3252937884
dimwishlist:item=3421075982&perks=1840239774,3400784728,3978468247,1089671869,1226351311,3252937884
dimwishlist:item=3421075982&perks=3400784728,3978468247,1089671869,1226351311,3252937884

// Something Something
//notes:A-Tier. better than Succession due to Accelerated Assault. Origin: Accelerated Assault
dimwishlist:item=690412397&perks=1840239774,2420895100,3400784728,3978468247,1089671869,1226351311,3252937884,3713579091
dimwishlist:item=690412397&perks=2420895100,3400784728,3978468247,1089671869,1226351311,3252937884,3713579091
dimwishlist:item=690412397&perks=1840239774,3400784728,3978468247,1089671869,1226351311,3252937884,3713579091
dimwishlist:item=690412397&perks=1840239774,2420895100,3400784728,3978468247,1089671869,1226351311,3252937884
dimwishlist:item=690412397&perks=3400784728,3978468247,1089671869,1226351311,3252937884,3713579091
dimwishlist:item=690412397&perks=2420895100,3400784728,3978468247,1089671869,1226351311,3252937884
dimwishlist:item=690412397&perks=1840239774,3400784728,3978468247,1089671869,1226351311,3252937884
dimwishlist:item=690412397&perks=3400784728,3978468247,1089671869,1226351311,3252937884

// The Supremacy
//notes:A-Tier. worse than S tier snipers in every way, Lead + KT unique. Origin: Explosive Pact
dimwishlist:item=2884596447&perks=1840239774,1087426260,3418782618,1556840489,3978468247,3891536761,3078487919,1354429876,1489048135
dimwishlist:item=2884596447&perks=1087426260,3418782618,1556840489,3978468247,3891536761,3078487919,1354429876,1489048135
dimwishlist:item=2884596447&perks=1840239774,3418782618,1556840489,3978468247,3891536761,3078487919,1354429876,1489048135
dimwishlist:item=2884596447&perks=1840239774,1087426260,3418782618,1556840489,3978468247,3891536761,3078487919,1354429876
dimwishlist:item=2884596447&perks=3418782618,1556840489,3978468247,3891536761,3078487919,1354429876,1489048135
dimwishlist:item=2884596447&perks=1087426260,3418782618,1556840489,3978468247,3891536761,3078487919,1354429876
dimwishlist:item=2884596447&perks=1840239774,3418782618,1556840489,3978468247,3891536761,3078487919,1354429876
dimwishlist:item=2884596447&perks=3418782618,1556840489,3978468247,3891536761,3078487919,1354429876

// Omniscient Eye
//notes:A-Tier. BiS energy dump sniper, easily surpassed soon though. Origin: Photoinhibition
dimwishlist:item=147444292&perks=1840239774,106909392,1354429876,3987942396,555281244,1546637391,511914882
dimwishlist:item=147444292&perks=106909392,1354429876,3987942396,555281244,1546637391,511914882
dimwishlist:item=147444292&perks=1840239774,1354429876,3987942396,555281244,1546637391,511914882
dimwishlist:item=147444292&perks=1840239774,106909392,1354429876,3987942396,555281244,1546637391
dimwishlist:item=147444292&perks=1354429876,3987942396,555281244,1546637391,511914882
dimwishlist:item=147444292&perks=106909392,1354429876,3987942396,555281244,1546637391
dimwishlist:item=147444292&perks=1840239774,1354429876,3987942396,555281244,1546637391
dimwishlist:item=147444292&perks=1354429876,3987942396,555281244,1546637391

// Critical Anomaly
//notes:A-Tier. Chill Clip provides 2 shot burst like Recomb, bit more unwieldy. Origin: Collective Purpose
dimwishlist:item=172461430&perks=1840239774,2420895100,2978966579,3418782618,3640170453,1878756191
dimwishlist:item=172461430&perks=2420895100,2978966579,3418782618,3640170453,1878756191
dimwishlist:item=172461430&perks=1840239774,2978966579,3418782618,3640170453,1878756191
dimwishlist:item=172461430&perks=1840239774,2420895100,2978966579,3418782618,3640170453
dimwishlist:item=172461430&perks=2978966579,3418782618,3640170453,1878756191
dimwishlist:item=172461430&perks=2420895100,2978966579,3418782618,3640170453
dimwishlist:item=172461430&perks=1840239774,2978966579,3418782618,3640170453
dimwishlist:item=172461430&perks=2978966579,3418782618,3640170453

// Critical Anomaly
//notes:A-Tier. Chill Clip provides 2 shot burst like Recomb, bit more unwieldy. Origin: Collective Purpose
dimwishlist:item=445197843&perks=1840239774,2420895100,2978966579,3418782618,3640170453,1878756191
dimwishlist:item=445197843&perks=2420895100,2978966579,3418782618,3640170453,1878756191
dimwishlist:item=445197843&perks=1840239774,2978966579,3418782618,3640170453,1878756191
dimwishlist:item=445197843&perks=1840239774,2420895100,2978966579,3418782618,3640170453
dimwishlist:item=445197843&perks=2978966579,3418782618,3640170453,1878756191
dimwishlist:item=445197843&perks=2420895100,2978966579,3418782618,3640170453
dimwishlist:item=445197843&perks=1840239774,2978966579,3418782618,3640170453
dimwishlist:item=445197843&perks=2978966579,3418782618,3640170453

// Keen Thistle
//notes:A-Tier. funny TT+FTTC roll but otherwise just alright for damage. Origin: Hakke Breach Armaments
dimwishlist:item=3503560035&perks=1840239774,2420895100,3987942396,4293542123,3400784728,3078487919,3978468247,1354429876,1607056502
dimwishlist:item=3503560035&perks=2420895100,3987942396,4293542123,3400784728,3078487919,3978468247,1354429876,1607056502
dimwishlist:item=3503560035&perks=1840239774,3987942396,4293542123,3400784728,3078487919,3978468247,1354429876,1607056502
dimwishlist:item=3503560035&perks=1840239774,2420895100,3987942396,4293542123,3400784728,3078487919,3978468247,1354429876
dimwishlist:item=3503560035&perks=3987942396,4293542123,3400784728,3078487919,3978468247,1354429876,1607056502
dimwishlist:item=3503560035&perks=2420895100,3987942396,4293542123,3400784728,3078487919,3978468247,1354429876
dimwishlist:item=3503560035&perks=1840239774,3987942396,4293542123,3400784728,3078487919,3978468247,1354429876
dimwishlist:item=3503560035&perks=3987942396,4293542123,3400784728,3078487919,3978468247,1354429876

// Keen Thistle
//notes:A-Tier. funny TT+FTTC roll but otherwise just alright for damage. Origin: Hakke Breach Armaments
dimwishlist:item=1893967086&perks=1840239774,2420895100,3987942396,4293542123,3400784728,3078487919,3978468247,1354429876,1607056502
dimwishlist:item=1893967086&perks=2420895100,3987942396,4293542123,3400784728,3078487919,3978468247,1354429876,1607056502
dimwishlist:item=1893967086&perks=1840239774,3987942396,4293542123,3400784728,3078487919,3978468247,1354429876,1607056502
dimwishlist:item=1893967086&perks=1840239774,2420895100,3987942396,4293542123,3400784728,3078487919,3978468247,1354429876
dimwishlist:item=1893967086&perks=3987942396,4293542123,3400784728,3078487919,3978468247,1354429876,1607056502
dimwishlist:item=1893967086&perks=2420895100,3987942396,4293542123,3400784728,3078487919,3978468247,1354429876
dimwishlist:item=1893967086&perks=1840239774,3987942396,4293542123,3400784728,3078487919,3978468247,1354429876
dimwishlist:item=1893967086&perks=3987942396,4293542123,3400784728,3078487919,3978468247,1354429876

// IKELOS_SR_v1.0.3
//notes:A-Tier. FTTC + very consistent 20% perk on good frame. Origin: Rasputin's Arsenal
dimwishlist:item=2302346155&perks=1840239774,106909392,1354429876,2896038713,566815328
dimwishlist:item=2302346155&perks=106909392,1354429876,2896038713,566815328
dimwishlist:item=2302346155&perks=1840239774,1354429876,2896038713,566815328
dimwishlist:item=2302346155&perks=1840239774,106909392,1354429876,2896038713
dimwishlist:item=2302346155&perks=1354429876,2896038713,566815328
dimwishlist:item=2302346155&perks=106909392,1354429876,2896038713
dimwishlist:item=2302346155&perks=1840239774,1354429876,2896038713
dimwishlist:item=2302346155&perks=1354429876,2896038713

// Succession
BRAVE version
//notes:A-Tier. legendary Izi-esque burst + good Demo weapon (doubled gains + origin). Origin: Indomitability
dimwishlist:item=2990047042&perks=1840239774,2420895100,1523832109,3523296417,469285294,1546637391
dimwishlist:item=2990047042&perks=2420895100,1523832109,3523296417,469285294,1546637391
dimwishlist:item=2990047042&perks=1840239774,1523832109,3523296417,469285294,1546637391
dimwishlist:item=2990047042&perks=1523832109,3523296417,469285294,1546637391

// Succession
BRAVE version
//notes:A-Tier. legendary Izi-esque burst + good Demo weapon (doubled gains + origin). Origin: Indomitability
dimwishlist:item=3612338554&perks=1840239774,2420895100,1523832109,3523296417,3978468247,469285294,1546637391,3201496230,2489430594
dimwishlist:item=3612338554&perks=2420895100,1523832109,3523296417,3978468247,469285294,1546637391,3201496230,2489430594
dimwishlist:item=3612338554&perks=1840239774,1523832109,3523296417,3978468247,469285294,1546637391,3201496230,2489430594
dimwishlist:item=3612338554&perks=1840239774,2420895100,1523832109,3523296417,3978468247,469285294,1546637391,3201496230
dimwishlist:item=3612338554&perks=1523832109,3523296417,3978468247,469285294,1546637391,3201496230,2489430594
dimwishlist:item=3612338554&perks=2420895100,1523832109,3523296417,3978468247,469285294,1546637391,3201496230
dimwishlist:item=3612338554&perks=1840239774,1523832109,3523296417,3978468247,469285294,1546637391,3201496230
dimwishlist:item=3612338554&perks=1523832109,3523296417,3978468247,469285294,1546637391,3201496230

// Succession
BRAVE version
//notes:A-Tier. legendary Izi-esque burst + good Demo weapon (doubled gains + origin). Origin: Indomitability
dimwishlist:item=570866107&perks=1840239774,2420895100,1523832109,3523296417,3978468247,469285294,1546637391,3201496230,2489430594
dimwishlist:item=570866107&perks=2420895100,1523832109,3523296417,3978468247,469285294,1546637391,3201496230,2489430594
dimwishlist:item=570866107&perks=1840239774,1523832109,3523296417,3978468247,469285294,1546637391,3201496230,2489430594
dimwishlist:item=570866107&perks=1840239774,2420895100,1523832109,3523296417,3978468247,469285294,1546637391,3201496230
dimwishlist:item=570866107&perks=1523832109,3523296417,3978468247,469285294,1546637391,3201496230,2489430594
dimwishlist:item=570866107&perks=2420895100,1523832109,3523296417,3978468247,469285294,1546637391,3201496230
dimwishlist:item=570866107&perks=1840239774,1523832109,3523296417,3978468247,469285294,1546637391,3201496230
dimwishlist:item=570866107&perks=1523832109,3523296417,3978468247,469285294,1546637391,3201496230

// Succession
//notes:A-Tier. similar to BRAVE version but a little worse overall. Origin: Bray Inheritance
dimwishlist:item=2990047042&perks=1840239774,2420895100,1523832109,3523296417,469285294,1546637391,1774574192,766321425
dimwishlist:item=2990047042&perks=2420895100,1523832109,3523296417,469285294,1546637391,1774574192,766321425
dimwishlist:item=2990047042&perks=1840239774,1523832109,3523296417,469285294,1546637391,1774574192,766321425
dimwishlist:item=2990047042&perks=1840239774,2420895100,1523832109,3523296417,469285294,1546637391,1774574192
dimwishlist:item=2990047042&perks=1523832109,3523296417,469285294,1546637391,1774574192,766321425
dimwishlist:item=2990047042&perks=2420895100,1523832109,3523296417,469285294,1546637391,1774574192
dimwishlist:item=2990047042&perks=1840239774,1523832109,3523296417,469285294,1546637391,1774574192
dimwishlist:item=2990047042&perks=1523832109,3523296417,469285294,1546637391,1774574192

// Succession
//notes:A-Tier. similar to BRAVE version but a little worse overall. Origin: Bray Inheritance
dimwishlist:item=3612338554&perks=1840239774,2420895100,1523832109,3523296417,469285294,1546637391
dimwishlist:item=3612338554&perks=2420895100,1523832109,3523296417,469285294,1546637391
dimwishlist:item=3612338554&perks=1840239774,1523832109,3523296417,469285294,1546637391
dimwishlist:item=3612338554&perks=1523832109,3523296417,469285294,1546637391

// Succession
//notes:A-Tier. similar to BRAVE version but a little worse overall. Origin: Bray Inheritance
dimwishlist:item=570866107&perks=1840239774,2420895100,1523832109,3523296417,469285294,1546637391
dimwishlist:item=570866107&perks=2420895100,1523832109,3523296417,469285294,1546637391
dimwishlist:item=570866107&perks=1840239774,1523832109,3523296417,469285294,1546637391
dimwishlist:item=570866107&perks=1523832109,3523296417,469285294,1546637391

// Returned Memory
//notes:S-Tier. excellent perks all around with solid origin. Origin: Tenacity
dimwishlist:item=4049127142&perks=3525010810,1478423395,106909392,1380253176,3230963543,3017780555,1556840489,2360347339,4293542123,3201496230,2109543898,3911709647
dimwishlist:item=4049127142&perks=3525010810,1478423395,106909392,1380253176,3017780555,1556840489,2360347339,4293542123,3201496230,2109543898,3911709647
dimwishlist:item=4049127142&perks=3525010810,1478423395,106909392,3230963543,3017780555,1556840489,2360347339,4293542123,3201496230,2109543898,3911709647
dimwishlist:item=4049127142&perks=3525010810,1478423395,1380253176,3230963543,3017780555,1556840489,2360347339,4293542123,3201496230,2109543898,3911709647
dimwishlist:item=4049127142&perks=3525010810,106909392,1380253176,3017780555,1556840489,2360347339,4293542123,3201496230,2109543898,3911709647
dimwishlist:item=4049127142&perks=3525010810,1478423395,106909392,3017780555,1556840489,2360347339,4293542123,3201496230,2109543898,3911709647
dimwishlist:item=4049127142&perks=3525010810,106909392,3230963543,3017780555,1556840489,2360347339,4293542123,3201496230,2109543898,3911709647
dimwishlist:item=4049127142&perks=1478423395,106909392,1380253176,3017780555,1556840489,2360347339,4293542123,3201496230,2109543898,3911709647
dimwishlist:item=4049127142&perks=3525010810,1478423395,1380253176,3017780555,1556840489,2360347339,4293542123,3201496230,2109543898,3911709647
dimwishlist:item=4049127142&perks=3525010810,1380253176,3230963543,3017780555,1556840489,2360347339,4293542123,3201496230,2109543898,3911709647
dimwishlist:item=4049127142&perks=1478423395,106909392,3230963543,3017780555,1556840489,2360347339,4293542123,3201496230,2109543898,3911709647
dimwishlist:item=4049127142&perks=3525010810,1478423395,3230963543,3017780555,1556840489,2360347339,4293542123,3201496230,2109543898,3911709647
dimwishlist:item=4049127142&perks=1478423395,1380253176,3230963543,3017780555,1556840489,2360347339,4293542123,3201496230,2109543898,3911709647
dimwishlist:item=4049127142&perks=3525010810,1478423395,106909392,1380253176,3017780555,1556840489,2360347339,4293542123,3201496230,2109543898
dimwishlist:item=4049127142&perks=3525010810,1478423395,106909392,3230963543,3017780555,1556840489,2360347339,4293542123,3201496230,2109543898
dimwishlist:item=4049127142&perks=3525010810,1478423395,1380253176,3230963543,3017780555,1556840489,2360347339,4293542123,3201496230,2109543898
dimwishlist:item=4049127142&perks=3525010810,106909392,3017780555,1556840489,2360347339,4293542123,3201496230,2109543898,3911709647
dimwishlist:item=4049127142&perks=106909392,1380253176,3017780555,1556840489,2360347339,4293542123,3201496230,2109543898,3911709647
dimwishlist:item=4049127142&perks=3525010810,1380253176,3017780555,1556840489,2360347339,4293542123,3201496230,2109543898,3911709647
dimwishlist:item=4049127142&perks=1478423395,106909392,3017780555,1556840489,2360347339,4293542123,3201496230,2109543898,3911709647
dimwishlist:item=4049127142&perks=3525010810,1478423395,3017780555,1556840489,2360347339,4293542123,3201496230,2109543898,3911709647
dimwishlist:item=4049127142&perks=106909392,3230963543,3017780555,1556840489,2360347339,4293542123,3201496230,2109543898,3911709647
dimwishlist:item=4049127142&perks=3525010810,3230963543,3017780555,1556840489,2360347339,4293542123,3201496230,2109543898,3911709647
dimwishlist:item=4049127142&perks=1478423395,1380253176,3017780555,1556840489,2360347339,4293542123,3201496230,2109543898,3911709647
dimwishlist:item=4049127142&perks=1380253176,3230963543,3017780555,1556840489,2360347339,4293542123,3201496230,2109543898,3911709647
dimwishlist:item=4049127142&perks=1478423395,3230963543,3017780555,1556840489,2360347339,4293542123,3201496230,2109543898,3911709647
dimwishlist:item=4049127142&perks=3525010810,106909392,1380253176,3017780555,1556840489,2360347339,4293542123,3201496230,2109543898
dimwishlist:item=4049127142&perks=3525010810,1478423395,106909392,3017780555,1556840489,2360347339,4293542123,3201496230,2109543898
dimwishlist:item=4049127142&perks=3525010810,106909392,3230963543,3017780555,1556840489,2360347339,4293542123,3201496230,2109543898
dimwishlist:item=4049127142&perks=1478423395,106909392,1380253176,3017780555,1556840489,2360347339,4293542123,3201496230,2109543898
dimwishlist:item=4049127142&perks=3525010810,1478423395,1380253176,3017780555,1556840489,2360347339,4293542123,3201496230,2109543898
dimwishlist:item=4049127142&perks=3525010810,1380253176,3230963543,3017780555,1556840489,2360347339,4293542123,3201496230,2109543898
dimwishlist:item=4049127142&perks=1478423395,106909392,3230963543,3017780555,1556840489,2360347339,4293542123,3201496230,2109543898
dimwishlist:item=4049127142&perks=3525010810,1478423395,3230963543,3017780555,1556840489,2360347339,4293542123,3201496230,2109543898
dimwishlist:item=4049127142&perks=1478423395,1380253176,3230963543,3017780555,1556840489,2360347339,4293542123,3201496230,2109543898
dimwishlist:item=4049127142&perks=106909392,3017780555,1556840489,2360347339,4293542123,3201496230,2109543898,3911709647
dimwishlist:item=4049127142&perks=3525010810,3017780555,1556840489,2360347339,4293542123,3201496230,2109543898,3911709647
dimwishlist:item=4049127142&perks=1380253176,3017780555,1556840489,2360347339,4293542123,3201496230,2109543898,3911709647
dimwishlist:item=4049127142&perks=1478423395,3017780555,1556840489,2360347339,4293542123,3201496230,2109543898,3911709647
dimwishlist:item=4049127142&perks=3230963543,3017780555,1556840489,2360347339,4293542123,3201496230,2109543898,3911709647
dimwishlist:item=4049127142&perks=3525010810,106909392,3017780555,1556840489,2360347339,4293542123,3201496230,2109543898
dimwishlist:item=4049127142&perks=106909392,1380253176,3017780555,1556840489,2360347339,4293542123,3201496230,2109543898
dimwishlist:item=4049127142&perks=3525010810,1380253176,3017780555,1556840489,2360347339,4293542123,3201496230,2109543898
dimwishlist:item=4049127142&perks=1478423395,106909392,3017780555,1556840489,2360347339,4293542123,3201496230,2109543898
dimwishlist:item=4049127142&perks=3525010810,1478423395,3017780555,1556840489,2360347339,4293542123,3201496230,2109543898
dimwishlist:item=4049127142&perks=106909392,3230963543,3017780555,1556840489,2360347339,4293542123,3201496230,2109543898
dimwishlist:item=4049127142&perks=3525010810,3230963543,3017780555,1556840489,2360347339,4293542123,3201496230,2109543898
dimwishlist:item=4049127142&perks=1478423395,1380253176,3017780555,1556840489,2360347339,4293542123,3201496230,2109543898
dimwishlist:item=4049127142&perks=1380253176,3230963543,3017780555,1556840489,2360347339,4293542123,3201496230,2109543898
dimwishlist:item=4049127142&perks=1478423395,3230963543,3017780555,1556840489,2360347339,4293542123,3201496230,2109543898
dimwishlist:item=4049127142&perks=3017780555,1556840489,2360347339,4293542123,3201496230,2109543898,3911709647
dimwishlist:item=4049127142&perks=106909392,3017780555,1556840489,2360347339,4293542123,3201496230,2109543898
dimwishlist:item=4049127142&perks=3525010810,3017780555,1556840489,2360347339,4293542123,3201496230,2109543898
dimwishlist:item=4049127142&perks=1380253176,3017780555,1556840489,2360347339,4293542123,3201496230,2109543898
dimwishlist:item=4049127142&perks=1478423395,3017780555,1556840489,2360347339,4293542123,3201496230,2109543898
dimwishlist:item=4049127142&perks=3230963543,3017780555,1556840489,2360347339,4293542123,3201496230,2109543898
dimwishlist:item=4049127142&perks=3017780555,1556840489,2360347339,4293542123,3201496230,2109543898

// Lotus-Eater
//notes:S-Tier. excellent perks, only StL rocket sidearm, mediocre origin. Origin: Stunning Recovery
dimwishlist:item=2697143634&perks=3525010810,1478423395,3230963543,776531651,1523832109,3700496672,2048641572,1134488199,2319119708,1281216113
dimwishlist:item=2697143634&perks=3525010810,3230963543,776531651,1523832109,3700496672,2048641572,1134488199,2319119708,1281216113
dimwishlist:item=2697143634&perks=1478423395,3230963543,776531651,1523832109,3700496672,2048641572,1134488199,2319119708,1281216113
dimwishlist:item=2697143634&perks=3525010810,1478423395,776531651,1523832109,3700496672,2048641572,1134488199,2319119708,1281216113
dimwishlist:item=2697143634&perks=3525010810,1478423395,3230963543,776531651,1523832109,3700496672,2048641572,1134488199,2319119708
dimwishlist:item=2697143634&perks=3230963543,776531651,1523832109,3700496672,2048641572,1134488199,2319119708,1281216113
dimwishlist:item=2697143634&perks=3525010810,776531651,1523832109,3700496672,2048641572,1134488199,2319119708,1281216113
dimwishlist:item=2697143634&perks=1478423395,776531651,1523832109,3700496672,2048641572,1134488199,2319119708,1281216113
dimwishlist:item=2697143634&perks=3525010810,3230963543,776531651,1523832109,3700496672,2048641572,1134488199,2319119708
dimwishlist:item=2697143634&perks=1478423395,3230963543,776531651,1523832109,3700496672,2048641572,1134488199,2319119708
dimwishlist:item=2697143634&perks=3525010810,1478423395,776531651,1523832109,3700496672,2048641572,1134488199,2319119708
dimwishlist:item=2697143634&perks=776531651,1523832109,3700496672,2048641572,1134488199,2319119708,1281216113
dimwishlist:item=2697143634&perks=3230963543,776531651,1523832109,3700496672,2048641572,1134488199,2319119708
dimwishlist:item=2697143634&perks=3525010810,776531651,1523832109,3700496672,2048641572,1134488199,2319119708
dimwishlist:item=2697143634&perks=1478423395,776531651,1523832109,3700496672,2048641572,1134488199,2319119708
dimwishlist:item=2697143634&perks=776531651,1523832109,3700496672,2048641572,1134488199,2319119708

// Lotus-Eater
//notes:S-Tier. excellent perks, only StL rocket sidearm, mediocre origin. Origin: Stunning Recovery
dimwishlist:item=3922217119&perks=3525010810,1478423395,3230963543,776531651,1523832109,3700496672,2048641572,1134488199,2319119708,1281216113
dimwishlist:item=3922217119&perks=3525010810,3230963543,776531651,1523832109,3700496672,2048641572,1134488199,2319119708,1281216113
dimwishlist:item=3922217119&perks=1478423395,3230963543,776531651,1523832109,3700496672,2048641572,1134488199,2319119708,1281216113
dimwishlist:item=3922217119&perks=3525010810,1478423395,776531651,1523832109,3700496672,2048641572,1134488199,2319119708,1281216113
dimwishlist:item=3922217119&perks=3525010810,1478423395,3230963543,776531651,1523832109,3700496672,2048641572,1134488199,2319119708
dimwishlist:item=3922217119&perks=3230963543,776531651,1523832109,3700496672,2048641572,1134488199,2319119708,1281216113
dimwishlist:item=3922217119&perks=3525010810,776531651,1523832109,3700496672,2048641572,1134488199,2319119708,1281216113
dimwishlist:item=3922217119&perks=1478423395,776531651,1523832109,3700496672,2048641572,1134488199,2319119708,1281216113
dimwishlist:item=3922217119&perks=3525010810,3230963543,776531651,1523832109,3700496672,2048641572,1134488199,2319119708
dimwishlist:item=3922217119&perks=1478423395,3230963543,776531651,1523832109,3700496672,2048641572,1134488199,2319119708
dimwishlist:item=3922217119&perks=3525010810,1478423395,776531651,1523832109,3700496672,2048641572,1134488199,2319119708
dimwishlist:item=3922217119&perks=776531651,1523832109,3700496672,2048641572,1134488199,2319119708,1281216113
dimwishlist:item=3922217119&perks=3230963543,776531651,1523832109,3700496672,2048641572,1134488199,2319119708
dimwishlist:item=3922217119&perks=3525010810,776531651,1523832109,3700496672,2048641572,1134488199,2319119708
dimwishlist:item=3922217119&perks=1478423395,776531651,1523832109,3700496672,2048641572,1134488199,2319119708
dimwishlist:item=3922217119&perks=776531651,1523832109,3700496672,2048641572,1134488199,2319119708

// Tinasha's Mastery
//notes:S-Tier. great ammo generator, solid perks and decent origin. Origin: Skulking Wolf
dimwishlist:item=480368036&perks=3525010810,1478423395,1380253176,1421772400,951095735,1119449540,2978966579,3708227201,2109543898,3989629871
dimwishlist:item=480368036&perks=3525010810,1380253176,1421772400,951095735,1119449540,2978966579,3708227201,2109543898,3989629871
dimwishlist:item=480368036&perks=1478423395,1380253176,1421772400,951095735,1119449540,2978966579,3708227201,2109543898,3989629871
dimwishlist:item=480368036&perks=3525010810,1478423395,1421772400,951095735,1119449540,2978966579,3708227201,2109543898,3989629871
dimwishlist:item=480368036&perks=3525010810,1478423395,1380253176,1421772400,951095735,1119449540,2978966579,3708227201,2109543898
dimwishlist:item=480368036&perks=1380253176,1421772400,951095735,1119449540,2978966579,3708227201,2109543898,3989629871
dimwishlist:item=480368036&perks=3525010810,1421772400,951095735,1119449540,2978966579,3708227201,2109543898,3989629871
dimwishlist:item=480368036&perks=1478423395,1421772400,951095735,1119449540,2978966579,3708227201,2109543898,3989629871
dimwishlist:item=480368036&perks=3525010810,1380253176,1421772400,951095735,1119449540,2978966579,3708227201,2109543898
dimwishlist:item=480368036&perks=1478423395,1380253176,1421772400,951095735,1119449540,2978966579,3708227201,2109543898
dimwishlist:item=480368036&perks=3525010810,1478423395,1421772400,951095735,1119449540,2978966579,3708227201,2109543898
dimwishlist:item=480368036&perks=1421772400,951095735,1119449540,2978966579,3708227201,2109543898,3989629871
dimwishlist:item=480368036&perks=1380253176,1421772400,951095735,1119449540,2978966579,3708227201,2109543898
dimwishlist:item=480368036&perks=3525010810,1421772400,951095735,1119449540,2978966579,3708227201,2109543898
dimwishlist:item=480368036&perks=1478423395,1421772400,951095735,1119449540,2978966579,3708227201,2109543898
dimwishlist:item=480368036&perks=1421772400,951095735,1119449540,2978966579,3708227201,2109543898

// Aberrant Action
//notes:S-Tier. better origin than Returned but worse alternative perks. Origin: Radiolaria Transposer
dimwishlist:item=2198166292&perks=3525010810,1478423395,1380253176,3017780555,2869569095,4293542123,3523296417,253121539
dimwishlist:item=2198166292&perks=3525010810,1380253176,3017780555,2869569095,4293542123,3523296417,253121539
dimwishlist:item=2198166292&perks=1478423395,1380253176,3017780555,2869569095,4293542123,3523296417,253121539
dimwishlist:item=2198166292&perks=3525010810,1478423395,3017780555,2869569095,4293542123,3523296417,253121539
dimwishlist:item=2198166292&perks=3525010810,1478423395,1380253176,3017780555,2869569095,4293542123,3523296417
dimwishlist:item=2198166292&perks=1380253176,3017780555,2869569095,4293542123,3523296417,253121539
dimwishlist:item=2198166292&perks=3525010810,3017780555,2869569095,4293542123,3523296417,253121539
dimwishlist:item=2198166292&perks=1478423395,3017780555,2869569095,4293542123,3523296417,253121539
dimwishlist:item=2198166292&perks=3525010810,1380253176,3017780555,2869569095,4293542123,3523296417
dimwishlist:item=2198166292&perks=1478423395,1380253176,3017780555,2869569095,4293542123,3523296417
dimwishlist:item=2198166292&perks=3525010810,1478423395,3017780555,2869569095,4293542123,3523296417
dimwishlist:item=2198166292&perks=3017780555,2869569095,4293542123,3523296417,253121539
dimwishlist:item=2198166292&perks=1380253176,3017780555,2869569095,4293542123,3523296417
dimwishlist:item=2198166292&perks=3525010810,3017780555,2869569095,4293542123,3523296417
dimwishlist:item=2198166292&perks=1478423395,3017780555,2869569095,4293542123,3523296417
dimwishlist:item=2198166292&perks=3017780555,2869569095,4293542123,3523296417

// Indebted Kindness
//notes:A-Tier. good Voltshot user, Lead also appreciated, situational origin. Origin: Sundering
dimwishlist:item=3381450498&perks=3525010810,1478423395,1380253176,951095735,1556840489,2173046394,3708227201,3673922083,220689851
dimwishlist:item=3381450498&perks=3525010810,1380253176,951095735,1556840489,2173046394,3708227201,3673922083,220689851
dimwishlist:item=3381450498&perks=1478423395,1380253176,951095735,1556840489,2173046394,3708227201,3673922083,220689851
dimwishlist:item=3381450498&perks=3525010810,1478423395,951095735,1556840489,2173046394,3708227201,3673922083,220689851
dimwishlist:item=3381450498&perks=3525010810,1478423395,1380253176,951095735,1556840489,2173046394,3708227201,3673922083
dimwishlist:item=3381450498&perks=1380253176,951095735,1556840489,2173046394,3708227201,3673922083,220689851
dimwishlist:item=3381450498&perks=3525010810,951095735,1556840489,2173046394,3708227201,3673922083,220689851
dimwishlist:item=3381450498&perks=1478423395,951095735,1556840489,2173046394,3708227201,3673922083,220689851
dimwishlist:item=3381450498&perks=3525010810,1380253176,951095735,1556840489,2173046394,3708227201,3673922083
dimwishlist:item=3381450498&perks=1478423395,1380253176,951095735,1556840489,2173046394,3708227201,3673922083
dimwishlist:item=3381450498&perks=3525010810,1478423395,951095735,1556840489,2173046394,3708227201,3673922083
dimwishlist:item=3381450498&perks=951095735,1556840489,2173046394,3708227201,3673922083,220689851
dimwishlist:item=3381450498&perks=1380253176,951095735,1556840489,2173046394,3708227201,3673922083
dimwishlist:item=3381450498&perks=3525010810,951095735,1556840489,2173046394,3708227201,3673922083
dimwishlist:item=3381450498&perks=1478423395,951095735,1556840489,2173046394,3708227201,3673922083
dimwishlist:item=3381450498&perks=951095735,1556840489,2173046394,3708227201,3673922083

// The Call
//notes:A-Tier. only Slice rocket sidearm, good origin and utility perks. Origin: Dealer's Choice
dimwishlist:item=3947966653&perks=3525010810,1478423395,106909392,923806249,1556840489,3523296417,2109543898,2610012052,4049631843,1988485648
dimwishlist:item=3947966653&perks=3525010810,106909392,923806249,1556840489,3523296417,2109543898,2610012052,4049631843,1988485648
dimwishlist:item=3947966653&perks=1478423395,106909392,923806249,1556840489,3523296417,2109543898,2610012052,4049631843,1988485648
dimwishlist:item=3947966653&perks=3525010810,1478423395,923806249,1556840489,3523296417,2109543898,2610012052,4049631843,1988485648
dimwishlist:item=3947966653&perks=3525010810,1478423395,106909392,923806249,1556840489,3523296417,2109543898,2610012052,4049631843
dimwishlist:item=3947966653&perks=106909392,923806249,1556840489,3523296417,2109543898,2610012052,4049631843,1988485648
dimwishlist:item=3947966653&perks=3525010810,923806249,1556840489,3523296417,2109543898,2610012052,4049631843,1988485648
dimwishlist:item=3947966653&perks=1478423395,923806249,1556840489,3523296417,2109543898,2610012052,4049631843,1988485648
dimwishlist:item=3947966653&perks=3525010810,106909392,923806249,1556840489,3523296417,2109543898,2610012052,4049631843
dimwishlist:item=3947966653&perks=1478423395,106909392,923806249,1556840489,3523296417,2109543898,2610012052,4049631843
dimwishlist:item=3947966653&perks=3525010810,1478423395,923806249,1556840489,3523296417,2109543898,2610012052,4049631843
dimwishlist:item=3947966653&perks=923806249,1556840489,3523296417,2109543898,2610012052,4049631843,1988485648
dimwishlist:item=3947966653&perks=106909392,923806249,1556840489,3523296417,2109543898,2610012052,4049631843
dimwishlist:item=3947966653&perks=3525010810,923806249,1556840489,3523296417,2109543898,2610012052,4049631843
dimwishlist:item=3947966653&perks=1478423395,923806249,1556840489,3523296417,2109543898,2610012052,4049631843
dimwishlist:item=3947966653&perks=923806249,1556840489,3523296417,2109543898,2610012052,4049631843

// Unfall
//notes:A-Tier. worse than Indebted besides enhanceable perks. Origin: Vanguard Determination
dimwishlist:item=738446555&perks=3525010810,1478423395,1087426260,1556840489,951095735,2859149211,3966416502,3218042543,3081867624,3846229553
dimwishlist:item=738446555&perks=3525010810,1087426260,1556840489,951095735,2859149211,3966416502,3218042543,3081867624,3846229553
dimwishlist:item=738446555&perks=1478423395,1087426260,1556840489,951095735,2859149211,3966416502,3218042543,3081867624,3846229553
dimwishlist:item=738446555&perks=3525010810,1478423395,1556840489,951095735,2859149211,3966416502,3218042543,3081867624,3846229553
dimwishlist:item=738446555&perks=3525010810,1478423395,1087426260,1556840489,951095735,2859149211,3966416502,3218042543,3081867624
dimwishlist:item=738446555&perks=1087426260,1556840489,951095735,2859149211,3966416502,3218042543,3081867624,3846229553
dimwishlist:item=738446555&perks=3525010810,1556840489,951095735,2859149211,3966416502,3218042543,3081867624,3846229553
dimwishlist:item=738446555&perks=1478423395,1556840489,951095735,2859149211,3966416502,3218042543,3081867624,3846229553
dimwishlist:item=738446555&perks=3525010810,1087426260,1556840489,951095735,2859149211,3966416502,3218042543,3081867624
dimwishlist:item=738446555&perks=1478423395,1087426260,1556840489,951095735,2859149211,3966416502,3218042543,3081867624
dimwishlist:item=738446555&perks=3525010810,1478423395,1556840489,951095735,2859149211,3966416502,3218042543,3081867624
dimwishlist:item=738446555&perks=1556840489,951095735,2859149211,3966416502,3218042543,3081867624,3846229553
dimwishlist:item=738446555&perks=1087426260,1556840489,951095735,2859149211,3966416502,3218042543,3081867624
dimwishlist:item=738446555&perks=3525010810,1556840489,951095735,2859149211,3966416502,3218042543,3081867624
dimwishlist:item=738446555&perks=1478423395,1556840489,951095735,2859149211,3966416502,3218042543,3081867624
dimwishlist:item=738446555&perks=1556840489,951095735,2859149211,3966416502,3218042543,3081867624

// Keraunios
//notes:S-Tier. StL + Chain best overall trace roll, also FTTC + TL for "damage". Origin: Classy Contender
dimwishlist:item=2386208942&perks=1840239774,2680121939,3700496672,1354429876,2396489472,3218042543,4198902903,1702976605
dimwishlist:item=2386208942&perks=2680121939,3700496672,1354429876,2396489472,3218042543,4198902903,1702976605
dimwishlist:item=2386208942&perks=1840239774,3700496672,1354429876,2396489472,3218042543,4198902903,1702976605
dimwishlist:item=2386208942&perks=1840239774,2680121939,3700496672,1354429876,2396489472,3218042543,4198902903
dimwishlist:item=2386208942&perks=3700496672,1354429876,2396489472,3218042543,4198902903,1702976605
dimwishlist:item=2386208942&perks=2680121939,3700496672,1354429876,2396489472,3218042543,4198902903
dimwishlist:item=2386208942&perks=1840239774,3700496672,1354429876,2396489472,3218042543,4198902903
dimwishlist:item=2386208942&perks=3700496672,1354429876,2396489472,3218042543,4198902903

// Keraunios
//notes:S-Tier. StL + Chain best overall trace roll, also FTTC + TL for "damage". Origin: Classy Contender
dimwishlist:item=981450701&perks=1840239774,2680121939,3700496672,1354429876,2396489472,3218042543,4198902903,1702976605
dimwishlist:item=981450701&perks=2680121939,3700496672,1354429876,2396489472,3218042543,4198902903,1702976605
dimwishlist:item=981450701&perks=1840239774,3700496672,1354429876,2396489472,3218042543,4198902903,1702976605
dimwishlist:item=981450701&perks=1840239774,2680121939,3700496672,1354429876,2396489472,3218042543,4198902903
dimwishlist:item=981450701&perks=3700496672,1354429876,2396489472,3218042543,4198902903,1702976605
dimwishlist:item=981450701&perks=2680121939,3700496672,1354429876,2396489472,3218042543,4198902903
dimwishlist:item=981450701&perks=1840239774,3700496672,1354429876,2396489472,3218042543,4198902903
dimwishlist:item=981450701&perks=3700496672,1354429876,2396489472,3218042543,4198902903

// Keraunios
//notes:S-Tier. StL + Chain best overall trace roll, also FTTC + TL for "damage". Origin: Classy Contender
dimwishlist:item=2029899814&perks=1840239774,2680121939,3218042543,4198902903,1702976605
dimwishlist:item=2029899814&perks=2680121939,3218042543,4198902903,1702976605
dimwishlist:item=2029899814&perks=1840239774,3218042543,4198902903,1702976605
dimwishlist:item=2029899814&perks=1840239774,2680121939,3218042543,4198902903
dimwishlist:item=2029899814&perks=3218042543,4198902903,1702976605
dimwishlist:item=2029899814&perks=2680121939,3218042543,4198902903
dimwishlist:item=2029899814&perks=1840239774,3218042543,4198902903
dimwishlist:item=2029899814&perks=3218042543,4198902903

// Chronophage
//notes:S-Tier. StL + utility/splash options, great origin trait for low-tier content. Origin: Radiolaria Transposer
dimwishlist:item=1886840007&perks=1840239774,2680121939,3700496672,776531651,2048641572,3523296417,2109543898,253121539
dimwishlist:item=1886840007&perks=2680121939,3700496672,776531651,2048641572,3523296417,2109543898,253121539
dimwishlist:item=1886840007&perks=1840239774,3700496672,776531651,2048641572,3523296417,2109543898,253121539
dimwishlist:item=1886840007&perks=1840239774,2680121939,3700496672,776531651,2048641572,3523296417,2109543898
dimwishlist:item=1886840007&perks=3700496672,776531651,2048641572,3523296417,2109543898,253121539
dimwishlist:item=1886840007&perks=2680121939,3700496672,776531651,2048641572,3523296417,2109543898
dimwishlist:item=1886840007&perks=1840239774,3700496672,776531651,2048641572,3523296417,2109543898
dimwishlist:item=1886840007&perks=3700496672,776531651,2048641572,3523296417,2109543898

// Unsworn
//notes:S-Tier. probably as good as it gets for the kinetic slot, perks + origin excellent. Origin: Subjugation
dimwishlist:item=1303313141&perks=1840239774,2680121939,3700496672,960997401,3418782618,4198902903,1089671869,831391274,1298135794
dimwishlist:item=1303313141&perks=2680121939,3700496672,960997401,3418782618,4198902903,1089671869,831391274,1298135794
dimwishlist:item=1303313141&perks=1840239774,3700496672,960997401,3418782618,4198902903,1089671869,831391274,1298135794
dimwishlist:item=1303313141&perks=1840239774,2680121939,3700496672,960997401,3418782618,4198902903,1089671869,831391274
dimwishlist:item=1303313141&perks=3700496672,960997401,3418782618,4198902903,1089671869,831391274,1298135794
dimwishlist:item=1303313141&perks=2680121939,3700496672,960997401,3418782618,4198902903,1089671869,831391274
dimwishlist:item=1303313141&perks=1840239774,3700496672,960997401,3418782618,4198902903,1089671869,831391274
dimwishlist:item=1303313141&perks=3700496672,960997401,3418782618,4198902903,1089671869,831391274

// Retraced Path
//notes:A-Tier. overshadowed by Chronophage, still decent perks. Origin: Hot Swap
dimwishlist:item=548958835&perks=1840239774,2680121939,3700496672,3523296417,4104185692,4293542123,1260401931
dimwishlist:item=548958835&perks=2680121939,3700496672,3523296417,4104185692,4293542123,1260401931
dimwishlist:item=548958835&perks=1840239774,3700496672,3523296417,4104185692,4293542123,1260401931
dimwishlist:item=548958835&perks=1840239774,2680121939,3700496672,3523296417,4104185692,4293542123
dimwishlist:item=548958835&perks=3700496672,3523296417,4104185692,4293542123,1260401931
dimwishlist:item=548958835&perks=2680121939,3700496672,3523296417,4104185692,4293542123
dimwishlist:item=548958835&perks=1840239774,3700496672,3523296417,4104185692,4293542123
dimwishlist:item=548958835&perks=3700496672,3523296417,4104185692,4293542123

// Path of Least Resistance
//notes:A-Tier. feels excellent but objectively worse than Chronophage. Origin: Ambush
dimwishlist:item=2827764482&perks=1840239774,2680121939,3700496672,2173046394,192157151
dimwishlist:item=2827764482&perks=2680121939,3700496672,2173046394,192157151
dimwishlist:item=2827764482&perks=1840239774,3700496672,2173046394,192157151
dimwishlist:item=2827764482&perks=1840239774,2680121939,3700496672,2173046394
dimwishlist:item=2827764482&perks=3700496672,2173046394,192157151
dimwishlist:item=2827764482&perks=2680121939,3700496672,2173046394
dimwishlist:item=2827764482&perks=1840239774,3700496672,2173046394
dimwishlist:item=2827764482&perks=3700496672,2173046394

// Incisor
//notes:A-Tier. only Slice trace, usable in niche endgame scenarios. Origin: One Quiet Moment
dimwishlist:item=2421180981&perks=1840239774,2680121939,923806249,243981275,831391274,4091460919
dimwishlist:item=2421180981&perks=2680121939,923806249,243981275,831391274,4091460919
dimwishlist:item=2421180981&perks=1840239774,923806249,243981275,831391274,4091460919
dimwishlist:item=2421180981&perks=1840239774,2680121939,923806249,243981275,831391274
dimwishlist:item=2421180981&perks=923806249,243981275,831391274,4091460919
dimwishlist:item=2421180981&perks=2680121939,923806249,243981275,831391274
dimwishlist:item=2421180981&perks=1840239774,923806249,243981275,831391274
dimwishlist:item=2421180981&perks=923806249,243981275,831391274

// Incisor
//notes:A-Tier. only Slice trace, usable in niche endgame scenarios. Origin: One Quiet Moment
dimwishlist:item=2839600459&perks=1840239774,2680121939,923806249,243981275,831391274,4091460919
dimwishlist:item=2839600459&perks=2680121939,923806249,243981275,831391274,4091460919
dimwishlist:item=2839600459&perks=1840239774,923806249,243981275,831391274,4091460919
dimwishlist:item=2839600459&perks=1840239774,2680121939,923806249,243981275,831391274
dimwishlist:item=2839600459&perks=923806249,243981275,831391274,4091460919
dimwishlist:item=2839600459&perks=2680121939,923806249,243981275,831391274
dimwishlist:item=2839600459&perks=1840239774,923806249,243981275,831391274
dimwishlist:item=2839600459&perks=923806249,243981275,831391274

// Incisor
//notes:A-Tier. only Slice trace, usable in niche endgame scenarios. Origin: One Quiet Moment
dimwishlist:item=4248997900&perks=1840239774,2680121939,923806249,243981275,831391274,4091460919
dimwishlist:item=4248997900&perks=2680121939,923806249,243981275,831391274,4091460919
dimwishlist:item=4248997900&perks=1840239774,923806249,243981275,831391274,4091460919
dimwishlist:item=4248997900&perks=1840239774,2680121939,923806249,243981275,831391274
dimwishlist:item=4248997900&perks=923806249,243981275,831391274,4091460919
dimwishlist:item=4248997900&perks=2680121939,923806249,243981275,831391274
dimwishlist:item=4248997900&perks=1840239774,923806249,243981275,831391274
dimwishlist:item=4248997900&perks=923806249,243981275,831391274

// Incisor
//notes:A-Tier. only Slice trace, usable in niche endgame scenarios. Origin: One Quiet Moment
dimwishlist:item=1711056134&perks=1840239774,2680121939,923806249,243981275,831391274,4091460919
dimwishlist:item=1711056134&perks=2680121939,923806249,243981275,831391274,4091460919
dimwishlist:item=1711056134&perks=1840239774,923806249,243981275,831391274,4091460919
dimwishlist:item=1711056134&perks=1840239774,2680121939,923806249,243981275,831391274
dimwishlist:item=1711056134&perks=923806249,243981275,831391274,4091460919
dimwishlist:item=1711056134&perks=2680121939,923806249,243981275,831391274
dimwishlist:item=1711056134&perks=1840239774,923806249,243981275,831391274
dimwishlist:item=1711056134&perks=923806249,243981275,831391274

// Action Item
//notes:A-Tier. best Stasis synergy trace, not much utility otherwise. Origin: Nail, Meet Hammer
dimwishlist:item=437854388&perks=1840239774,2680121939,3993379141,3523296417,1955165503,2922950962,4198902903,124408337,2152442764
dimwishlist:item=437854388&perks=2680121939,3993379141,3523296417,1955165503,2922950962,4198902903,124408337,2152442764
dimwishlist:item=437854388&perks=1840239774,3993379141,3523296417,1955165503,2922950962,4198902903,124408337,2152442764
dimwishlist:item=437854388&perks=1840239774,2680121939,3993379141,3523296417,1955165503,2922950962,4198902903,124408337
dimwishlist:item=437854388&perks=3993379141,3523296417,1955165503,2922950962,4198902903,124408337,2152442764
dimwishlist:item=437854388&perks=2680121939,3993379141,3523296417,1955165503,2922950962,4198902903,124408337
dimwishlist:item=437854388&perks=1840239774,3993379141,3523296417,1955165503,2922950962,4198902903,124408337
dimwishlist:item=437854388&perks=3993379141,3523296417,1955165503,2922950962,4198902903,124408337

// Action Item
//notes:A-Tier. best Stasis synergy trace, not much utility otherwise. Origin: Nail, Meet Hammer
dimwishlist:item=437854389&perks=1840239774,2680121939,3993379141,3523296417,1955165503,2922950962,4198902903,124408337,2152442764
dimwishlist:item=437854389&perks=2680121939,3993379141,3523296417,1955165503,2922950962,4198902903,124408337,2152442764
dimwishlist:item=437854389&perks=1840239774,3993379141,3523296417,1955165503,2922950962,4198902903,124408337,2152442764
dimwishlist:item=437854389&perks=1840239774,2680121939,3993379141,3523296417,1955165503,2922950962,4198902903,124408337
dimwishlist:item=437854389&perks=3993379141,3523296417,1955165503,2922950962,4198902903,124408337,2152442764
dimwishlist:item=437854389&perks=2680121939,3993379141,3523296417,1955165503,2922950962,4198902903,124408337
dimwishlist:item=437854389&perks=1840239774,3993379141,3523296417,1955165503,2922950962,4198902903,124408337
dimwishlist:item=437854389&perks=3993379141,3523296417,1955165503,2922950962,4198902903,124408337

// Action Item
//notes:A-Tier. best Stasis synergy trace, not much utility otherwise. Origin: Nail, Meet Hammer
dimwishlist:item=437854390&perks=1840239774,2680121939,3993379141,3523296417,1955165503,2922950962,4198902903,124408337,2152442764
dimwishlist:item=437854390&perks=2680121939,3993379141,3523296417,1955165503,2922950962,4198902903,124408337,2152442764
dimwishlist:item=437854390&perks=1840239774,3993379141,3523296417,1955165503,2922950962,4198902903,124408337,2152442764
dimwishlist:item=437854390&perks=1840239774,2680121939,3993379141,3523296417,1955165503,2922950962,4198902903,124408337
dimwishlist:item=437854390&perks=3993379141,3523296417,1955165503,2922950962,4198902903,124408337,2152442764
dimwishlist:item=437854390&perks=2680121939,3993379141,3523296417,1955165503,2922950962,4198902903,124408337
dimwishlist:item=437854390&perks=1840239774,3993379141,3523296417,1955165503,2922950962,4198902903,124408337
dimwishlist:item=437854390&perks=3993379141,3523296417,1955165503,2922950962,4198902903,124408337

// Action Item
//notes:A-Tier. best Stasis synergy trace, not much utility otherwise. Origin: Nail, Meet Hammer
dimwishlist:item=437854391&perks=1840239774,2680121939,3993379141,3523296417,1955165503,2922950962,4198902903,124408337,2152442764
dimwishlist:item=437854391&perks=2680121939,3993379141,3523296417,1955165503,2922950962,4198902903,124408337,2152442764
dimwishlist:item=437854391&perks=1840239774,3993379141,3523296417,1955165503,2922950962,4198902903,124408337,2152442764
dimwishlist:item=437854391&perks=1840239774,2680121939,3993379141,3523296417,1955165503,2922950962,4198902903,124408337
dimwishlist:item=437854391&perks=3993379141,3523296417,1955165503,2922950962,4198902903,124408337,2152442764
dimwishlist:item=437854391&perks=2680121939,3993379141,3523296417,1955165503,2922950962,4198902903,124408337
dimwishlist:item=437854391&perks=1840239774,3993379141,3523296417,1955165503,2922950962,4198902903,124408337
dimwishlist:item=437854391&perks=3993379141,3523296417,1955165503,2922950962,4198902903,124408337

// Action Item
//notes:A-Tier. best Stasis synergy trace, not much utility otherwise. Origin: Nail, Meet Hammer
dimwishlist:item=527989828&perks=1840239774,2680121939,3993379141,3523296417,1955165503,2922950962,4198902903,124408337,2152442764
dimwishlist:item=527989828&perks=2680121939,3993379141,3523296417,1955165503,2922950962,4198902903,124408337,2152442764
dimwishlist:item=527989828&perks=1840239774,3993379141,3523296417,1955165503,2922950962,4198902903,124408337,2152442764
dimwishlist:item=527989828&perks=1840239774,2680121939,3993379141,3523296417,1955165503,2922950962,4198902903,124408337
dimwishlist:item=527989828&perks=3993379141,3523296417,1955165503,2922950962,4198902903,124408337,2152442764
dimwishlist:item=527989828&perks=2680121939,3993379141,3523296417,1955165503,2922950962,4198902903,124408337
dimwishlist:item=527989828&perks=1840239774,3993379141,3523296417,1955165503,2922950962,4198902903,124408337
dimwishlist:item=527989828&perks=3993379141,3523296417,1955165503,2922950962,4198902903,124408337

// VS Chill Inhibitor
//notes:S-Tier. almost every possible BiS perk on a heavy GL, origin decent too. Origin: Bray Legacy
dimwishlist:item=1762785662&perks=3525010810,3301904089,3987942396,3751912585,243981275,3078487919,3194351027,3708227201,4139916815
dimwishlist:item=1762785662&perks=3301904089,3987942396,3751912585,243981275,3078487919,3194351027,3708227201,4139916815
dimwishlist:item=1762785662&perks=3525010810,3987942396,3751912585,243981275,3078487919,3194351027,3708227201,4139916815
dimwishlist:item=1762785662&perks=3525010810,3301904089,3987942396,3751912585,243981275,3078487919,3194351027,3708227201
dimwishlist:item=1762785662&perks=3987942396,3751912585,243981275,3078487919,3194351027,3708227201,4139916815
dimwishlist:item=1762785662&perks=3301904089,3987942396,3751912585,243981275,3078487919,3194351027,3708227201
dimwishlist:item=1762785662&perks=3525010810,3987942396,3751912585,243981275,3078487919,3194351027,3708227201
dimwishlist:item=1762785662&perks=3987942396,3751912585,243981275,3078487919,3194351027,3708227201

// The Ever-Present
//notes:S-Tier. best non-Cascade + damage perk rapid HGL option. Origin: Frame of Reference
dimwishlist:item=3177074192&perks=3525010810,3301904089,332133599,3987942396,3764420437,3078487919,1089671869,2597494435
dimwishlist:item=3177074192&perks=3525010810,3301904089,3987942396,3764420437,3078487919,1089671869,2597494435
dimwishlist:item=3177074192&perks=3301904089,332133599,3987942396,3764420437,3078487919,1089671869,2597494435
dimwishlist:item=3177074192&perks=3525010810,332133599,3987942396,3764420437,3078487919,1089671869,2597494435
dimwishlist:item=3177074192&perks=3525010810,3301904089,332133599,3987942396,3764420437,3078487919,1089671869
dimwishlist:item=3177074192&perks=3301904089,3987942396,3764420437,3078487919,1089671869,2597494435
dimwishlist:item=3177074192&perks=3525010810,3987942396,3764420437,3078487919,1089671869,2597494435
dimwishlist:item=3177074192&perks=332133599,3987942396,3764420437,3078487919,1089671869,2597494435
dimwishlist:item=3177074192&perks=3525010810,3301904089,3987942396,3764420437,3078487919,1089671869
dimwishlist:item=3177074192&perks=3301904089,332133599,3987942396,3764420437,3078487919,1089671869
dimwishlist:item=3177074192&perks=3525010810,332133599,3987942396,3764420437,3078487919,1089671869
dimwishlist:item=3177074192&perks=3987942396,3764420437,3078487919,1089671869,2597494435
dimwishlist:item=3177074192&perks=3301904089,3987942396,3764420437,3078487919,1089671869
dimwishlist:item=3177074192&perks=3525010810,3987942396,3764420437,3078487919,1089671869
dimwishlist:item=3177074192&perks=332133599,3987942396,3764420437,3078487919,1089671869
dimwishlist:item=3177074192&perks=3987942396,3764420437,3078487919,1089671869

// Outrageous Fortune
//notes:S-Tier. free exhaust origin + solid damage perks + good archetype. Origin: Problem Solver
dimwishlist:item=4146673634&perks=3525010810,3301904089,3987942396,4293542123,3078487919,3194351027,2396489472,3454102905
dimwishlist:item=4146673634&perks=3301904089,3987942396,4293542123,3078487919,3194351027,2396489472,3454102905
dimwishlist:item=4146673634&perks=3525010810,3987942396,4293542123,3078487919,3194351027,2396489472,3454102905
dimwishlist:item=4146673634&perks=3525010810,3301904089,3987942396,4293542123,3078487919,3194351027,2396489472
dimwishlist:item=4146673634&perks=3987942396,4293542123,3078487919,3194351027,2396489472,3454102905
dimwishlist:item=4146673634&perks=3301904089,3987942396,4293542123,3078487919,3194351027,2396489472
dimwishlist:item=4146673634&perks=3525010810,3987942396,4293542123,3078487919,3194351027,2396489472
dimwishlist:item=4146673634&perks=3987942396,4293542123,3078487919,3194351027,2396489472

// Bitter/Sweet
//notes:A-Tier. classic Envious/Bait adaptive combo. Origin: Dark Ether Reaper
dimwishlist:item=2599338625&perks=3525010810,3301904089,3987942396,3078487919,3751912585,3194351027,2041432007
dimwishlist:item=2599338625&perks=3301904089,3987942396,3078487919,3751912585,3194351027,2041432007
dimwishlist:item=2599338625&perks=3525010810,3987942396,3078487919,3751912585,3194351027,2041432007
dimwishlist:item=2599338625&perks=3525010810,3301904089,3987942396,3078487919,3751912585,3194351027
dimwishlist:item=2599338625&perks=3987942396,3078487919,3751912585,3194351027,2041432007
dimwishlist:item=2599338625&perks=3301904089,3987942396,3078487919,3751912585,3194351027
dimwishlist:item=2599338625&perks=3525010810,3987942396,3078487919,3751912585,3194351027
dimwishlist:item=2599338625&perks=3987942396,3078487919,3751912585,3194351027

// Wicked Sister
//notes:A-Tier. classic Envious/Bait adaptive combo. Origin: Nadir Focus
dimwishlist:item=2039776723&perks=3525010810,3301904089,3987942396,3078487919,3751912585,3194351027,2509860981
dimwishlist:item=2039776723&perks=3301904089,3987942396,3078487919,3751912585,3194351027,2509860981
dimwishlist:item=2039776723&perks=3525010810,3987942396,3078487919,3751912585,3194351027,2509860981
dimwishlist:item=2039776723&perks=3525010810,3301904089,3987942396,3078487919,3751912585,3194351027
dimwishlist:item=2039776723&perks=3987942396,3078487919,3751912585,3194351027,2509860981
dimwishlist:item=2039776723&perks=3301904089,3987942396,3078487919,3751912585,3194351027
dimwishlist:item=2039776723&perks=3525010810,3987942396,3078487919,3751912585,3194351027
dimwishlist:item=2039776723&perks=3987942396,3078487919,3751912585,3194351027

// Edge Transit
BRAVE version
//notes:A-Tier. Envious Assassin worse than Arsenal, but has sticky + EL access. Origin: Indomitability
dimwishlist:item=2228325504&perks=3525010810,3301904089,968510818,3751912585,2396489472,3078487919,3194351027,3993379141,2489430594
dimwishlist:item=2228325504&perks=3301904089,968510818,3751912585,2396489472,3078487919,3194351027,3993379141,2489430594
dimwishlist:item=2228325504&perks=3525010810,968510818,3751912585,2396489472,3078487919,3194351027,3993379141,2489430594
dimwishlist:item=2228325504&perks=3525010810,3301904089,968510818,3751912585,2396489472,3078487919,3194351027,3993379141
dimwishlist:item=2228325504&perks=968510818,3751912585,2396489472,3078487919,3194351027,3993379141,2489430594
dimwishlist:item=2228325504&perks=3301904089,968510818,3751912585,2396489472,3078487919,3194351027,3993379141
dimwishlist:item=2228325504&perks=3525010810,968510818,3751912585,2396489472,3078487919,3194351027,3993379141
dimwishlist:item=2228325504&perks=968510818,3751912585,2396489472,3078487919,3194351027,3993379141

// Edge Transit
BRAVE version
//notes:A-Tier. Envious Assassin worse than Arsenal, but has sticky + EL access. Origin: Indomitability
dimwishlist:item=568611923&perks=3525010810,3301904089,968510818,3751912585,2396489472,3078487919,3194351027,3993379141,2489430594
dimwishlist:item=568611923&perks=3301904089,968510818,3751912585,2396489472,3078487919,3194351027,3993379141,2489430594
dimwishlist:item=568611923&perks=3525010810,968510818,3751912585,2396489472,3078487919,3194351027,3993379141,2489430594
dimwishlist:item=568611923&perks=3525010810,3301904089,968510818,3751912585,2396489472,3078487919,3194351027,3993379141
dimwishlist:item=568611923&perks=968510818,3751912585,2396489472,3078487919,3194351027,3993379141,2489430594
dimwishlist:item=568611923&perks=3301904089,968510818,3751912585,2396489472,3078487919,3194351027,3993379141
dimwishlist:item=568611923&perks=3525010810,968510818,3751912585,2396489472,3078487919,3194351027,3993379141
dimwishlist:item=568611923&perks=968510818,3751912585,2396489472,3078487919,3194351027,3993379141

// Cataphract GL3
//notes:A-Tier. run of the mill Envious/BnS adaptive. Origin: Roar of Battle
dimwishlist:item=2738601016&perks=3525010810,3301904089,3300816228,3078487919,3194351027
dimwishlist:item=2738601016&perks=3301904089,3300816228,3078487919,3194351027
dimwishlist:item=2738601016&perks=3525010810,3300816228,3078487919,3194351027
dimwishlist:item=2738601016&perks=3300816228,3078487919,3194351027

// Cataphract GL3
//notes:A-Tier. run of the mill Envious/BnS adaptive. Origin: Roar of Battle
dimwishlist:item=3805679279&perks=3525010810,3301904089,3987942396,3300816228,3078487919,3194351027,1673863459
dimwishlist:item=3805679279&perks=3301904089,3987942396,3300816228,3078487919,3194351027,1673863459
dimwishlist:item=3805679279&perks=3525010810,3987942396,3300816228,3078487919,3194351027,1673863459
dimwishlist:item=3805679279&perks=3525010810,3301904089,3987942396,3300816228,3078487919,3194351027
dimwishlist:item=3805679279&perks=3987942396,3300816228,3078487919,3194351027,1673863459
dimwishlist:item=3805679279&perks=3301904089,3987942396,3300816228,3078487919,3194351027
dimwishlist:item=3805679279&perks=3525010810,3987942396,3300816228,3078487919,3194351027
dimwishlist:item=3805679279&perks=3987942396,3300816228,3078487919,3194351027

// Cataphract GL3
//notes:A-Tier. run of the mill Envious/BnS adaptive. Origin: Roar of Battle
dimwishlist:item=874623537&perks=3525010810,3301904089,3300816228,3078487919,3194351027
dimwishlist:item=874623537&perks=3301904089,3300816228,3078487919,3194351027
dimwishlist:item=874623537&perks=3525010810,3300816228,3078487919,3194351027
dimwishlist:item=874623537&perks=3300816228,3078487919,3194351027

// Scintillation
//notes:S-Tier. basically perfect LFR roll, maybe Honing one day. Origin: Veist Stinger
dimwishlist:item=2591257541&perks=839105230,689005463,2680121939,3418782618,1799762209,3078487919,3708227201,3988215619
dimwishlist:item=2591257541&perks=839105230,689005463,3418782618,1799762209,3078487919,3708227201,3988215619
dimwishlist:item=2591257541&perks=689005463,2680121939,3418782618,1799762209,3078487919,3708227201,3988215619
dimwishlist:item=2591257541&perks=839105230,2680121939,3418782618,1799762209,3078487919,3708227201,3988215619
dimwishlist:item=2591257541&perks=839105230,689005463,2680121939,3418782618,1799762209,3078487919,3708227201
dimwishlist:item=2591257541&perks=689005463,3418782618,1799762209,3078487919,3708227201,3988215619
dimwishlist:item=2591257541&perks=839105230,3418782618,1799762209,3078487919,3708227201,3988215619
dimwishlist:item=2591257541&perks=2680121939,3418782618,1799762209,3078487919,3708227201,3988215619
dimwishlist:item=2591257541&perks=839105230,689005463,3418782618,1799762209,3078487919,3708227201
dimwishlist:item=2591257541&perks=689005463,2680121939,3418782618,1799762209,3078487919,3708227201
dimwishlist:item=2591257541&perks=839105230,2680121939,3418782618,1799762209,3078487919,3708227201
dimwishlist:item=2591257541&perks=3418782618,1799762209,3078487919,3708227201,3988215619
dimwishlist:item=2591257541&perks=689005463,3418782618,1799762209,3078487919,3708227201
dimwishlist:item=2591257541&perks=839105230,3418782618,1799762209,3078487919,3708227201
dimwishlist:item=2591257541&perks=2680121939,3418782618,1799762209,3078487919,3708227201
dimwishlist:item=2591257541&perks=3418782618,1799762209,3078487919,3708227201

// Scintillation
//notes:S-Tier. basically perfect LFR roll, maybe Honing one day. Origin: Veist Stinger
dimwishlist:item=1492522228&perks=839105230,689005463,2680121939,3418782618,1799762209,3078487919,3708227201,3988215619
dimwishlist:item=1492522228&perks=839105230,689005463,3418782618,1799762209,3078487919,3708227201,3988215619
dimwishlist:item=1492522228&perks=689005463,2680121939,3418782618,1799762209,3078487919,3708227201,3988215619
dimwishlist:item=1492522228&perks=839105230,2680121939,3418782618,1799762209,3078487919,3708227201,3988215619
dimwishlist:item=1492522228&perks=839105230,689005463,2680121939,3418782618,1799762209,3078487919,3708227201
dimwishlist:item=1492522228&perks=689005463,3418782618,1799762209,3078487919,3708227201,3988215619
dimwishlist:item=1492522228&perks=839105230,3418782618,1799762209,3078487919,3708227201,3988215619
dimwishlist:item=1492522228&perks=2680121939,3418782618,1799762209,3078487919,3708227201,3988215619
dimwishlist:item=1492522228&perks=839105230,689005463,3418782618,1799762209,3078487919,3708227201
dimwishlist:item=1492522228&perks=689005463,2680121939,3418782618,1799762209,3078487919,3708227201
dimwishlist:item=1492522228&perks=839105230,2680121939,3418782618,1799762209,3078487919,3708227201
dimwishlist:item=1492522228&perks=3418782618,1799762209,3078487919,3708227201,3988215619
dimwishlist:item=1492522228&perks=689005463,3418782618,1799762209,3078487919,3708227201
dimwishlist:item=1492522228&perks=839105230,3418782618,1799762209,3078487919,3708227201
dimwishlist:item=1492522228&perks=2680121939,3418782618,1799762209,3078487919,3708227201
dimwishlist:item=1492522228&perks=3418782618,1799762209,3078487919,3708227201

// Mistral Lift
//notes:S-Tier. Arsenal worse than Rewind for dump-style weapon. Origin: Veist Stinger
dimwishlist:item=3483485727&perks=839105230,689005463,2680121939,3987942396,1523832109,1134488199,3078487919,555281244,3988215619
dimwishlist:item=3483485727&perks=839105230,689005463,3987942396,1523832109,1134488199,3078487919,555281244,3988215619
dimwishlist:item=3483485727&perks=689005463,2680121939,3987942396,1523832109,1134488199,3078487919,555281244,3988215619
dimwishlist:item=3483485727&perks=839105230,2680121939,3987942396,1523832109,1134488199,3078487919,555281244,3988215619
dimwishlist:item=3483485727&perks=839105230,689005463,2680121939,3987942396,1523832109,1134488199,3078487919,555281244
dimwishlist:item=3483485727&perks=689005463,3987942396,1523832109,1134488199,3078487919,555281244,3988215619
dimwishlist:item=3483485727&perks=839105230,3987942396,1523832109,1134488199,3078487919,555281244,3988215619
dimwishlist:item=3483485727&perks=2680121939,3987942396,1523832109,1134488199,3078487919,555281244,3988215619
dimwishlist:item=3483485727&perks=839105230,689005463,3987942396,1523832109,1134488199,3078487919,555281244
dimwishlist:item=3483485727&perks=689005463,2680121939,3987942396,1523832109,1134488199,3078487919,555281244
dimwishlist:item=3483485727&perks=839105230,2680121939,3987942396,1523832109,1134488199,3078487919,555281244
dimwishlist:item=3483485727&perks=3987942396,1523832109,1134488199,3078487919,555281244,3988215619
dimwishlist:item=3483485727&perks=689005463,3987942396,1523832109,1134488199,3078487919,555281244
dimwishlist:item=3483485727&perks=839105230,3987942396,1523832109,1134488199,3078487919,555281244
dimwishlist:item=3483485727&perks=2680121939,3987942396,1523832109,1134488199,3078487919,555281244
dimwishlist:item=3483485727&perks=3987942396,1523832109,1134488199,3078487919,555281244

// Mistral Lift
//notes:S-Tier. Arsenal worse than Rewind for dump-style weapon. Origin: Veist Stinger
dimwishlist:item=270610849&perks=839105230,689005463,2680121939,3987942396,1523832109,1134488199,3078487919,555281244,3988215619
dimwishlist:item=270610849&perks=839105230,689005463,3987942396,1523832109,1134488199,3078487919,555281244,3988215619
dimwishlist:item=270610849&perks=689005463,2680121939,3987942396,1523832109,1134488199,3078487919,555281244,3988215619
dimwishlist:item=270610849&perks=839105230,2680121939,3987942396,1523832109,1134488199,3078487919,555281244,3988215619
dimwishlist:item=270610849&perks=839105230,689005463,2680121939,3987942396,1523832109,1134488199,3078487919,555281244
dimwishlist:item=270610849&perks=689005463,3987942396,1523832109,1134488199,3078487919,555281244,3988215619
dimwishlist:item=270610849&perks=839105230,3987942396,1523832109,1134488199,3078487919,555281244,3988215619
dimwishlist:item=270610849&perks=2680121939,3987942396,1523832109,1134488199,3078487919,555281244,3988215619
dimwishlist:item=270610849&perks=839105230,689005463,3987942396,1523832109,1134488199,3078487919,555281244
dimwishlist:item=270610849&perks=689005463,2680121939,3987942396,1523832109,1134488199,3078487919,555281244
dimwishlist:item=270610849&perks=839105230,2680121939,3987942396,1523832109,1134488199,3078487919,555281244
dimwishlist:item=270610849&perks=3987942396,1523832109,1134488199,3078487919,555281244,3988215619
dimwishlist:item=270610849&perks=689005463,3987942396,1523832109,1134488199,3078487919,555281244
dimwishlist:item=270610849&perks=839105230,3987942396,1523832109,1134488199,3078487919,555281244
dimwishlist:item=270610849&perks=2680121939,3987942396,1523832109,1134488199,3078487919,555281244
dimwishlist:item=270610849&perks=3987942396,1523832109,1134488199,3078487919,555281244

// Mistral Lift
//notes:S-Tier. Arsenal worse than Rewind for dump-style weapon. Origin: Veist Stinger
dimwishlist:item=766122634&perks=839105230,689005463,2680121939,3987942396,1523832109,1134488199,3078487919,555281244,3988215619
dimwishlist:item=766122634&perks=839105230,689005463,3987942396,1523832109,1134488199,3078487919,555281244,3988215619
dimwishlist:item=766122634&perks=689005463,2680121939,3987942396,1523832109,1134488199,3078487919,555281244,3988215619
dimwishlist:item=766122634&perks=839105230,2680121939,3987942396,1523832109,1134488199,3078487919,555281244,3988215619
dimwishlist:item=766122634&perks=839105230,689005463,2680121939,3987942396,1523832109,1134488199,3078487919,555281244
dimwishlist:item=766122634&perks=689005463,3987942396,1523832109,1134488199,3078487919,555281244,3988215619
dimwishlist:item=766122634&perks=839105230,3987942396,1523832109,1134488199,3078487919,555281244,3988215619
dimwishlist:item=766122634&perks=2680121939,3987942396,1523832109,1134488199,3078487919,555281244,3988215619
dimwishlist:item=766122634&perks=839105230,689005463,3987942396,1523832109,1134488199,3078487919,555281244
dimwishlist:item=766122634&perks=689005463,2680121939,3987942396,1523832109,1134488199,3078487919,555281244
dimwishlist:item=766122634&perks=839105230,2680121939,3987942396,1523832109,1134488199,3078487919,555281244
dimwishlist:item=766122634&perks=3987942396,1523832109,1134488199,3078487919,555281244,3988215619
dimwishlist:item=766122634&perks=689005463,3987942396,1523832109,1134488199,3078487919,555281244
dimwishlist:item=766122634&perks=839105230,3987942396,1523832109,1134488199,3078487919,555281244
dimwishlist:item=766122634&perks=2680121939,3987942396,1523832109,1134488199,3078487919,555281244
dimwishlist:item=766122634&perks=3987942396,1523832109,1134488199,3078487919,555281244

// Boomslang-4fr
//notes:A-Tier. worse damage perks than S tier options. Origin: Veist Stinger
dimwishlist:item=3926153598&perks=839105230,689005463,2680121939,3987942396,247725512,555281244,1427256713,3988215619
dimwishlist:item=3926153598&perks=839105230,689005463,3987942396,247725512,555281244,1427256713,3988215619
dimwishlist:item=3926153598&perks=689005463,2680121939,3987942396,247725512,555281244,1427256713,3988215619
dimwishlist:item=3926153598&perks=839105230,2680121939,3987942396,247725512,555281244,1427256713,3988215619
dimwishlist:item=3926153598&perks=839105230,689005463,2680121939,3987942396,247725512,555281244,1427256713
dimwishlist:item=3926153598&perks=689005463,3987942396,247725512,555281244,1427256713,3988215619
dimwishlist:item=3926153598&perks=839105230,3987942396,247725512,555281244,1427256713,3988215619
dimwishlist:item=3926153598&perks=2680121939,3987942396,247725512,555281244,1427256713,3988215619
dimwishlist:item=3926153598&perks=839105230,689005463,3987942396,247725512,555281244,1427256713
dimwishlist:item=3926153598&perks=689005463,2680121939,3987942396,247725512,555281244,1427256713
dimwishlist:item=3926153598&perks=839105230,2680121939,3987942396,247725512,555281244,1427256713
dimwishlist:item=3926153598&perks=3987942396,247725512,555281244,1427256713,3988215619
dimwishlist:item=3926153598&perks=689005463,3987942396,247725512,555281244,1427256713
dimwishlist:item=3926153598&perks=839105230,3987942396,247725512,555281244,1427256713
dimwishlist:item=3926153598&perks=2680121939,3987942396,247725512,555281244,1427256713
dimwishlist:item=3926153598&perks=3987942396,247725512,555281244,1427256713

// Doomed Petitioner
//notes:A-Tier. Assassin worse than Arsenal on Boomslang. Origin: Dragon's Vengeance
dimwishlist:item=1501688142&perks=839105230,689005463,2680121939,968510818,1523832109,3708227201,555281244,3978094547
dimwishlist:item=1501688142&perks=839105230,689005463,968510818,1523832109,3708227201,555281244,3978094547
dimwishlist:item=1501688142&perks=689005463,2680121939,968510818,1523832109,3708227201,555281244,3978094547
dimwishlist:item=1501688142&perks=839105230,2680121939,968510818,1523832109,3708227201,555281244,3978094547
dimwishlist:item=1501688142&perks=839105230,689005463,2680121939,968510818,1523832109,3708227201,555281244
dimwishlist:item=1501688142&perks=689005463,968510818,1523832109,3708227201,555281244,3978094547
dimwishlist:item=1501688142&perks=839105230,968510818,1523832109,3708227201,555281244,3978094547
dimwishlist:item=1501688142&perks=2680121939,968510818,1523832109,3708227201,555281244,3978094547
dimwishlist:item=1501688142&perks=839105230,689005463,968510818,1523832109,3708227201,555281244
dimwishlist:item=1501688142&perks=689005463,2680121939,968510818,1523832109,3708227201,555281244
dimwishlist:item=1501688142&perks=839105230,2680121939,968510818,1523832109,3708227201,555281244
dimwishlist:item=1501688142&perks=968510818,1523832109,3708227201,555281244,3978094547
dimwishlist:item=1501688142&perks=689005463,968510818,1523832109,3708227201,555281244
dimwishlist:item=1501688142&perks=839105230,968510818,1523832109,3708227201,555281244
dimwishlist:item=1501688142&perks=2680121939,968510818,1523832109,3708227201,555281244
dimwishlist:item=1501688142&perks=968510818,1523832109,3708227201,555281244

// Cataclysmic
//notes:A-Tier. still highest total damage linear, excellent FTTC user. Origin: Souldrinker
dimwishlist:item=2886339027&perks=1840239774,689005463,2680121939,1354429876,3078487919,3363267119
dimwishlist:item=2886339027&perks=1840239774,689005463,1354429876,3078487919,3363267119
dimwishlist:item=2886339027&perks=689005463,2680121939,1354429876,3078487919,3363267119
dimwishlist:item=2886339027&perks=1840239774,2680121939,1354429876,3078487919,3363267119
dimwishlist:item=2886339027&perks=1840239774,689005463,2680121939,1354429876,3078487919
dimwishlist:item=2886339027&perks=689005463,1354429876,3078487919,3363267119
dimwishlist:item=2886339027&perks=1840239774,1354429876,3078487919,3363267119
dimwishlist:item=2886339027&perks=2680121939,1354429876,3078487919,3363267119
dimwishlist:item=2886339027&perks=1840239774,689005463,1354429876,3078487919
dimwishlist:item=2886339027&perks=689005463,2680121939,1354429876,3078487919
dimwishlist:item=2886339027&perks=1840239774,2680121939,1354429876,3078487919
dimwishlist:item=2886339027&perks=1354429876,3078487919,3363267119
dimwishlist:item=2886339027&perks=689005463,1354429876,3078487919
dimwishlist:item=2886339027&perks=1840239774,1354429876,3078487919
dimwishlist:item=2886339027&perks=2680121939,1354429876,3078487919
dimwishlist:item=2886339027&perks=1354429876,3078487919

// Cataclysmic
//notes:A-Tier. still highest total damage linear, excellent FTTC user. Origin: Souldrinker
dimwishlist:item=999767358&perks=1840239774,689005463,2680121939,1354429876,3078487919,3363267119
dimwishlist:item=999767358&perks=1840239774,689005463,1354429876,3078487919,3363267119
dimwishlist:item=999767358&perks=689005463,2680121939,1354429876,3078487919,3363267119
dimwishlist:item=999767358&perks=1840239774,2680121939,1354429876,3078487919,3363267119
dimwishlist:item=999767358&perks=1840239774,689005463,2680121939,1354429876,3078487919
dimwishlist:item=999767358&perks=689005463,1354429876,3078487919,3363267119
dimwishlist:item=999767358&perks=1840239774,1354429876,3078487919,3363267119
dimwishlist:item=999767358&perks=2680121939,1354429876,3078487919,3363267119
dimwishlist:item=999767358&perks=1840239774,689005463,1354429876,3078487919
dimwishlist:item=999767358&perks=689005463,2680121939,1354429876,3078487919
dimwishlist:item=999767358&perks=1840239774,2680121939,1354429876,3078487919
dimwishlist:item=999767358&perks=1354429876,3078487919,3363267119
dimwishlist:item=999767358&perks=689005463,1354429876,3078487919
dimwishlist:item=999767358&perks=1840239774,1354429876,3078487919
dimwishlist:item=999767358&perks=2680121939,1354429876,3078487919
dimwishlist:item=999767358&perks=1354429876,3078487919

// Briar's Contempt
//notes:A-Tier. more situational Rewind linear, but still solid. Origin: Harmonic Resonance
dimwishlist:item=2890082420&perks=839105230,689005463,2680121939,3418782618,3708227201,2896038713,3186078099
dimwishlist:item=2890082420&perks=839105230,689005463,3418782618,3708227201,2896038713,3186078099
dimwishlist:item=2890082420&perks=689005463,2680121939,3418782618,3708227201,2896038713,3186078099
dimwishlist:item=2890082420&perks=839105230,2680121939,3418782618,3708227201,2896038713,3186078099
dimwishlist:item=2890082420&perks=839105230,689005463,2680121939,3418782618,3708227201,2896038713
dimwishlist:item=2890082420&perks=689005463,3418782618,3708227201,2896038713,3186078099
dimwishlist:item=2890082420&perks=839105230,3418782618,3708227201,2896038713,3186078099
dimwishlist:item=2890082420&perks=2680121939,3418782618,3708227201,2896038713,3186078099
dimwishlist:item=2890082420&perks=839105230,689005463,3418782618,3708227201,2896038713
dimwishlist:item=2890082420&perks=689005463,2680121939,3418782618,3708227201,2896038713
dimwishlist:item=2890082420&perks=839105230,2680121939,3418782618,3708227201,2896038713
dimwishlist:item=2890082420&perks=3418782618,3708227201,2896038713,3186078099
dimwishlist:item=2890082420&perks=689005463,3418782618,3708227201,2896038713
dimwishlist:item=2890082420&perks=839105230,3418782618,3708227201,2896038713
dimwishlist:item=2890082420&perks=2680121939,3418782618,3708227201,2896038713
dimwishlist:item=2890082420&perks=3418782618,3708227201,2896038713

// Briar's Contempt
//notes:A-Tier. more situational Rewind linear, but still solid. Origin: Harmonic Resonance
dimwishlist:item=1491665733&perks=839105230,689005463,2680121939,3418782618,3708227201,2896038713,3186078099
dimwishlist:item=1491665733&perks=839105230,689005463,3418782618,3708227201,2896038713,3186078099
dimwishlist:item=1491665733&perks=689005463,2680121939,3418782618,3708227201,2896038713,3186078099
dimwishlist:item=1491665733&perks=839105230,2680121939,3418782618,3708227201,2896038713,3186078099
dimwishlist:item=1491665733&perks=839105230,689005463,2680121939,3418782618,3708227201,2896038713
dimwishlist:item=1491665733&perks=689005463,3418782618,3708227201,2896038713,3186078099
dimwishlist:item=1491665733&perks=839105230,3418782618,3708227201,2896038713,3186078099
dimwishlist:item=1491665733&perks=2680121939,3418782618,3708227201,2896038713,3186078099
dimwishlist:item=1491665733&perks=839105230,689005463,3418782618,3708227201,2896038713
dimwishlist:item=1491665733&perks=689005463,2680121939,3418782618,3708227201,2896038713
dimwishlist:item=1491665733&perks=839105230,2680121939,3418782618,3708227201,2896038713
dimwishlist:item=1491665733&perks=3418782618,3708227201,2896038713,3186078099
dimwishlist:item=1491665733&perks=689005463,3418782618,3708227201,2896038713
dimwishlist:item=1491665733&perks=839105230,3418782618,3708227201,2896038713
dimwishlist:item=1491665733&perks=2680121939,3418782618,3708227201,2896038713
dimwishlist:item=1491665733&perks=3418782618,3708227201,2896038713

// Song of Ir Yut
//notes:S-Tier. excellent origin trait and great neutral perks. Origin: Cursed Thrall
dimwishlist:item=2828278545&perks=839105230,1840239774,1087426260,3523296417,1523832109,2319119708,3078487919,1156201379
dimwishlist:item=2828278545&perks=839105230,1087426260,3523296417,1523832109,2319119708,3078487919,1156201379
dimwishlist:item=2828278545&perks=1840239774,1087426260,3523296417,1523832109,2319119708,3078487919,1156201379
dimwishlist:item=2828278545&perks=839105230,1840239774,3523296417,1523832109,2319119708,3078487919,1156201379
dimwishlist:item=2828278545&perks=839105230,1840239774,1087426260,3523296417,1523832109,2319119708,3078487919
dimwishlist:item=2828278545&perks=1087426260,3523296417,1523832109,2319119708,3078487919,1156201379
dimwishlist:item=2828278545&perks=839105230,3523296417,1523832109,2319119708,3078487919,1156201379
dimwishlist:item=2828278545&perks=1840239774,3523296417,1523832109,2319119708,3078487919,1156201379
dimwishlist:item=2828278545&perks=839105230,1087426260,3523296417,1523832109,2319119708,3078487919
dimwishlist:item=2828278545&perks=1840239774,1087426260,3523296417,1523832109,2319119708,3078487919
dimwishlist:item=2828278545&perks=839105230,1840239774,3523296417,1523832109,2319119708,3078487919
dimwishlist:item=2828278545&perks=3523296417,1523832109,2319119708,3078487919,1156201379
dimwishlist:item=2828278545&perks=1087426260,3523296417,1523832109,2319119708,3078487919
dimwishlist:item=2828278545&perks=839105230,3523296417,1523832109,2319119708,3078487919
dimwishlist:item=2828278545&perks=1840239774,3523296417,1523832109,2319119708,3078487919
dimwishlist:item=2828278545&perks=3523296417,1523832109,2319119708,3078487919

// Song of Ir Yut
//notes:S-Tier. excellent origin trait and great neutral perks. Origin: Cursed Thrall
dimwishlist:item=407511664&perks=839105230,1840239774,1087426260,3523296417,1523832109,2319119708,3078487919,1156201379
dimwishlist:item=407511664&perks=839105230,1087426260,3523296417,1523832109,2319119708,3078487919,1156201379
dimwishlist:item=407511664&perks=1840239774,1087426260,3523296417,1523832109,2319119708,3078487919,1156201379
dimwishlist:item=407511664&perks=839105230,1840239774,3523296417,1523832109,2319119708,3078487919,1156201379
dimwishlist:item=407511664&perks=839105230,1840239774,1087426260,3523296417,1523832109,2319119708,3078487919
dimwishlist:item=407511664&perks=1087426260,3523296417,1523832109,2319119708,3078487919,1156201379
dimwishlist:item=407511664&perks=839105230,3523296417,1523832109,2319119708,3078487919,1156201379
dimwishlist:item=407511664&perks=1840239774,3523296417,1523832109,2319119708,3078487919,1156201379
dimwishlist:item=407511664&perks=839105230,1087426260,3523296417,1523832109,2319119708,3078487919
dimwishlist:item=407511664&perks=1840239774,1087426260,3523296417,1523832109,2319119708,3078487919
dimwishlist:item=407511664&perks=839105230,1840239774,3523296417,1523832109,2319119708,3078487919
dimwishlist:item=407511664&perks=3523296417,1523832109,2319119708,3078487919,1156201379
dimwishlist:item=407511664&perks=1087426260,3523296417,1523832109,2319119708,3078487919
dimwishlist:item=407511664&perks=839105230,3523296417,1523832109,2319119708,3078487919
dimwishlist:item=407511664&perks=1840239774,3523296417,1523832109,2319119708,3078487919
dimwishlist:item=407511664&perks=3523296417,1523832109,2319119708,3078487919

// Qua Vinctus IV
//notes:S-Tier. great overall perk combo, archetype is decent. Origin: Accelerated Assault
dimwishlist:item=4176551594&perks=839105230,1840239774,2420895100,3523296417,831391274,923806249,657025441,557221067,3713579091
dimwishlist:item=4176551594&perks=839105230,2420895100,3523296417,831391274,923806249,657025441,557221067,3713579091
dimwishlist:item=4176551594&perks=1840239774,2420895100,3523296417,831391274,923806249,657025441,557221067,3713579091
dimwishlist:item=4176551594&perks=839105230,1840239774,3523296417,831391274,923806249,657025441,557221067,3713579091
dimwishlist:item=4176551594&perks=839105230,1840239774,2420895100,3523296417,831391274,923806249,657025441,557221067
dimwishlist:item=4176551594&perks=2420895100,3523296417,831391274,923806249,657025441,557221067,3713579091
dimwishlist:item=4176551594&perks=839105230,3523296417,831391274,923806249,657025441,557221067,3713579091
dimwishlist:item=4176551594&perks=1840239774,3523296417,831391274,923806249,657025441,557221067,3713579091
dimwishlist:item=4176551594&perks=839105230,2420895100,3523296417,831391274,923806249,657025441,557221067
dimwishlist:item=4176551594&perks=1840239774,2420895100,3523296417,831391274,923806249,657025441,557221067
dimwishlist:item=4176551594&perks=839105230,1840239774,3523296417,831391274,923806249,657025441,557221067
dimwishlist:item=4176551594&perks=3523296417,831391274,923806249,657025441,557221067,3713579091
dimwishlist:item=4176551594&perks=2420895100,3523296417,831391274,923806249,657025441,557221067
dimwishlist:item=4176551594&perks=839105230,3523296417,831391274,923806249,657025441,557221067
dimwishlist:item=4176551594&perks=1840239774,3523296417,831391274,923806249,657025441,557221067
dimwishlist:item=4176551594&perks=3523296417,831391274,923806249,657025441,557221067

// Qua Vinctus IV
//notes:S-Tier. great overall perk combo, archetype is decent. Origin: Accelerated Assault
dimwishlist:item=337893613&perks=839105230,1840239774,2420895100,3523296417,831391274,923806249,657025441,557221067
dimwishlist:item=337893613&perks=839105230,2420895100,3523296417,831391274,923806249,657025441,557221067
dimwishlist:item=337893613&perks=1840239774,2420895100,3523296417,831391274,923806249,657025441,557221067
dimwishlist:item=337893613&perks=839105230,1840239774,3523296417,831391274,923806249,657025441,557221067
dimwishlist:item=337893613&perks=2420895100,3523296417,831391274,923806249,657025441,557221067
dimwishlist:item=337893613&perks=839105230,3523296417,831391274,923806249,657025441,557221067
dimwishlist:item=337893613&perks=1840239774,3523296417,831391274,923806249,657025441,557221067
dimwishlist:item=337893613&perks=3523296417,831391274,923806249,657025441,557221067

// Pro Memoria
//notes:S-Tier. solid origin and great neutral perks. Origin: Dealer's Choice
dimwishlist:item=3605603507&perks=839105230,1840239774,2420895100,3523296417,1523832109,831391274,2109543898,3078487919,2848615171,1988485648
dimwishlist:item=3605603507&perks=839105230,2420895100,3523296417,1523832109,831391274,2109543898,3078487919,2848615171,1988485648
dimwishlist:item=3605603507&perks=1840239774,2420895100,3523296417,1523832109,831391274,2109543898,3078487919,2848615171,1988485648
dimwishlist:item=3605603507&perks=839105230,1840239774,3523296417,1523832109,831391274,2109543898,3078487919,2848615171,1988485648
dimwishlist:item=3605603507&perks=839105230,1840239774,2420895100,3523296417,1523832109,831391274,2109543898,3078487919,2848615171
dimwishlist:item=3605603507&perks=2420895100,3523296417,1523832109,831391274,2109543898,3078487919,2848615171,1988485648
dimwishlist:item=3605603507&perks=839105230,3523296417,1523832109,831391274,2109543898,3078487919,2848615171,1988485648
dimwishlist:item=3605603507&perks=1840239774,3523296417,1523832109,831391274,2109543898,3078487919,2848615171,1988485648
dimwishlist:item=3605603507&perks=839105230,2420895100,3523296417,1523832109,831391274,2109543898,3078487919,2848615171
dimwishlist:item=3605603507&perks=1840239774,2420895100,3523296417,1523832109,831391274,2109543898,3078487919,2848615171
dimwishlist:item=3605603507&perks=839105230,1840239774,3523296417,1523832109,831391274,2109543898,3078487919,2848615171
dimwishlist:item=3605603507&perks=3523296417,1523832109,831391274,2109543898,3078487919,2848615171,1988485648
dimwishlist:item=3605603507&perks=2420895100,3523296417,1523832109,831391274,2109543898,3078487919,2848615171
dimwishlist:item=3605603507&perks=839105230,3523296417,1523832109,831391274,2109543898,3078487919,2848615171
dimwishlist:item=3605603507&perks=1840239774,3523296417,1523832109,831391274,2109543898,3078487919,2848615171
dimwishlist:item=3605603507&perks=3523296417,1523832109,831391274,2109543898,3078487919,2848615171

// Ulterior Observation
//notes:S-Tier. solid origin and great neutral perks. Origin: Exhaustive Research
dimwishlist:item=1079872540&perks=839105230,1840239774,2420895100,3523296417,124408337,3987942396,2848615171,1955165503,557221067,1906137414
dimwishlist:item=1079872540&perks=839105230,2420895100,3523296417,124408337,3987942396,2848615171,1955165503,557221067,1906137414
dimwishlist:item=1079872540&perks=1840239774,2420895100,3523296417,124408337,3987942396,2848615171,1955165503,557221067,1906137414
dimwishlist:item=1079872540&perks=839105230,1840239774,3523296417,124408337,3987942396,2848615171,1955165503,557221067,1906137414
dimwishlist:item=1079872540&perks=839105230,1840239774,2420895100,3523296417,124408337,3987942396,2848615171,1955165503,557221067
dimwishlist:item=1079872540&perks=2420895100,3523296417,124408337,3987942396,2848615171,1955165503,557221067,1906137414
dimwishlist:item=1079872540&perks=839105230,3523296417,124408337,3987942396,2848615171,1955165503,557221067,1906137414
dimwishlist:item=1079872540&perks=1840239774,3523296417,124408337,3987942396,2848615171,1955165503,557221067,1906137414
dimwishlist:item=1079872540&perks=839105230,2420895100,3523296417,124408337,3987942396,2848615171,1955165503,557221067
dimwishlist:item=1079872540&perks=1840239774,2420895100,3523296417,124408337,3987942396,2848615171,1955165503,557221067
dimwishlist:item=1079872540&perks=839105230,1840239774,3523296417,124408337,3987942396,2848615171,1955165503,557221067
dimwishlist:item=1079872540&perks=3523296417,124408337,3987942396,2848615171,1955165503,557221067,1906137414
dimwishlist:item=1079872540&perks=2420895100,3523296417,124408337,3987942396,2848615171,1955165503,557221067
dimwishlist:item=1079872540&perks=839105230,3523296417,124408337,3987942396,2848615171,1955165503,557221067
dimwishlist:item=1079872540&perks=1840239774,3523296417,124408337,3987942396,2848615171,1955165503,557221067
dimwishlist:item=1079872540&perks=3523296417,124408337,3987942396,2848615171,1955165503,557221067

// Corrective Measure
//notes:S-Tier. great origin and good neutral perks with option for double splash/damage. Origin: Timelost Magazine
dimwishlist:item=2334480463&perks=839105230,1840239774,106909392,2048641572,3824105627,3523296417,4049631843,1464081238,557221067,2589407652
dimwishlist:item=2334480463&perks=839105230,106909392,2048641572,3824105627,3523296417,4049631843,1464081238,557221067,2589407652
dimwishlist:item=2334480463&perks=1840239774,106909392,2048641572,3824105627,3523296417,4049631843,1464081238,557221067,2589407652
dimwishlist:item=2334480463&perks=839105230,1840239774,2048641572,3824105627,3523296417,4049631843,1464081238,557221067,2589407652
dimwishlist:item=2334480463&perks=839105230,1840239774,106909392,2048641572,3824105627,3523296417,4049631843,1464081238,557221067
dimwishlist:item=2334480463&perks=106909392,2048641572,3824105627,3523296417,4049631843,1464081238,557221067,2589407652
dimwishlist:item=2334480463&perks=839105230,2048641572,3824105627,3523296417,4049631843,1464081238,557221067,2589407652
dimwishlist:item=2334480463&perks=1840239774,2048641572,3824105627,3523296417,4049631843,1464081238,557221067,2589407652
dimwishlist:item=2334480463&perks=839105230,106909392,2048641572,3824105627,3523296417,4049631843,1464081238,557221067
dimwishlist:item=2334480463&perks=1840239774,106909392,2048641572,3824105627,3523296417,4049631843,1464081238,557221067
dimwishlist:item=2334480463&perks=839105230,1840239774,2048641572,3824105627,3523296417,4049631843,1464081238,557221067
dimwishlist:item=2334480463&perks=2048641572,3824105627,3523296417,4049631843,1464081238,557221067,2589407652
dimwishlist:item=2334480463&perks=106909392,2048641572,3824105627,3523296417,4049631843,1464081238,557221067
dimwishlist:item=2334480463&perks=839105230,2048641572,3824105627,3523296417,4049631843,1464081238,557221067
dimwishlist:item=2334480463&perks=1840239774,2048641572,3824105627,3523296417,4049631843,1464081238,557221067
dimwishlist:item=2334480463&perks=2048641572,3824105627,3523296417,4049631843,1464081238,557221067

// Corrective Measure
//notes:S-Tier. great origin and good neutral perks with option for double splash/damage. Origin: Timelost Magazine
dimwishlist:item=3796510434&perks=839105230,1840239774,106909392,3824105627,3523296417,4049631843
dimwishlist:item=3796510434&perks=839105230,106909392,3824105627,3523296417,4049631843
dimwishlist:item=3796510434&perks=1840239774,106909392,3824105627,3523296417,4049631843
dimwishlist:item=3796510434&perks=839105230,1840239774,3824105627,3523296417,4049631843
dimwishlist:item=3796510434&perks=106909392,3824105627,3523296417,4049631843
dimwishlist:item=3796510434&perks=839105230,3824105627,3523296417,4049631843
dimwishlist:item=3796510434&perks=1840239774,3824105627,3523296417,4049631843
dimwishlist:item=3796510434&perks=3824105627,3523296417,4049631843

// Corrective Measure
//notes:S-Tier. great origin and good neutral perks with option for double splash/damage. Origin: Timelost Magazine
dimwishlist:item=3654744298&perks=839105230,1840239774,106909392,2048641572,3824105627,3523296417,4049631843,1464081238,557221067,2589407652
dimwishlist:item=3654744298&perks=839105230,106909392,2048641572,3824105627,3523296417,4049631843,1464081238,557221067,2589407652
dimwishlist:item=3654744298&perks=1840239774,106909392,2048641572,3824105627,3523296417,4049631843,1464081238,557221067,2589407652
dimwishlist:item=3654744298&perks=839105230,1840239774,2048641572,3824105627,3523296417,4049631843,1464081238,557221067,2589407652
dimwishlist:item=3654744298&perks=839105230,1840239774,106909392,2048641572,3824105627,3523296417,4049631843,1464081238,557221067
dimwishlist:item=3654744298&perks=106909392,2048641572,3824105627,3523296417,4049631843,1464081238,557221067,2589407652
dimwishlist:item=3654744298&perks=839105230,2048641572,3824105627,3523296417,4049631843,1464081238,557221067,2589407652
dimwishlist:item=3654744298&perks=1840239774,2048641572,3824105627,3523296417,4049631843,1464081238,557221067,2589407652
dimwishlist:item=3654744298&perks=839105230,106909392,2048641572,3824105627,3523296417,4049631843,1464081238,557221067
dimwishlist:item=3654744298&perks=1840239774,106909392,2048641572,3824105627,3523296417,4049631843,1464081238,557221067
dimwishlist:item=3654744298&perks=839105230,1840239774,2048641572,3824105627,3523296417,4049631843,1464081238,557221067
dimwishlist:item=3654744298&perks=2048641572,3824105627,3523296417,4049631843,1464081238,557221067,2589407652
dimwishlist:item=3654744298&perks=106909392,2048641572,3824105627,3523296417,4049631843,1464081238,557221067
dimwishlist:item=3654744298&perks=839105230,2048641572,3824105627,3523296417,4049631843,1464081238,557221067
dimwishlist:item=3654744298&perks=1840239774,2048641572,3824105627,3523296417,4049631843,1464081238,557221067
dimwishlist:item=3654744298&perks=2048641572,3824105627,3523296417,4049631843,1464081238,557221067

// Corrective Measure
//notes:S-Tier. great origin and good neutral perks with option for double splash/damage. Origin: Timelost Magazine
dimwishlist:item=471518543&perks=839105230,1840239774,106909392,3824105627,3523296417,4049631843
dimwishlist:item=471518543&perks=839105230,106909392,3824105627,3523296417,4049631843
dimwishlist:item=471518543&perks=1840239774,106909392,3824105627,3523296417,4049631843
dimwishlist:item=471518543&perks=839105230,1840239774,3824105627,3523296417,4049631843
dimwishlist:item=471518543&perks=106909392,3824105627,3523296417,4049631843
dimwishlist:item=471518543&perks=839105230,3824105627,3523296417,4049631843
dimwishlist:item=471518543&perks=1840239774,3824105627,3523296417,4049631843
dimwishlist:item=471518543&perks=3824105627,3523296417,4049631843

// Terminus Horizon
RotN version
//notes:A-Tier. Arc splash perks mediocre on LMGs, great first column though. Origin: Gravity Well
dimwishlist:item=2730671571&perks=839105230,1840239774,1431678320,3523296417,1523832109,2848615171,3218042543,557221067,3966416502,59871045
dimwishlist:item=2730671571&perks=839105230,1431678320,3523296417,1523832109,2848615171,3218042543,557221067,3966416502,59871045
dimwishlist:item=2730671571&perks=1840239774,1431678320,3523296417,1523832109,2848615171,3218042543,557221067,3966416502,59871045
dimwishlist:item=2730671571&perks=839105230,1840239774,3523296417,1523832109,2848615171,3218042543,557221067,3966416502,59871045
dimwishlist:item=2730671571&perks=839105230,1840239774,1431678320,3523296417,1523832109,2848615171,3218042543,557221067,3966416502
dimwishlist:item=2730671571&perks=1431678320,3523296417,1523832109,2848615171,3218042543,557221067,3966416502,59871045
dimwishlist:item=2730671571&perks=839105230,3523296417,1523832109,2848615171,3218042543,557221067,3966416502,59871045
dimwishlist:item=2730671571&perks=1840239774,3523296417,1523832109,2848615171,3218042543,557221067,3966416502,59871045
dimwishlist:item=2730671571&perks=839105230,1431678320,3523296417,1523832109,2848615171,3218042543,557221067,3966416502
dimwishlist:item=2730671571&perks=1840239774,1431678320,3523296417,1523832109,2848615171,3218042543,557221067,3966416502
dimwishlist:item=2730671571&perks=839105230,1840239774,3523296417,1523832109,2848615171,3218042543,557221067,3966416502
dimwishlist:item=2730671571&perks=3523296417,1523832109,2848615171,3218042543,557221067,3966416502,59871045
dimwishlist:item=2730671571&perks=1431678320,3523296417,1523832109,2848615171,3218042543,557221067,3966416502
dimwishlist:item=2730671571&perks=839105230,3523296417,1523832109,2848615171,3218042543,557221067,3966416502
dimwishlist:item=2730671571&perks=1840239774,3523296417,1523832109,2848615171,3218042543,557221067,3966416502
dimwishlist:item=2730671571&perks=3523296417,1523832109,2848615171,3218042543,557221067,3966416502

// Terminus Horizon
RotN version
//notes:A-Tier. Arc splash perks mediocre on LMGs, great first column though. Origin: Gravity Well
dimwishlist:item=3984556130&perks=839105230,1840239774,1431678320,3523296417,1523832109,2848615171,3218042543,557221067,3966416502,59871045
dimwishlist:item=3984556130&perks=839105230,1431678320,3523296417,1523832109,2848615171,3218042543,557221067,3966416502,59871045
dimwishlist:item=3984556130&perks=1840239774,1431678320,3523296417,1523832109,2848615171,3218042543,557221067,3966416502,59871045
dimwishlist:item=3984556130&perks=839105230,1840239774,3523296417,1523832109,2848615171,3218042543,557221067,3966416502,59871045
dimwishlist:item=3984556130&perks=839105230,1840239774,1431678320,3523296417,1523832109,2848615171,3218042543,557221067,3966416502
dimwishlist:item=3984556130&perks=1431678320,3523296417,1523832109,2848615171,3218042543,557221067,3966416502,59871045
dimwishlist:item=3984556130&perks=839105230,3523296417,1523832109,2848615171,3218042543,557221067,3966416502,59871045
dimwishlist:item=3984556130&perks=1840239774,3523296417,1523832109,2848615171,3218042543,557221067,3966416502,59871045
dimwishlist:item=3984556130&perks=839105230,1431678320,3523296417,1523832109,2848615171,3218042543,557221067,3966416502
dimwishlist:item=3984556130&perks=1840239774,1431678320,3523296417,1523832109,2848615171,3218042543,557221067,3966416502
dimwishlist:item=3984556130&perks=839105230,1840239774,3523296417,1523832109,2848615171,3218042543,557221067,3966416502
dimwishlist:item=3984556130&perks=3523296417,1523832109,2848615171,3218042543,557221067,3966416502,59871045
dimwishlist:item=3984556130&perks=1431678320,3523296417,1523832109,2848615171,3218042543,557221067,3966416502
dimwishlist:item=3984556130&perks=839105230,3523296417,1523832109,2848615171,3218042543,557221067,3966416502
dimwishlist:item=3984556130&perks=1840239774,3523296417,1523832109,2848615171,3218042543,557221067,3966416502
dimwishlist:item=3984556130&perks=3523296417,1523832109,2848615171,3218042543,557221067,3966416502

// Terminus Horizon
RotN version
//notes:A-Tier. Arc splash perks mediocre on LMGs, great first column though. Origin: Gravity Well
dimwishlist:item=487205709&perks=839105230,1840239774,1431678320,3523296417,2848615171
dimwishlist:item=487205709&perks=839105230,1431678320,3523296417,2848615171
dimwishlist:item=487205709&perks=1840239774,1431678320,3523296417,2848615171
dimwishlist:item=487205709&perks=839105230,1840239774,3523296417,2848615171
dimwishlist:item=487205709&perks=1431678320,3523296417,2848615171
dimwishlist:item=487205709&perks=839105230,3523296417,2848615171
dimwishlist:item=487205709&perks=1840239774,3523296417,2848615171
dimwishlist:item=487205709&perks=3523296417,2848615171

// Commemoration
//notes:A-Tier. solid neutral combos but nothing special. Origin: Bray Inheritance
dimwishlist:item=4230965989&perks=839105230,1840239774,1087426260,1523832109,2848615171,1820235745,557221067,776531651,766321425
dimwishlist:item=4230965989&perks=839105230,1087426260,1523832109,2848615171,1820235745,557221067,776531651,766321425
dimwishlist:item=4230965989&perks=1840239774,1087426260,1523832109,2848615171,1820235745,557221067,776531651,766321425
dimwishlist:item=4230965989&perks=839105230,1840239774,1523832109,2848615171,1820235745,557221067,776531651,766321425
dimwishlist:item=4230965989&perks=839105230,1840239774,1087426260,1523832109,2848615171,1820235745,557221067,776531651
dimwishlist:item=4230965989&perks=1087426260,1523832109,2848615171,1820235745,557221067,776531651,766321425
dimwishlist:item=4230965989&perks=839105230,1523832109,2848615171,1820235745,557221067,776531651,766321425
dimwishlist:item=4230965989&perks=1840239774,1523832109,2848615171,1820235745,557221067,776531651,766321425
dimwishlist:item=4230965989&perks=839105230,1087426260,1523832109,2848615171,1820235745,557221067,776531651
dimwishlist:item=4230965989&perks=1840239774,1087426260,1523832109,2848615171,1820235745,557221067,776531651
dimwishlist:item=4230965989&perks=839105230,1840239774,1523832109,2848615171,1820235745,557221067,776531651
dimwishlist:item=4230965989&perks=1523832109,2848615171,1820235745,557221067,776531651,766321425
dimwishlist:item=4230965989&perks=1087426260,1523832109,2848615171,1820235745,557221067,776531651
dimwishlist:item=4230965989&perks=839105230,1523832109,2848615171,1820235745,557221067,776531651
dimwishlist:item=4230965989&perks=1840239774,1523832109,2848615171,1820235745,557221067,776531651
dimwishlist:item=4230965989&perks=1523832109,2848615171,1820235745,557221067,776531651

// Hammerhead
BRAVE version
//notes:A-Tier. no Demo in first column, no splash in second column. Origin: Indomitability
dimwishlist:item=211732170&perks=839105230,1840239774,2420895100,2048641572,3418782618,1354429876,557221067,2109543898,95528736,2489430594
dimwishlist:item=211732170&perks=839105230,2420895100,2048641572,3418782618,1354429876,557221067,2109543898,95528736,2489430594
dimwishlist:item=211732170&perks=1840239774,2420895100,2048641572,3418782618,1354429876,557221067,2109543898,95528736,2489430594
dimwishlist:item=211732170&perks=839105230,1840239774,2048641572,3418782618,1354429876,557221067,2109543898,95528736,2489430594
dimwishlist:item=211732170&perks=839105230,1840239774,2420895100,2048641572,3418782618,1354429876,557221067,2109543898,95528736
dimwishlist:item=211732170&perks=2420895100,2048641572,3418782618,1354429876,557221067,2109543898,95528736,2489430594
dimwishlist:item=211732170&perks=839105230,2048641572,3418782618,1354429876,557221067,2109543898,95528736,2489430594
dimwishlist:item=211732170&perks=1840239774,2048641572,3418782618,1354429876,557221067,2109543898,95528736,2489430594
dimwishlist:item=211732170&perks=839105230,2420895100,2048641572,3418782618,1354429876,557221067,2109543898,95528736
dimwishlist:item=211732170&perks=1840239774,2420895100,2048641572,3418782618,1354429876,557221067,2109543898,95528736
dimwishlist:item=211732170&perks=839105230,1840239774,2048641572,3418782618,1354429876,557221067,2109543898,95528736
dimwishlist:item=211732170&perks=2048641572,3418782618,1354429876,557221067,2109543898,95528736,2489430594
dimwishlist:item=211732170&perks=2420895100,2048641572,3418782618,1354429876,557221067,2109543898,95528736
dimwishlist:item=211732170&perks=839105230,2048641572,3418782618,1354429876,557221067,2109543898,95528736
dimwishlist:item=211732170&perks=1840239774,2048641572,3418782618,1354429876,557221067,2109543898,95528736
dimwishlist:item=211732170&perks=2048641572,3418782618,1354429876,557221067,2109543898,95528736

// Hammerhead
BRAVE version
//notes:A-Tier. no Demo in first column, no splash in second column. Origin: Indomitability
dimwishlist:item=1896309757&perks=839105230,1840239774,2420895100,2048641572,3418782618,1354429876,557221067,2109543898,95528736,2489430594
dimwishlist:item=1896309757&perks=839105230,2420895100,2048641572,3418782618,1354429876,557221067,2109543898,95528736,2489430594
dimwishlist:item=1896309757&perks=1840239774,2420895100,2048641572,3418782618,1354429876,557221067,2109543898,95528736,2489430594
dimwishlist:item=1896309757&perks=839105230,1840239774,2048641572,3418782618,1354429876,557221067,2109543898,95528736,2489430594
dimwishlist:item=1896309757&perks=839105230,1840239774,2420895100,2048641572,3418782618,1354429876,557221067,2109543898,95528736
dimwishlist:item=1896309757&perks=2420895100,2048641572,3418782618,1354429876,557221067,2109543898,95528736,2489430594
dimwishlist:item=1896309757&perks=839105230,2048641572,3418782618,1354429876,557221067,2109543898,95528736,2489430594
dimwishlist:item=1896309757&perks=1840239774,2048641572,3418782618,1354429876,557221067,2109543898,95528736,2489430594
dimwishlist:item=1896309757&perks=839105230,2420895100,2048641572,3418782618,1354429876,557221067,2109543898,95528736
dimwishlist:item=1896309757&perks=1840239774,2420895100,2048641572,3418782618,1354429876,557221067,2109543898,95528736
dimwishlist:item=1896309757&perks=839105230,1840239774,2048641572,3418782618,1354429876,557221067,2109543898,95528736
dimwishlist:item=1896309757&perks=2048641572,3418782618,1354429876,557221067,2109543898,95528736,2489430594
dimwishlist:item=1896309757&perks=2420895100,2048641572,3418782618,1354429876,557221067,2109543898,95528736
dimwishlist:item=1896309757&perks=839105230,2048641572,3418782618,1354429876,557221067,2109543898,95528736
dimwishlist:item=1896309757&perks=1840239774,2048641572,3418782618,1354429876,557221067,2109543898,95528736
dimwishlist:item=1896309757&perks=2048641572,3418782618,1354429876,557221067,2109543898,95528736

// Avalanche
//notes:A-Tier. decent first column, splash in second but no consistent damage perk. Origin: Dawning Surprise
dimwishlist:item=4220529694&perks=839105230,1840239774,106909392,3300816228,1820235745,4293542123,3751912585,4264904777
dimwishlist:item=4220529694&perks=839105230,106909392,3300816228,1820235745,4293542123,3751912585,4264904777
dimwishlist:item=4220529694&perks=1840239774,106909392,3300816228,1820235745,4293542123,3751912585,4264904777
dimwishlist:item=4220529694&perks=839105230,1840239774,3300816228,1820235745,4293542123,3751912585,4264904777
dimwishlist:item=4220529694&perks=839105230,1840239774,106909392,3300816228,1820235745,4293542123,3751912585
dimwishlist:item=4220529694&perks=106909392,3300816228,1820235745,4293542123,3751912585,4264904777
dimwishlist:item=4220529694&perks=839105230,3300816228,1820235745,4293542123,3751912585,4264904777
dimwishlist:item=4220529694&perks=1840239774,3300816228,1820235745,4293542123,3751912585,4264904777
dimwishlist:item=4220529694&perks=839105230,106909392,3300816228,1820235745,4293542123,3751912585
dimwishlist:item=4220529694&perks=1840239774,106909392,3300816228,1820235745,4293542123,3751912585
dimwishlist:item=4220529694&perks=839105230,1840239774,3300816228,1820235745,4293542123,3751912585
dimwishlist:item=4220529694&perks=3300816228,1820235745,4293542123,3751912585,4264904777
dimwishlist:item=4220529694&perks=106909392,3300816228,1820235745,4293542123,3751912585
dimwishlist:item=4220529694&perks=839105230,3300816228,1820235745,4293542123,3751912585
dimwishlist:item=4220529694&perks=1840239774,3300816228,1820235745,4293542123,3751912585
dimwishlist:item=4220529694&perks=3300816228,1820235745,4293542123,3751912585

// Avalanche
//notes:A-Tier. decent first column, splash in second but no consistent damage perk. Origin: Dawning Surprise
dimwishlist:item=66875353&perks=106909392,3300816228,1820235745,2848615171
dimwishlist:item=66875353&perks=3300816228,1820235745,2848615171

// Avalanche
//notes:A-Tier. decent first column, splash in second but no consistent damage perk. Origin: Dawning Surprise
dimwishlist:item=495940989&perks=839105230,1840239774,106909392,3300816228,1820235745,4293542123,3751912585,4264904777
dimwishlist:item=495940989&perks=839105230,106909392,3300816228,1820235745,4293542123,3751912585,4264904777
dimwishlist:item=495940989&perks=1840239774,106909392,3300816228,1820235745,4293542123,3751912585,4264904777
dimwishlist:item=495940989&perks=839105230,1840239774,3300816228,1820235745,4293542123,3751912585,4264904777
dimwishlist:item=495940989&perks=839105230,1840239774,106909392,3300816228,1820235745,4293542123,3751912585
dimwishlist:item=495940989&perks=106909392,3300816228,1820235745,4293542123,3751912585,4264904777
dimwishlist:item=495940989&perks=839105230,3300816228,1820235745,4293542123,3751912585,4264904777
dimwishlist:item=495940989&perks=1840239774,3300816228,1820235745,4293542123,3751912585,4264904777
dimwishlist:item=495940989&perks=839105230,106909392,3300816228,1820235745,4293542123,3751912585
dimwishlist:item=495940989&perks=1840239774,106909392,3300816228,1820235745,4293542123,3751912585
dimwishlist:item=495940989&perks=839105230,1840239774,3300816228,1820235745,4293542123,3751912585
dimwishlist:item=495940989&perks=3300816228,1820235745,4293542123,3751912585,4264904777
dimwishlist:item=495940989&perks=106909392,3300816228,1820235745,4293542123,3751912585
dimwishlist:item=495940989&perks=839105230,3300816228,1820235745,4293542123,3751912585
dimwishlist:item=495940989&perks=1840239774,3300816228,1820235745,4293542123,3751912585
dimwishlist:item=495940989&perks=3300816228,1820235745,4293542123,3751912585

// Avalanche
//notes:A-Tier. decent first column, splash in second but no consistent damage perk. Origin: Dawning Surprise
dimwishlist:item=1845978721&perks=839105230,1840239774,106909392,3300816228,1820235745,2848615171,4293542123,3751912585,2610012052,4264904777
dimwishlist:item=1845978721&perks=839105230,106909392,3300816228,1820235745,2848615171,4293542123,3751912585,2610012052,4264904777
dimwishlist:item=1845978721&perks=1840239774,106909392,3300816228,1820235745,2848615171,4293542123,3751912585,2610012052,4264904777
dimwishlist:item=1845978721&perks=839105230,1840239774,3300816228,1820235745,2848615171,4293542123,3751912585,2610012052,4264904777
dimwishlist:item=1845978721&perks=839105230,1840239774,106909392,3300816228,1820235745,2848615171,4293542123,3751912585,2610012052
dimwishlist:item=1845978721&perks=106909392,3300816228,1820235745,2848615171,4293542123,3751912585,2610012052,4264904777
dimwishlist:item=1845978721&perks=839105230,3300816228,1820235745,2848615171,4293542123,3751912585,2610012052,4264904777
dimwishlist:item=1845978721&perks=1840239774,3300816228,1820235745,2848615171,4293542123,3751912585,2610012052,4264904777
dimwishlist:item=1845978721&perks=839105230,106909392,3300816228,1820235745,2848615171,4293542123,3751912585,2610012052
dimwishlist:item=1845978721&perks=1840239774,106909392,3300816228,1820235745,2848615171,4293542123,3751912585,2610012052
dimwishlist:item=1845978721&perks=839105230,1840239774,3300816228,1820235745,2848615171,4293542123,3751912585,2610012052
dimwishlist:item=1845978721&perks=3300816228,1820235745,2848615171,4293542123,3751912585,2610012052,4264904777
dimwishlist:item=1845978721&perks=106909392,3300816228,1820235745,2848615171,4293542123,3751912585,2610012052
dimwishlist:item=1845978721&perks=839105230,3300816228,1820235745,2848615171,4293542123,3751912585,2610012052
dimwishlist:item=1845978721&perks=1840239774,3300816228,1820235745,2848615171,4293542123,3751912585,2610012052
dimwishlist:item=1845978721&perks=3300816228,1820235745,2848615171,4293542123,3751912585,2610012052

// Unwavering Duty
//notes:A-Tier. no Demo in first column, splash in first is interesting but combos aren't great. Origin: Roar of Battle
dimwishlist:item=2759251821&perks=839105230,1840239774,2420895100,4293542123,3300816228,557221067
dimwishlist:item=2759251821&perks=839105230,2420895100,4293542123,3300816228,557221067
dimwishlist:item=2759251821&perks=1840239774,2420895100,4293542123,3300816228,557221067
dimwishlist:item=2759251821&perks=839105230,1840239774,4293542123,3300816228,557221067
dimwishlist:item=2759251821&perks=2420895100,4293542123,3300816228,557221067
dimwishlist:item=2759251821&perks=839105230,4293542123,3300816228,557221067
dimwishlist:item=2759251821&perks=1840239774,4293542123,3300816228,557221067
dimwishlist:item=2759251821&perks=4293542123,3300816228,557221067

// Unwavering Duty
//notes:A-Tier. no Demo in first column, splash in first is interesting but combos aren't great. Origin: Roar of Battle
dimwishlist:item=3444632029&perks=839105230,1840239774,2420895100,4293542123,3300816228,557221067
dimwishlist:item=3444632029&perks=839105230,2420895100,4293542123,3300816228,557221067
dimwishlist:item=3444632029&perks=1840239774,2420895100,4293542123,3300816228,557221067
dimwishlist:item=3444632029&perks=839105230,1840239774,4293542123,3300816228,557221067
dimwishlist:item=3444632029&perks=2420895100,4293542123,3300816228,557221067
dimwishlist:item=3444632029&perks=839105230,4293542123,3300816228,557221067
dimwishlist:item=3444632029&perks=1840239774,4293542123,3300816228,557221067
dimwishlist:item=3444632029&perks=4293542123,3300816228,557221067

// Unwavering Duty
//notes:A-Tier. no Demo in first column, splash in first is interesting but combos aren't great. Origin: Roar of Battle
dimwishlist:item=3489054606&perks=839105230,1840239774,2420895100,4293542123,1354429876,3300816228,557221067,365154968,2890807135,1673863459
dimwishlist:item=3489054606&perks=839105230,2420895100,4293542123,1354429876,3300816228,557221067,365154968,2890807135,1673863459
dimwishlist:item=3489054606&perks=1840239774,2420895100,4293542123,1354429876,3300816228,557221067,365154968,2890807135,1673863459
dimwishlist:item=3489054606&perks=839105230,1840239774,4293542123,1354429876,3300816228,557221067,365154968,2890807135,1673863459
dimwishlist:item=3489054606&perks=839105230,1840239774,2420895100,4293542123,1354429876,3300816228,557221067,365154968,2890807135
dimwishlist:item=3489054606&perks=2420895100,4293542123,1354429876,3300816228,557221067,365154968,2890807135,1673863459
dimwishlist:item=3489054606&perks=839105230,4293542123,1354429876,3300816228,557221067,365154968,2890807135,1673863459
dimwishlist:item=3489054606&perks=1840239774,4293542123,1354429876,3300816228,557221067,365154968,2890807135,1673863459
dimwishlist:item=3489054606&perks=839105230,2420895100,4293542123,1354429876,3300816228,557221067,365154968,2890807135
dimwishlist:item=3489054606&perks=1840239774,2420895100,4293542123,1354429876,3300816228,557221067,365154968,2890807135
dimwishlist:item=3489054606&perks=839105230,1840239774,4293542123,1354429876,3300816228,557221067,365154968,2890807135
dimwishlist:item=3489054606&perks=4293542123,1354429876,3300816228,557221067,365154968,2890807135,1673863459
dimwishlist:item=3489054606&perks=2420895100,4293542123,1354429876,3300816228,557221067,365154968,2890807135
dimwishlist:item=3489054606&perks=839105230,4293542123,1354429876,3300816228,557221067,365154968,2890807135
dimwishlist:item=3489054606&perks=1840239774,4293542123,1354429876,3300816228,557221067,365154968,2890807135
dimwishlist:item=3489054606&perks=4293542123,1354429876,3300816228,557221067,365154968,2890807135

// Unwavering Duty
//notes:A-Tier. no Demo in first column, splash in first is interesting but combos aren't great. Origin: Roar of Battle
dimwishlist:item=3624844116&perks=839105230,1840239774,2420895100,4293542123,3300816228,557221067
dimwishlist:item=3624844116&perks=839105230,2420895100,4293542123,3300816228,557221067
dimwishlist:item=3624844116&perks=1840239774,2420895100,4293542123,3300816228,557221067
dimwishlist:item=3624844116&perks=839105230,1840239774,4293542123,3300816228,557221067
dimwishlist:item=3624844116&perks=2420895100,4293542123,3300816228,557221067
dimwishlist:item=3624844116&perks=839105230,4293542123,3300816228,557221067
dimwishlist:item=3624844116&perks=1840239774,4293542123,3300816228,557221067
dimwishlist:item=3624844116&perks=4293542123,3300816228,557221067

// Unwavering Duty
//notes:A-Tier. no Demo in first column, splash in first is interesting but combos aren't great. Origin: Roar of Battle
dimwishlist:item=906840740&perks=839105230,1840239774,2420895100,4293542123,3300816228,557221067
dimwishlist:item=906840740&perks=839105230,2420895100,4293542123,3300816228,557221067
dimwishlist:item=906840740&perks=1840239774,2420895100,4293542123,3300816228,557221067
dimwishlist:item=906840740&perks=839105230,1840239774,4293542123,3300816228,557221067
dimwishlist:item=906840740&perks=2420895100,4293542123,3300816228,557221067
dimwishlist:item=906840740&perks=839105230,4293542123,3300816228,557221067
dimwishlist:item=906840740&perks=1840239774,4293542123,3300816228,557221067
dimwishlist:item=906840740&perks=4293542123,3300816228,557221067

// Speleologist
//notes:A-Tier. Envious usable on LMGs, great origin, just missing good loader perk. Origin: Radiolaria Transposer
dimwishlist:item=412251536&perks=839105230,1840239774,1087426260,968510818,3017780555,3993379141,4293542123,557221067,4049631843,253121539
dimwishlist:item=412251536&perks=839105230,1087426260,968510818,3017780555,3993379141,4293542123,557221067,4049631843,253121539
dimwishlist:item=412251536&perks=1840239774,1087426260,968510818,3017780555,3993379141,4293542123,557221067,4049631843,253121539
dimwishlist:item=412251536&perks=839105230,1840239774,968510818,3017780555,3993379141,4293542123,557221067,4049631843,253121539
dimwishlist:item=412251536&perks=839105230,1840239774,1087426260,968510818,3017780555,3993379141,4293542123,557221067,4049631843
dimwishlist:item=412251536&perks=1087426260,968510818,3017780555,3993379141,4293542123,557221067,4049631843,253121539
dimwishlist:item=412251536&perks=839105230,968510818,3017780555,3993379141,4293542123,557221067,4049631843,253121539
dimwishlist:item=412251536&perks=1840239774,968510818,3017780555,3993379141,4293542123,557221067,4049631843,253121539
dimwishlist:item=412251536&perks=839105230,1087426260,968510818,3017780555,3993379141,4293542123,557221067,4049631843
dimwishlist:item=412251536&perks=1840239774,1087426260,968510818,3017780555,3993379141,4293542123,557221067,4049631843
dimwishlist:item=412251536&perks=839105230,1840239774,968510818,3017780555,3993379141,4293542123,557221067,4049631843
dimwishlist:item=412251536&perks=968510818,3017780555,3993379141,4293542123,557221067,4049631843,253121539
dimwishlist:item=412251536&perks=1087426260,968510818,3017780555,3993379141,4293542123,557221067,4049631843
dimwishlist:item=412251536&perks=839105230,968510818,3017780555,3993379141,4293542123,557221067,4049631843
dimwishlist:item=412251536&perks=1840239774,968510818,3017780555,3993379141,4293542123,557221067,4049631843
dimwishlist:item=412251536&perks=968510818,3017780555,3993379141,4293542123,557221067,4049631843

// Archon's Thunder
//notes:A-Tier. classic stasis perk combo, just no good loader perk. Origin: Skulking Wolf
dimwishlist:item=2896109856&perks=839105230,1840239774,106909392,1955165503,1421772400,1354429876,124408337,2109543898,557221067,3989629871
dimwishlist:item=2896109856&perks=839105230,106909392,1955165503,1421772400,1354429876,124408337,2109543898,557221067,3989629871
dimwishlist:item=2896109856&perks=1840239774,106909392,1955165503,1421772400,1354429876,124408337,2109543898,557221067,3989629871
dimwishlist:item=2896109856&perks=839105230,1840239774,1955165503,1421772400,1354429876,124408337,2109543898,557221067,3989629871
dimwishlist:item=2896109856&perks=839105230,1840239774,106909392,1955165503,1421772400,1354429876,124408337,2109543898,557221067
dimwishlist:item=2896109856&perks=106909392,1955165503,1421772400,1354429876,124408337,2109543898,557221067,3989629871
dimwishlist:item=2896109856&perks=839105230,1955165503,1421772400,1354429876,124408337,2109543898,557221067,3989629871
dimwishlist:item=2896109856&perks=1840239774,1955165503,1421772400,1354429876,124408337,2109543898,557221067,3989629871
dimwishlist:item=2896109856&perks=839105230,106909392,1955165503,1421772400,1354429876,124408337,2109543898,557221067
dimwishlist:item=2896109856&perks=1840239774,106909392,1955165503,1421772400,1354429876,124408337,2109543898,557221067
dimwishlist:item=2896109856&perks=839105230,1840239774,1955165503,1421772400,1354429876,124408337,2109543898,557221067
dimwishlist:item=2896109856&perks=1955165503,1421772400,1354429876,124408337,2109543898,557221067,3989629871
dimwishlist:item=2896109856&perks=106909392,1955165503,1421772400,1354429876,124408337,2109543898,557221067
dimwishlist:item=2896109856&perks=839105230,1955165503,1421772400,1354429876,124408337,2109543898,557221067
dimwishlist:item=2896109856&perks=1840239774,1955165503,1421772400,1354429876,124408337,2109543898,557221067
dimwishlist:item=2896109856&perks=1955165503,1421772400,1354429876,124408337,2109543898,557221067

// Watchful Eye
//notes:A-Tier. Arc splash perks mediocre on LMGs, okay first column. Origin: Runneth Over
dimwishlist:item=2856225832&perks=839105230,1840239774,1087426260,3643424744,2869569095,3966416502,557221067,3218042543,120721526
dimwishlist:item=2856225832&perks=839105230,1087426260,3643424744,2869569095,3966416502,557221067,3218042543,120721526
dimwishlist:item=2856225832&perks=1840239774,1087426260,3643424744,2869569095,3966416502,557221067,3218042543,120721526
dimwishlist:item=2856225832&perks=839105230,1840239774,3643424744,2869569095,3966416502,557221067,3218042543,120721526
dimwishlist:item=2856225832&perks=839105230,1840239774,1087426260,3643424744,2869569095,3966416502,557221067,3218042543
dimwishlist:item=2856225832&perks=1087426260,3643424744,2869569095,3966416502,557221067,3218042543,120721526
dimwishlist:item=2856225832&perks=839105230,3643424744,2869569095,3966416502,557221067,3218042543,120721526
dimwishlist:item=2856225832&perks=1840239774,3643424744,2869569095,3966416502,557221067,3218042543,120721526
dimwishlist:item=2856225832&perks=839105230,1087426260,3643424744,2869569095,3966416502,557221067,3218042543
dimwishlist:item=2856225832&perks=1840239774,1087426260,3643424744,2869569095,3966416502,557221067,3218042543
dimwishlist:item=2856225832&perks=839105230,1840239774,3643424744,2869569095,3966416502,557221067,3218042543
dimwishlist:item=2856225832&perks=3643424744,2869569095,3966416502,557221067,3218042543,120721526
dimwishlist:item=2856225832&perks=1087426260,3643424744,2869569095,3966416502,557221067,3218042543
dimwishlist:item=2856225832&perks=839105230,3643424744,2869569095,3966416502,557221067,3218042543
dimwishlist:item=2856225832&perks=1840239774,3643424744,2869569095,3966416502,557221067,3218042543
dimwishlist:item=2856225832&perks=3643424744,2869569095,3966416502,557221067,3218042543

// Watchful Eye
//notes:A-Tier. Arc splash perks mediocre on LMGs, okay first column. Origin: Runneth Over
dimwishlist:item=737409399&perks=839105230,1840239774,1087426260,3643424744,2869569095,3966416502,557221067,3218042543
dimwishlist:item=737409399&perks=839105230,1087426260,3643424744,2869569095,3966416502,557221067,3218042543
dimwishlist:item=737409399&perks=1840239774,1087426260,3643424744,2869569095,3966416502,557221067,3218042543
dimwishlist:item=737409399&perks=839105230,1840239774,3643424744,2869569095,3966416502,557221067,3218042543
dimwishlist:item=737409399&perks=1087426260,3643424744,2869569095,3966416502,557221067,3218042543
dimwishlist:item=737409399&perks=839105230,3643424744,2869569095,3966416502,557221067,3218042543
dimwishlist:item=737409399&perks=1840239774,3643424744,2869569095,3966416502,557221067,3218042543
dimwishlist:item=737409399&perks=3643424744,2869569095,3966416502,557221067,3218042543

// Watchful Eye
//notes:A-Tier. Arc splash perks mediocre on LMGs, okay first column. Origin: Runneth Over
dimwishlist:item=768610585&perks=839105230,1840239774,1087426260,3643424744,2869569095,3966416502,557221067,3218042543,120721526
dimwishlist:item=768610585&perks=839105230,1087426260,3643424744,2869569095,3966416502,557221067,3218042543,120721526
dimwishlist:item=768610585&perks=1840239774,1087426260,3643424744,2869569095,3966416502,557221067,3218042543,120721526
dimwishlist:item=768610585&perks=839105230,1840239774,3643424744,2869569095,3966416502,557221067,3218042543,120721526
dimwishlist:item=768610585&perks=839105230,1840239774,1087426260,3643424744,2869569095,3966416502,557221067,3218042543
dimwishlist:item=768610585&perks=1087426260,3643424744,2869569095,3966416502,557221067,3218042543,120721526
dimwishlist:item=768610585&perks=839105230,3643424744,2869569095,3966416502,557221067,3218042543,120721526
dimwishlist:item=768610585&perks=1840239774,3643424744,2869569095,3966416502,557221067,3218042543,120721526
dimwishlist:item=768610585&perks=839105230,1087426260,3643424744,2869569095,3966416502,557221067,3218042543
dimwishlist:item=768610585&perks=1840239774,1087426260,3643424744,2869569095,3966416502,557221067,3218042543
dimwishlist:item=768610585&perks=839105230,1840239774,3643424744,2869569095,3966416502,557221067,3218042543
dimwishlist:item=768610585&perks=3643424744,2869569095,3966416502,557221067,3218042543,120721526
dimwishlist:item=768610585&perks=1087426260,3643424744,2869569095,3966416502,557221067,3218042543
dimwishlist:item=768610585&perks=839105230,3643424744,2869569095,3966416502,557221067,3218042543
dimwishlist:item=768610585&perks=1840239774,3643424744,2869569095,3966416502,557221067,3218042543
dimwishlist:item=768610585&perks=3643424744,2869569095,3966416502,557221067,3218042543

// Watchful Eye
//notes:A-Tier. Arc splash perks mediocre on LMGs, okay first column. Origin: Runneth Over
dimwishlist:item=1757177186&perks=839105230,1840239774,1087426260,3643424744,2869569095,3966416502,557221067,3218042543
dimwishlist:item=1757177186&perks=839105230,1087426260,3643424744,2869569095,3966416502,557221067,3218042543
dimwishlist:item=1757177186&perks=1840239774,1087426260,3643424744,2869569095,3966416502,557221067,3218042543
dimwishlist:item=1757177186&perks=839105230,1840239774,3643424744,2869569095,3966416502,557221067,3218042543
dimwishlist:item=1757177186&perks=1087426260,3643424744,2869569095,3966416502,557221067,3218042543
dimwishlist:item=1757177186&perks=839105230,3643424744,2869569095,3966416502,557221067,3218042543
dimwishlist:item=1757177186&perks=1840239774,3643424744,2869569095,3966416502,557221067,3218042543
dimwishlist:item=1757177186&perks=3643424744,2869569095,3966416502,557221067,3218042543

// Hezen Vengeance
//notes:S-Tier. double damage options, insane origin, Bipod swap option. Origin: Timelost Magazine
dimwishlist:item=2265407516&perks=3525010810,3796465595,3987942396,1275731761,3643424744,3078487919,1089671869,1439600632,2589407652
dimwishlist:item=2265407516&perks=3796465595,3987942396,1275731761,3643424744,3078487919,1089671869,1439600632,2589407652
dimwishlist:item=2265407516&perks=3525010810,3987942396,1275731761,3643424744,3078487919,1089671869,1439600632,2589407652
dimwishlist:item=2265407516&perks=3525010810,3796465595,3987942396,1275731761,3643424744,3078487919,1089671869,1439600632
dimwishlist:item=2265407516&perks=3987942396,1275731761,3643424744,3078487919,1089671869,1439600632,2589407652
dimwishlist:item=2265407516&perks=3796465595,3987942396,1275731761,3643424744,3078487919,1089671869,1439600632
dimwishlist:item=2265407516&perks=3525010810,3987942396,1275731761,3643424744,3078487919,1089671869,1439600632
dimwishlist:item=2265407516&perks=3987942396,1275731761,3643424744,3078487919,1089671869,1439600632

// Hezen Vengeance
//notes:S-Tier. double damage options, insane origin, Bipod swap option. Origin: Timelost Magazine
dimwishlist:item=4050645223&perks=3525010810,3796465595,1275731761,3643424744
dimwishlist:item=4050645223&perks=3796465595,1275731761,3643424744
dimwishlist:item=4050645223&perks=3525010810,1275731761,3643424744
dimwishlist:item=4050645223&perks=1275731761,3643424744

// Hezen Vengeance
//notes:S-Tier. double damage options, insane origin, Bipod swap option. Origin: Timelost Magazine
dimwishlist:item=3623686757&perks=3525010810,3796465595,3987942396,1275731761,3643424744,3078487919,1089671869,1439600632,2589407652
dimwishlist:item=3623686757&perks=3796465595,3987942396,1275731761,3643424744,3078487919,1089671869,1439600632,2589407652
dimwishlist:item=3623686757&perks=3525010810,3987942396,1275731761,3643424744,3078487919,1089671869,1439600632,2589407652
dimwishlist:item=3623686757&perks=3525010810,3796465595,3987942396,1275731761,3643424744,3078487919,1089671869,1439600632
dimwishlist:item=3623686757&perks=3987942396,1275731761,3643424744,3078487919,1089671869,1439600632,2589407652
dimwishlist:item=3623686757&perks=3796465595,3987942396,1275731761,3643424744,3078487919,1089671869,1439600632
dimwishlist:item=3623686757&perks=3525010810,3987942396,1275731761,3643424744,3078487919,1089671869,1439600632
dimwishlist:item=3623686757&perks=3987942396,1275731761,3643424744,3078487919,1089671869,1439600632

// Hezen Vengeance
//notes:S-Tier. double damage options, insane origin, Bipod swap option. Origin: Timelost Magazine
dimwishlist:item=1921159786&perks=3525010810,3796465595,1275731761,3643424744
dimwishlist:item=1921159786&perks=3796465595,1275731761,3643424744
dimwishlist:item=1921159786&perks=3525010810,1275731761,3643424744
dimwishlist:item=1921159786&perks=1275731761,3643424744

// The When and Where
//notes:S-Tier. missing Envious but great otherwise as a burst specialist. Origin: Frame of Reference
dimwishlist:item=1090936013&perks=3525010810,3796465595,2284787283,1523832109,3643424744,3078487919,1089671869,1439600632,2597494435
dimwishlist:item=1090936013&perks=3796465595,2284787283,1523832109,3643424744,3078487919,1089671869,1439600632,2597494435
dimwishlist:item=1090936013&perks=3525010810,2284787283,1523832109,3643424744,3078487919,1089671869,1439600632,2597494435
dimwishlist:item=1090936013&perks=3525010810,3796465595,2284787283,1523832109,3643424744,3078487919,1089671869,1439600632
dimwishlist:item=1090936013&perks=2284787283,1523832109,3643424744,3078487919,1089671869,1439600632,2597494435
dimwishlist:item=1090936013&perks=3796465595,2284787283,1523832109,3643424744,3078487919,1089671869,1439600632
dimwishlist:item=1090936013&perks=3525010810,2284787283,1523832109,3643424744,3078487919,1089671869,1439600632
dimwishlist:item=1090936013&perks=2284787283,1523832109,3643424744,3078487919,1089671869,1439600632

// Cold Comfort
RotN version
//notes:A-Tier. worse origin than Hezen with no Cluster option. Origin: Restoration Ritual
dimwishlist:item=2760833884&perks=3525010810,3796465595,3987942396,1523832109,1089671869,3078487919,1439600632,398661035
dimwishlist:item=2760833884&perks=3796465595,3987942396,1523832109,1089671869,3078487919,1439600632,398661035
dimwishlist:item=2760833884&perks=3525010810,3987942396,1523832109,1089671869,3078487919,1439600632,398661035
dimwishlist:item=2760833884&perks=3525010810,3796465595,3987942396,1523832109,1089671869,3078487919,1439600632
dimwishlist:item=2760833884&perks=3987942396,1523832109,1089671869,3078487919,1439600632,398661035
dimwishlist:item=2760833884&perks=3796465595,3987942396,1523832109,1089671869,3078487919,1439600632
dimwishlist:item=2760833884&perks=3525010810,3987942396,1523832109,1089671869,3078487919,1439600632
dimwishlist:item=2760833884&perks=3987942396,1523832109,1089671869,3078487919,1439600632

// Cold Comfort
RotN version
//notes:A-Tier. worse origin than Hezen with no Cluster option. Origin: Restoration Ritual
dimwishlist:item=291447487&perks=3525010810,3796465595,3987942396,1523832109,1089671869,3078487919,1439600632,398661035
dimwishlist:item=291447487&perks=3796465595,3987942396,1523832109,1089671869,3078487919,1439600632,398661035
dimwishlist:item=291447487&perks=3525010810,3987942396,1523832109,1089671869,3078487919,1439600632,398661035
dimwishlist:item=291447487&perks=3525010810,3796465595,3987942396,1523832109,1089671869,3078487919,1439600632
dimwishlist:item=291447487&perks=3987942396,1523832109,1089671869,3078487919,1439600632,398661035
dimwishlist:item=291447487&perks=3796465595,3987942396,1523832109,1089671869,3078487919,1439600632
dimwishlist:item=291447487&perks=3525010810,3987942396,1523832109,1089671869,3078487919,1439600632
dimwishlist:item=291447487&perks=3987942396,1523832109,1089671869,3078487919,1439600632

// Cold Comfort
RotN version
//notes:A-Tier. worse origin than Hezen with no Cluster option. Origin: Restoration Ritual
dimwishlist:item=839786290&perks=3525010810,3796465595,3078487919,1439600632,398661035
dimwishlist:item=839786290&perks=3796465595,3078487919,1439600632,398661035
dimwishlist:item=839786290&perks=3525010810,3078487919,1439600632,398661035
dimwishlist:item=839786290&perks=3525010810,3796465595,3078487919,1439600632
dimwishlist:item=839786290&perks=3078487919,1439600632,398661035
dimwishlist:item=839786290&perks=3796465595,3078487919,1439600632
dimwishlist:item=839786290&perks=3525010810,3078487919,1439600632
dimwishlist:item=839786290&perks=3078487919,1439600632

// Cynosure
//notes:A-Tier. worst origin of the best rockets, perk pool still competitive though. Origin: Vanguard's Vindication
dimwishlist:item=694275488&perks=3525010810,3796465595,3987942396,2284787283,2869569095,1089671869,3194351027,1439600632,744217850
dimwishlist:item=694275488&perks=3796465595,3987942396,2284787283,2869569095,1089671869,3194351027,1439600632,744217850
dimwishlist:item=694275488&perks=3525010810,3987942396,2284787283,2869569095,1089671869,3194351027,1439600632,744217850
dimwishlist:item=694275488&perks=3525010810,3796465595,3987942396,2284787283,2869569095,1089671869,3194351027,1439600632
dimwishlist:item=694275488&perks=3987942396,2284787283,2869569095,1089671869,3194351027,1439600632,744217850
dimwishlist:item=694275488&perks=3796465595,3987942396,2284787283,2869569095,1089671869,3194351027,1439600632
dimwishlist:item=694275488&perks=3525010810,3987942396,2284787283,2869569095,1089671869,3194351027,1439600632
dimwishlist:item=694275488&perks=3987942396,2284787283,2869569095,1089671869,3194351027,1439600632

// Tomorrow's Answer
//notes:A-Tier. interesting option post-reserve nerf, frame difference. Origin: Wild Card
dimwishlist:item=3009199534&perks=3525010810,3796465595,3987942396,1421772400,1134488199,3078487919,3194351027,1439600632,1050127423
dimwishlist:item=3009199534&perks=3796465595,3987942396,1421772400,1134488199,3078487919,3194351027,1439600632,1050127423
dimwishlist:item=3009199534&perks=3525010810,3987942396,1421772400,1134488199,3078487919,3194351027,1439600632,1050127423
dimwishlist:item=3009199534&perks=3525010810,3796465595,3987942396,1421772400,1134488199,3078487919,3194351027,1439600632
dimwishlist:item=3009199534&perks=3987942396,1421772400,1134488199,3078487919,3194351027,1439600632,1050127423
dimwishlist:item=3009199534&perks=3796465595,3987942396,1421772400,1134488199,3078487919,3194351027,1439600632
dimwishlist:item=3009199534&perks=3525010810,3987942396,1421772400,1134488199,3078487919,3194351027,1439600632
dimwishlist:item=3009199534&perks=3987942396,1421772400,1134488199,3078487919,3194351027,1439600632

// Tomorrow's Answer
//notes:A-Tier. interesting option post-reserve nerf, frame difference. Origin: Wild Card
dimwishlist:item=303107619&perks=3525010810,3796465595,3987942396,1421772400,1134488199,3078487919,3194351027,1439600632,1050127423
dimwishlist:item=303107619&perks=3796465595,3987942396,1421772400,1134488199,3078487919,3194351027,1439600632,1050127423
dimwishlist:item=303107619&perks=3525010810,3987942396,1421772400,1134488199,3078487919,3194351027,1439600632,1050127423
dimwishlist:item=303107619&perks=3525010810,3796465595,3987942396,1421772400,1134488199,3078487919,3194351027,1439600632
dimwishlist:item=303107619&perks=3987942396,1421772400,1134488199,3078487919,3194351027,1439600632,1050127423
dimwishlist:item=303107619&perks=3796465595,3987942396,1421772400,1134488199,3078487919,3194351027,1439600632
dimwishlist:item=303107619&perks=3525010810,3987942396,1421772400,1134488199,3078487919,3194351027,1439600632
dimwishlist:item=303107619&perks=3987942396,1421772400,1134488199,3078487919,3194351027,1439600632

// Synanceia
//notes:S-Tier. Sharp Harvest with Eager interesting, also great for damage. Origin: Tenacity
dimwishlist:item=2765451288&perks=3666208348,938542991,269888150,2349202967,1749209109,243981275,4132187021,1089671869,2077819806,2890807135,3911709647
dimwishlist:item=2765451288&perks=3666208348,269888150,2349202967,1749209109,243981275,4132187021,1089671869,2077819806,2890807135,3911709647
dimwishlist:item=2765451288&perks=3666208348,938542991,269888150,1749209109,243981275,4132187021,1089671869,2077819806,2890807135,3911709647
dimwishlist:item=2765451288&perks=938542991,269888150,2349202967,1749209109,243981275,4132187021,1089671869,2077819806,2890807135,3911709647
dimwishlist:item=2765451288&perks=3666208348,938542991,2349202967,1749209109,243981275,4132187021,1089671869,2077819806,2890807135,3911709647
dimwishlist:item=2765451288&perks=3666208348,938542991,269888150,2349202967,1749209109,243981275,4132187021,1089671869,2077819806,2890807135
dimwishlist:item=2765451288&perks=3666208348,269888150,1749209109,243981275,4132187021,1089671869,2077819806,2890807135,3911709647
dimwishlist:item=2765451288&perks=269888150,2349202967,1749209109,243981275,4132187021,1089671869,2077819806,2890807135,3911709647
dimwishlist:item=2765451288&perks=3666208348,2349202967,1749209109,243981275,4132187021,1089671869,2077819806,2890807135,3911709647
dimwishlist:item=2765451288&perks=938542991,269888150,1749209109,243981275,4132187021,1089671869,2077819806,2890807135,3911709647
dimwishlist:item=2765451288&perks=3666208348,938542991,1749209109,243981275,4132187021,1089671869,2077819806,2890807135,3911709647
dimwishlist:item=2765451288&perks=938542991,2349202967,1749209109,243981275,4132187021,1089671869,2077819806,2890807135,3911709647
dimwishlist:item=2765451288&perks=3666208348,269888150,2349202967,1749209109,243981275,4132187021,1089671869,2077819806,2890807135
dimwishlist:item=2765451288&perks=3666208348,938542991,269888150,1749209109,243981275,4132187021,1089671869,2077819806,2890807135
dimwishlist:item=2765451288&perks=938542991,269888150,2349202967,1749209109,243981275,4132187021,1089671869,2077819806,2890807135
dimwishlist:item=2765451288&perks=3666208348,938542991,2349202967,1749209109,243981275,4132187021,1089671869,2077819806,2890807135
dimwishlist:item=2765451288&perks=269888150,1749209109,243981275,4132187021,1089671869,2077819806,2890807135,3911709647
dimwishlist:item=2765451288&perks=3666208348,1749209109,243981275,4132187021,1089671869,2077819806,2890807135,3911709647
dimwishlist:item=2765451288&perks=2349202967,1749209109,243981275,4132187021,1089671869,2077819806,2890807135,3911709647
dimwishlist:item=2765451288&perks=938542991,1749209109,243981275,4132187021,1089671869,2077819806,2890807135,3911709647
dimwishlist:item=2765451288&perks=3666208348,269888150,1749209109,243981275,4132187021,1089671869,2077819806,2890807135
dimwishlist:item=2765451288&perks=269888150,2349202967,1749209109,243981275,4132187021,1089671869,2077819806,2890807135
dimwishlist:item=2765451288&perks=3666208348,2349202967,1749209109,243981275,4132187021,1089671869,2077819806,2890807135
dimwishlist:item=2765451288&perks=938542991,269888150,1749209109,243981275,4132187021,1089671869,2077819806,2890807135
dimwishlist:item=2765451288&perks=3666208348,938542991,1749209109,243981275,4132187021,1089671869,2077819806,2890807135
dimwishlist:item=2765451288&perks=938542991,2349202967,1749209109,243981275,4132187021,1089671869,2077819806,2890807135
dimwishlist:item=2765451288&perks=1749209109,243981275,4132187021,1089671869,2077819806,2890807135,3911709647
dimwishlist:item=2765451288&perks=269888150,1749209109,243981275,4132187021,1089671869,2077819806,2890807135
dimwishlist:item=2765451288&perks=3666208348,1749209109,243981275,4132187021,1089671869,2077819806,2890807135
dimwishlist:item=2765451288&perks=2349202967,1749209109,243981275,4132187021,1089671869,2077819806,2890807135
dimwishlist:item=2765451288&perks=938542991,1749209109,243981275,4132187021,1089671869,2077819806,2890807135
dimwishlist:item=2765451288&perks=1749209109,243981275,4132187021,1089671869,2077819806,2890807135

// Synanceia
//notes:S-Tier. Sharp Harvest with Eager interesting, also great for damage. Origin: Tenacity
dimwishlist:item=2765451289&perks=3666208348,938542991,269888150,2349202967,1749209109,243981275,4132187021,1089671869,2077819806,2890807135,3911709647
dimwishlist:item=2765451289&perks=3666208348,269888150,2349202967,1749209109,243981275,4132187021,1089671869,2077819806,2890807135,3911709647
dimwishlist:item=2765451289&perks=3666208348,938542991,269888150,1749209109,243981275,4132187021,1089671869,2077819806,2890807135,3911709647
dimwishlist:item=2765451289&perks=938542991,269888150,2349202967,1749209109,243981275,4132187021,1089671869,2077819806,2890807135,3911709647
dimwishlist:item=2765451289&perks=3666208348,938542991,2349202967,1749209109,243981275,4132187021,1089671869,2077819806,2890807135,3911709647
dimwishlist:item=2765451289&perks=3666208348,938542991,269888150,2349202967,1749209109,243981275,4132187021,1089671869,2077819806,2890807135
dimwishlist:item=2765451289&perks=3666208348,269888150,1749209109,243981275,4132187021,1089671869,2077819806,2890807135,3911709647
dimwishlist:item=2765451289&perks=269888150,2349202967,1749209109,243981275,4132187021,1089671869,2077819806,2890807135,3911709647
dimwishlist:item=2765451289&perks=3666208348,2349202967,1749209109,243981275,4132187021,1089671869,2077819806,2890807135,3911709647
dimwishlist:item=2765451289&perks=938542991,269888150,1749209109,243981275,4132187021,1089671869,2077819806,2890807135,3911709647
dimwishlist:item=2765451289&perks=3666208348,938542991,1749209109,243981275,4132187021,1089671869,2077819806,2890807135,3911709647
dimwishlist:item=2765451289&perks=938542991,2349202967,1749209109,243981275,4132187021,1089671869,2077819806,2890807135,3911709647
dimwishlist:item=2765451289&perks=3666208348,269888150,2349202967,1749209109,243981275,4132187021,1089671869,2077819806,2890807135
dimwishlist:item=2765451289&perks=3666208348,938542991,269888150,1749209109,243981275,4132187021,1089671869,2077819806,2890807135
dimwishlist:item=2765451289&perks=938542991,269888150,2349202967,1749209109,243981275,4132187021,1089671869,2077819806,2890807135
dimwishlist:item=2765451289&perks=3666208348,938542991,2349202967,1749209109,243981275,4132187021,1089671869,2077819806,2890807135
dimwishlist:item=2765451289&perks=269888150,1749209109,243981275,4132187021,1089671869,2077819806,2890807135,3911709647
dimwishlist:item=2765451289&perks=3666208348,1749209109,243981275,4132187021,1089671869,2077819806,2890807135,3911709647
dimwishlist:item=2765451289&perks=2349202967,1749209109,243981275,4132187021,1089671869,2077819806,2890807135,3911709647
dimwishlist:item=2765451289&perks=938542991,1749209109,243981275,4132187021,1089671869,2077819806,2890807135,3911709647
dimwishlist:item=2765451289&perks=3666208348,269888150,1749209109,243981275,4132187021,1089671869,2077819806,2890807135
dimwishlist:item=2765451289&perks=269888150,2349202967,1749209109,243981275,4132187021,1089671869,2077819806,2890807135
dimwishlist:item=2765451289&perks=3666208348,2349202967,1749209109,243981275,4132187021,1089671869,2077819806,2890807135
dimwishlist:item=2765451289&perks=938542991,269888150,1749209109,243981275,4132187021,1089671869,2077819806,2890807135
dimwishlist:item=2765451289&perks=3666208348,938542991,1749209109,243981275,4132187021,1089671869,2077819806,2890807135
dimwishlist:item=2765451289&perks=938542991,2349202967,1749209109,243981275,4132187021,1089671869,2077819806,2890807135
dimwishlist:item=2765451289&perks=1749209109,243981275,4132187021,1089671869,2077819806,2890807135,3911709647
dimwishlist:item=2765451289&perks=269888150,1749209109,243981275,4132187021,1089671869,2077819806,2890807135
dimwishlist:item=2765451289&perks=3666208348,1749209109,243981275,4132187021,1089671869,2077819806,2890807135
dimwishlist:item=2765451289&perks=2349202967,1749209109,243981275,4132187021,1089671869,2077819806,2890807135
dimwishlist:item=2765451289&perks=938542991,1749209109,243981275,4132187021,1089671869,2077819806,2890807135
dimwishlist:item=2765451289&perks=1749209109,243981275,4132187021,1089671869,2077819806,2890807135

// Synanceia
//notes:S-Tier. Sharp Harvest with Eager interesting, also great for damage. Origin: Tenacity
dimwishlist:item=2765451290&perks=3666208348,938542991,269888150,2349202967,1749209109,243981275,4132187021,1089671869,2077819806,2890807135,3911709647
dimwishlist:item=2765451290&perks=3666208348,269888150,2349202967,1749209109,243981275,4132187021,1089671869,2077819806,2890807135,3911709647
dimwishlist:item=2765451290&perks=3666208348,938542991,269888150,1749209109,243981275,4132187021,1089671869,2077819806,2890807135,3911709647
dimwishlist:item=2765451290&perks=938542991,269888150,2349202967,1749209109,243981275,4132187021,1089671869,2077819806,2890807135,3911709647
dimwishlist:item=2765451290&perks=3666208348,938542991,2349202967,1749209109,243981275,4132187021,1089671869,2077819806,2890807135,3911709647
dimwishlist:item=2765451290&perks=3666208348,938542991,269888150,2349202967,1749209109,243981275,4132187021,1089671869,2077819806,2890807135
dimwishlist:item=2765451290&perks=3666208348,269888150,1749209109,243981275,4132187021,1089671869,2077819806,2890807135,3911709647
dimwishlist:item=2765451290&perks=269888150,2349202967,1749209109,243981275,4132187021,1089671869,2077819806,2890807135,3911709647
dimwishlist:item=2765451290&perks=3666208348,2349202967,1749209109,243981275,4132187021,1089671869,2077819806,2890807135,3911709647
dimwishlist:item=2765451290&perks=938542991,269888150,1749209109,243981275,4132187021,1089671869,2077819806,2890807135,3911709647
dimwishlist:item=2765451290&perks=3666208348,938542991,1749209109,243981275,4132187021,1089671869,2077819806,2890807135,3911709647
dimwishlist:item=2765451290&perks=938542991,2349202967,1749209109,243981275,4132187021,1089671869,2077819806,2890807135,3911709647
dimwishlist:item=2765451290&perks=3666208348,269888150,2349202967,1749209109,243981275,4132187021,1089671869,2077819806,2890807135
dimwishlist:item=2765451290&perks=3666208348,938542991,269888150,1749209109,243981275,4132187021,1089671869,2077819806,2890807135
dimwishlist:item=2765451290&perks=938542991,269888150,2349202967,1749209109,243981275,4132187021,1089671869,2077819806,2890807135
dimwishlist:item=2765451290&perks=3666208348,938542991,2349202967,1749209109,243981275,4132187021,1089671869,2077819806,2890807135
dimwishlist:item=2765451290&perks=269888150,1749209109,243981275,4132187021,1089671869,2077819806,2890807135,3911709647
dimwishlist:item=2765451290&perks=3666208348,1749209109,243981275,4132187021,1089671869,2077819806,2890807135,3911709647
dimwishlist:item=2765451290&perks=2349202967,1749209109,243981275,4132187021,1089671869,2077819806,2890807135,3911709647
dimwishlist:item=2765451290&perks=938542991,1749209109,243981275,4132187021,1089671869,2077819806,2890807135,3911709647
dimwishlist:item=2765451290&perks=3666208348,269888150,1749209109,243981275,4132187021,1089671869,2077819806,2890807135
dimwishlist:item=2765451290&perks=269888150,2349202967,1749209109,243981275,4132187021,1089671869,2077819806,2890807135
dimwishlist:item=2765451290&perks=3666208348,2349202967,1749209109,243981275,4132187021,1089671869,2077819806,2890807135
dimwishlist:item=2765451290&perks=938542991,269888150,1749209109,243981275,4132187021,1089671869,2077819806,2890807135
dimwishlist:item=2765451290&perks=3666208348,938542991,1749209109,243981275,4132187021,1089671869,2077819806,2890807135
dimwishlist:item=2765451290&perks=938542991,2349202967,1749209109,243981275,4132187021,1089671869,2077819806,2890807135
dimwishlist:item=2765451290&perks=1749209109,243981275,4132187021,1089671869,2077819806,2890807135,3911709647
dimwishlist:item=2765451290&perks=269888150,1749209109,243981275,4132187021,1089671869,2077819806,2890807135
dimwishlist:item=2765451290&perks=3666208348,1749209109,243981275,4132187021,1089671869,2077819806,2890807135
dimwishlist:item=2765451290&perks=2349202967,1749209109,243981275,4132187021,1089671869,2077819806,2890807135
dimwishlist:item=2765451290&perks=938542991,1749209109,243981275,4132187021,1089671869,2077819806,2890807135
dimwishlist:item=2765451290&perks=1749209109,243981275,4132187021,1089671869,2077819806,2890807135

// Synanceia
//notes:S-Tier. Sharp Harvest with Eager interesting, also great for damage. Origin: Tenacity
dimwishlist:item=2765451291&perks=3666208348,938542991,269888150,2349202967,1749209109,243981275,4132187021,1089671869,2077819806,2890807135,3911709647
dimwishlist:item=2765451291&perks=3666208348,269888150,2349202967,1749209109,243981275,4132187021,1089671869,2077819806,2890807135,3911709647
dimwishlist:item=2765451291&perks=3666208348,938542991,269888150,1749209109,243981275,4132187021,1089671869,2077819806,2890807135,3911709647
dimwishlist:item=2765451291&perks=938542991,269888150,2349202967,1749209109,243981275,4132187021,1089671869,2077819806,2890807135,3911709647
dimwishlist:item=2765451291&perks=3666208348,938542991,2349202967,1749209109,243981275,4132187021,1089671869,2077819806,2890807135,3911709647
dimwishlist:item=2765451291&perks=3666208348,938542991,269888150,2349202967,1749209109,243981275,4132187021,1089671869,2077819806,2890807135
dimwishlist:item=2765451291&perks=3666208348,269888150,1749209109,243981275,4132187021,1089671869,2077819806,2890807135,3911709647
dimwishlist:item=2765451291&perks=269888150,2349202967,1749209109,243981275,4132187021,1089671869,2077819806,2890807135,3911709647
dimwishlist:item=2765451291&perks=3666208348,2349202967,1749209109,243981275,4132187021,1089671869,2077819806,2890807135,3911709647
dimwishlist:item=2765451291&perks=938542991,269888150,1749209109,243981275,4132187021,1089671869,2077819806,2890807135,3911709647
dimwishlist:item=2765451291&perks=3666208348,938542991,1749209109,243981275,4132187021,1089671869,2077819806,2890807135,3911709647
dimwishlist:item=2765451291&perks=938542991,2349202967,1749209109,243981275,4132187021,1089671869,2077819806,2890807135,3911709647
dimwishlist:item=2765451291&perks=3666208348,269888150,2349202967,1749209109,243981275,4132187021,1089671869,2077819806,2890807135
dimwishlist:item=2765451291&perks=3666208348,938542991,269888150,1749209109,243981275,4132187021,1089671869,2077819806,2890807135
dimwishlist:item=2765451291&perks=938542991,269888150,2349202967,1749209109,243981275,4132187021,1089671869,2077819806,2890807135
dimwishlist:item=2765451291&perks=3666208348,938542991,2349202967,1749209109,243981275,4132187021,1089671869,2077819806,2890807135
dimwishlist:item=2765451291&perks=269888150,1749209109,243981275,4132187021,1089671869,2077819806,2890807135,3911709647
dimwishlist:item=2765451291&perks=3666208348,1749209109,243981275,4132187021,1089671869,2077819806,2890807135,3911709647
dimwishlist:item=2765451291&perks=2349202967,1749209109,243981275,4132187021,1089671869,2077819806,2890807135,3911709647
dimwishlist:item=2765451291&perks=938542991,1749209109,243981275,4132187021,1089671869,2077819806,2890807135,3911709647
dimwishlist:item=2765451291&perks=3666208348,269888150,1749209109,243981275,4132187021,1089671869,2077819806,2890807135
dimwishlist:item=2765451291&perks=269888150,2349202967,1749209109,243981275,4132187021,1089671869,2077819806,2890807135
dimwishlist:item=2765451291&perks=3666208348,2349202967,1749209109,243981275,4132187021,1089671869,2077819806,2890807135
dimwishlist:item=2765451291&perks=938542991,269888150,1749209109,243981275,4132187021,1089671869,2077819806,2890807135
dimwishlist:item=2765451291&perks=3666208348,938542991,1749209109,243981275,4132187021,1089671869,2077819806,2890807135
dimwishlist:item=2765451291&perks=938542991,2349202967,1749209109,243981275,4132187021,1089671869,2077819806,2890807135
dimwishlist:item=2765451291&perks=1749209109,243981275,4132187021,1089671869,2077819806,2890807135,3911709647
dimwishlist:item=2765451291&perks=269888150,1749209109,243981275,4132187021,1089671869,2077819806,2890807135
dimwishlist:item=2765451291&perks=3666208348,1749209109,243981275,4132187021,1089671869,2077819806,2890807135
dimwishlist:item=2765451291&perks=2349202967,1749209109,243981275,4132187021,1089671869,2077819806,2890807135
dimwishlist:item=2765451291&perks=938542991,1749209109,243981275,4132187021,1089671869,2077819806,2890807135
dimwishlist:item=2765451291&perks=1749209109,243981275,4132187021,1089671869,2077819806,2890807135

// Synanceia
//notes:S-Tier. Sharp Harvest with Eager interesting, also great for damage. Origin: Tenacity
dimwishlist:item=1823308496&perks=3666208348,938542991,269888150,2349202967,1749209109,243981275,4132187021,1089671869,2077819806,2890807135,3911709647
dimwishlist:item=1823308496&perks=3666208348,269888150,2349202967,1749209109,243981275,4132187021,1089671869,2077819806,2890807135,3911709647
dimwishlist:item=1823308496&perks=3666208348,938542991,269888150,1749209109,243981275,4132187021,1089671869,2077819806,2890807135,3911709647
dimwishlist:item=1823308496&perks=938542991,269888150,2349202967,1749209109,243981275,4132187021,1089671869,2077819806,2890807135,3911709647
dimwishlist:item=1823308496&perks=3666208348,938542991,2349202967,1749209109,243981275,4132187021,1089671869,2077819806,2890807135,3911709647
dimwishlist:item=1823308496&perks=3666208348,938542991,269888150,2349202967,1749209109,243981275,4132187021,1089671869,2077819806,2890807135
dimwishlist:item=1823308496&perks=3666208348,269888150,1749209109,243981275,4132187021,1089671869,2077819806,2890807135,3911709647
dimwishlist:item=1823308496&perks=269888150,2349202967,1749209109,243981275,4132187021,1089671869,2077819806,2890807135,3911709647
dimwishlist:item=1823308496&perks=3666208348,2349202967,1749209109,243981275,4132187021,1089671869,2077819806,2890807135,3911709647
dimwishlist:item=1823308496&perks=938542991,269888150,1749209109,243981275,4132187021,1089671869,2077819806,2890807135,3911709647
dimwishlist:item=1823308496&perks=3666208348,938542991,1749209109,243981275,4132187021,1089671869,2077819806,2890807135,3911709647
dimwishlist:item=1823308496&perks=938542991,2349202967,1749209109,243981275,4132187021,1089671869,2077819806,2890807135,3911709647
dimwishlist:item=1823308496&perks=3666208348,269888150,2349202967,1749209109,243981275,4132187021,1089671869,2077819806,2890807135
dimwishlist:item=1823308496&perks=3666208348,938542991,269888150,1749209109,243981275,4132187021,1089671869,2077819806,2890807135
dimwishlist:item=1823308496&perks=938542991,269888150,2349202967,1749209109,243981275,4132187021,1089671869,2077819806,2890807135
dimwishlist:item=1823308496&perks=3666208348,938542991,2349202967,1749209109,243981275,4132187021,1089671869,2077819806,2890807135
dimwishlist:item=1823308496&perks=269888150,1749209109,243981275,4132187021,1089671869,2077819806,2890807135,3911709647
dimwishlist:item=1823308496&perks=3666208348,1749209109,243981275,4132187021,1089671869,2077819806,2890807135,3911709647
dimwishlist:item=1823308496&perks=2349202967,1749209109,243981275,4132187021,1089671869,2077819806,2890807135,3911709647
dimwishlist:item=1823308496&perks=938542991,1749209109,243981275,4132187021,1089671869,2077819806,2890807135,3911709647
dimwishlist:item=1823308496&perks=3666208348,269888150,1749209109,243981275,4132187021,1089671869,2077819806,2890807135
dimwishlist:item=1823308496&perks=269888150,2349202967,1749209109,243981275,4132187021,1089671869,2077819806,2890807135
dimwishlist:item=1823308496&perks=3666208348,2349202967,1749209109,243981275,4132187021,1089671869,2077819806,2890807135
dimwishlist:item=1823308496&perks=938542991,269888150,1749209109,243981275,4132187021,1089671869,2077819806,2890807135
dimwishlist:item=1823308496&perks=3666208348,938542991,1749209109,243981275,4132187021,1089671869,2077819806,2890807135
dimwishlist:item=1823308496&perks=938542991,2349202967,1749209109,243981275,4132187021,1089671869,2077819806,2890807135
dimwishlist:item=1823308496&perks=1749209109,243981275,4132187021,1089671869,2077819806,2890807135,3911709647
dimwishlist:item=1823308496&perks=269888150,1749209109,243981275,4132187021,1089671869,2077819806,2890807135
dimwishlist:item=1823308496&perks=3666208348,1749209109,243981275,4132187021,1089671869,2077819806,2890807135
dimwishlist:item=1823308496&perks=2349202967,1749209109,243981275,4132187021,1089671869,2077819806,2890807135
dimwishlist:item=1823308496&perks=938542991,1749209109,243981275,4132187021,1089671869,2077819806,2890807135
dimwishlist:item=1823308496&perks=1749209109,243981275,4132187021,1089671869,2077819806,2890807135

// The Slammer
//notes:S-Tier. best overall Eager sword, Adept Mag access + Cold Steel + vortex frame. Origin: Stunning Recovery
dimwishlist:item=2889501828&perks=3666208348,938542991,269888150,2349202967,2077819806,3650930298,3523296417,1281216113
dimwishlist:item=2889501828&perks=3666208348,269888150,2349202967,2077819806,3650930298,3523296417,1281216113
dimwishlist:item=2889501828&perks=3666208348,938542991,269888150,2077819806,3650930298,3523296417,1281216113
dimwishlist:item=2889501828&perks=938542991,269888150,2349202967,2077819806,3650930298,3523296417,1281216113
dimwishlist:item=2889501828&perks=3666208348,938542991,2349202967,2077819806,3650930298,3523296417,1281216113
dimwishlist:item=2889501828&perks=3666208348,938542991,269888150,2349202967,2077819806,3650930298,3523296417
dimwishlist:item=2889501828&perks=3666208348,269888150,2077819806,3650930298,3523296417,1281216113
dimwishlist:item=2889501828&perks=269888150,2349202967,2077819806,3650930298,3523296417,1281216113
dimwishlist:item=2889501828&perks=3666208348,2349202967,2077819806,3650930298,3523296417,1281216113
dimwishlist:item=2889501828&perks=938542991,269888150,2077819806,3650930298,3523296417,1281216113
dimwishlist:item=2889501828&perks=3666208348,938542991,2077819806,3650930298,3523296417,1281216113
dimwishlist:item=2889501828&perks=938542991,2349202967,2077819806,3650930298,3523296417,1281216113
dimwishlist:item=2889501828&perks=3666208348,269888150,2349202967,2077819806,3650930298,3523296417
dimwishlist:item=2889501828&perks=3666208348,938542991,269888150,2077819806,3650930298,3523296417
dimwishlist:item=2889501828&perks=938542991,269888150,2349202967,2077819806,3650930298,3523296417
dimwishlist:item=2889501828&perks=3666208348,938542991,2349202967,2077819806,3650930298,3523296417
dimwishlist:item=2889501828&perks=269888150,2077819806,3650930298,3523296417,1281216113
dimwishlist:item=2889501828&perks=3666208348,2077819806,3650930298,3523296417,1281216113
dimwishlist:item=2889501828&perks=2349202967,2077819806,3650930298,3523296417,1281216113
dimwishlist:item=2889501828&perks=938542991,2077819806,3650930298,3523296417,1281216113
dimwishlist:item=2889501828&perks=3666208348,269888150,2077819806,3650930298,3523296417
dimwishlist:item=2889501828&perks=269888150,2349202967,2077819806,3650930298,3523296417
dimwishlist:item=2889501828&perks=3666208348,2349202967,2077819806,3650930298,3523296417
dimwishlist:item=2889501828&perks=938542991,269888150,2077819806,3650930298,3523296417
dimwishlist:item=2889501828&perks=3666208348,938542991,2077819806,3650930298,3523296417
dimwishlist:item=2889501828&perks=938542991,2349202967,2077819806,3650930298,3523296417
dimwishlist:item=2889501828&perks=2077819806,3650930298,3523296417,1281216113
dimwishlist:item=2889501828&perks=269888150,2077819806,3650930298,3523296417
dimwishlist:item=2889501828&perks=3666208348,2077819806,3650930298,3523296417
dimwishlist:item=2889501828&perks=2349202967,2077819806,3650930298,3523296417
dimwishlist:item=2889501828&perks=938542991,2077819806,3650930298,3523296417
dimwishlist:item=2889501828&perks=2077819806,3650930298,3523296417

// The Slammer
//notes:S-Tier. best overall Eager sword, Adept Mag access + Cold Steel + vortex frame. Origin: Stunning Recovery
dimwishlist:item=1354727549&perks=3666208348,938542991,269888150,2349202967,2077819806,3650930298,3523296417,1281216113
dimwishlist:item=1354727549&perks=3666208348,269888150,2349202967,2077819806,3650930298,3523296417,1281216113
dimwishlist:item=1354727549&perks=3666208348,938542991,269888150,2077819806,3650930298,3523296417,1281216113
dimwishlist:item=1354727549&perks=938542991,269888150,2349202967,2077819806,3650930298,3523296417,1281216113
dimwishlist:item=1354727549&perks=3666208348,938542991,2349202967,2077819806,3650930298,3523296417,1281216113
dimwishlist:item=1354727549&perks=3666208348,938542991,269888150,2349202967,2077819806,3650930298,3523296417
dimwishlist:item=1354727549&perks=3666208348,269888150,2077819806,3650930298,3523296417,1281216113
dimwishlist:item=1354727549&perks=269888150,2349202967,2077819806,3650930298,3523296417,1281216113
dimwishlist:item=1354727549&perks=3666208348,2349202967,2077819806,3650930298,3523296417,1281216113
dimwishlist:item=1354727549&perks=938542991,269888150,2077819806,3650930298,3523296417,1281216113
dimwishlist:item=1354727549&perks=3666208348,938542991,2077819806,3650930298,3523296417,1281216113
dimwishlist:item=1354727549&perks=938542991,2349202967,2077819806,3650930298,3523296417,1281216113
dimwishlist:item=1354727549&perks=3666208348,269888150,2349202967,2077819806,3650930298,3523296417
dimwishlist:item=1354727549&perks=3666208348,938542991,269888150,2077819806,3650930298,3523296417
dimwishlist:item=1354727549&perks=938542991,269888150,2349202967,2077819806,3650930298,3523296417
dimwishlist:item=1354727549&perks=3666208348,938542991,2349202967,2077819806,3650930298,3523296417
dimwishlist:item=1354727549&perks=269888150,2077819806,3650930298,3523296417,1281216113
dimwishlist:item=1354727549&perks=3666208348,2077819806,3650930298,3523296417,1281216113
dimwishlist:item=1354727549&perks=2349202967,2077819806,3650930298,3523296417,1281216113
dimwishlist:item=1354727549&perks=938542991,2077819806,3650930298,3523296417,1281216113
dimwishlist:item=1354727549&perks=3666208348,269888150,2077819806,3650930298,3523296417
dimwishlist:item=1354727549&perks=269888150,2349202967,2077819806,3650930298,3523296417
dimwishlist:item=1354727549&perks=3666208348,2349202967,2077819806,3650930298,3523296417
dimwishlist:item=1354727549&perks=938542991,269888150,2077819806,3650930298,3523296417
dimwishlist:item=1354727549&perks=3666208348,938542991,2077819806,3650930298,3523296417
dimwishlist:item=1354727549&perks=938542991,2349202967,2077819806,3650930298,3523296417
dimwishlist:item=1354727549&perks=2077819806,3650930298,3523296417,1281216113
dimwishlist:item=1354727549&perks=269888150,2077819806,3650930298,3523296417
dimwishlist:item=1354727549&perks=3666208348,2077819806,3650930298,3523296417
dimwishlist:item=1354727549&perks=2349202967,2077819806,3650930298,3523296417
dimwishlist:item=1354727549&perks=938542991,2077819806,3650930298,3523296417
dimwishlist:item=1354727549&perks=2077819806,3650930298,3523296417

// Sullen Claw
//notes:S-Tier. best light attack neutral + okay damage with bumped impact. Origin: Imperial Allegiance
dimwishlist:item=1085743380&perks=3666208348,938542991,269888150,2349202967,2077819806,1546637391,1749209109,354401740,3913600130,2048641572,1164078247
dimwishlist:item=1085743380&perks=3666208348,269888150,2349202967,2077819806,1546637391,1749209109,354401740,3913600130,2048641572,1164078247
dimwishlist:item=1085743380&perks=3666208348,938542991,269888150,2077819806,1546637391,1749209109,354401740,3913600130,2048641572,1164078247
dimwishlist:item=1085743380&perks=938542991,269888150,2349202967,2077819806,1546637391,1749209109,354401740,3913600130,2048641572,1164078247
dimwishlist:item=1085743380&perks=3666208348,938542991,2349202967,2077819806,1546637391,1749209109,354401740,3913600130,2048641572,1164078247
dimwishlist:item=1085743380&perks=3666208348,938542991,269888150,2349202967,2077819806,1546637391,1749209109,354401740,3913600130,2048641572
dimwishlist:item=1085743380&perks=3666208348,269888150,2077819806,1546637391,1749209109,354401740,3913600130,2048641572,1164078247
dimwishlist:item=1085743380&perks=269888150,2349202967,2077819806,1546637391,1749209109,354401740,3913600130,2048641572,1164078247
dimwishlist:item=1085743380&perks=3666208348,2349202967,2077819806,1546637391,1749209109,354401740,3913600130,2048641572,1164078247
dimwishlist:item=1085743380&perks=938542991,269888150,2077819806,1546637391,1749209109,354401740,3913600130,2048641572,1164078247
dimwishlist:item=1085743380&perks=3666208348,938542991,2077819806,1546637391,1749209109,354401740,3913600130,2048641572,1164078247
dimwishlist:item=1085743380&perks=938542991,2349202967,2077819806,1546637391,1749209109,354401740,3913600130,2048641572,1164078247
dimwishlist:item=1085743380&perks=3666208348,269888150,2349202967,2077819806,1546637391,1749209109,354401740,3913600130,2048641572
dimwishlist:item=1085743380&perks=3666208348,938542991,269888150,2077819806,1546637391,1749209109,354401740,3913600130,2048641572
dimwishlist:item=1085743380&perks=938542991,269888150,2349202967,2077819806,1546637391,1749209109,354401740,3913600130,2048641572
dimwishlist:item=1085743380&perks=3666208348,938542991,2349202967,2077819806,1546637391,1749209109,354401740,3913600130,2048641572
dimwishlist:item=1085743380&perks=269888150,2077819806,1546637391,1749209109,354401740,3913600130,2048641572,1164078247
dimwishlist:item=1085743380&perks=3666208348,2077819806,1546637391,1749209109,354401740,3913600130,2048641572,1164078247
dimwishlist:item=1085743380&perks=2349202967,2077819806,1546637391,1749209109,354401740,3913600130,2048641572,1164078247
dimwishlist:item=1085743380&perks=938542991,2077819806,1546637391,1749209109,354401740,3913600130,2048641572,1164078247
dimwishlist:item=1085743380&perks=3666208348,269888150,2077819806,1546637391,1749209109,354401740,3913600130,2048641572
dimwishlist:item=1085743380&perks=269888150,2349202967,2077819806,1546637391,1749209109,354401740,3913600130,2048641572
dimwishlist:item=1085743380&perks=3666208348,2349202967,2077819806,1546637391,1749209109,354401740,3913600130,2048641572
dimwishlist:item=1085743380&perks=938542991,269888150,2077819806,1546637391,1749209109,354401740,3913600130,2048641572
dimwishlist:item=1085743380&perks=3666208348,938542991,2077819806,1546637391,1749209109,354401740,3913600130,2048641572
dimwishlist:item=1085743380&perks=938542991,2349202967,2077819806,1546637391,1749209109,354401740,3913600130,2048641572
dimwishlist:item=1085743380&perks=2077819806,1546637391,1749209109,354401740,3913600130,2048641572,1164078247
dimwishlist:item=1085743380&perks=269888150,2077819806,1546637391,1749209109,354401740,3913600130,2048641572
dimwishlist:item=1085743380&perks=3666208348,2077819806,1546637391,1749209109,354401740,3913600130,2048641572
dimwishlist:item=1085743380&perks=2349202967,2077819806,1546637391,1749209109,354401740,3913600130,2048641572
dimwishlist:item=1085743380&perks=938542991,2077819806,1546637391,1749209109,354401740,3913600130,2048641572
dimwishlist:item=1085743380&perks=2077819806,1546637391,1749209109,354401740,3913600130,2048641572

// Bequest
//notes:S-Tier. best Surrounded DPS sword. Origin: Bray Inheritance
dimwishlist:item=3366545721&perks=3666208348,938542991,269888150,2349202967,1749209109,3708227201,1546637391,766321425
dimwishlist:item=3366545721&perks=3666208348,269888150,2349202967,1749209109,3708227201,1546637391,766321425
dimwishlist:item=3366545721&perks=3666208348,938542991,269888150,1749209109,3708227201,1546637391,766321425
dimwishlist:item=3366545721&perks=938542991,269888150,2349202967,1749209109,3708227201,1546637391,766321425
dimwishlist:item=3366545721&perks=3666208348,938542991,2349202967,1749209109,3708227201,1546637391,766321425
dimwishlist:item=3366545721&perks=3666208348,938542991,269888150,2349202967,1749209109,3708227201,1546637391
dimwishlist:item=3366545721&perks=3666208348,269888150,1749209109,3708227201,1546637391,766321425
dimwishlist:item=3366545721&perks=269888150,2349202967,1749209109,3708227201,1546637391,766321425
dimwishlist:item=3366545721&perks=3666208348,2349202967,1749209109,3708227201,1546637391,766321425
dimwishlist:item=3366545721&perks=938542991,269888150,1749209109,3708227201,1546637391,766321425
dimwishlist:item=3366545721&perks=3666208348,938542991,1749209109,3708227201,1546637391,766321425
dimwishlist:item=3366545721&perks=938542991,2349202967,1749209109,3708227201,1546637391,766321425
dimwishlist:item=3366545721&perks=3666208348,269888150,2349202967,1749209109,3708227201,1546637391
dimwishlist:item=3366545721&perks=3666208348,938542991,269888150,1749209109,3708227201,1546637391
dimwishlist:item=3366545721&perks=938542991,269888150,2349202967,1749209109,3708227201,1546637391
dimwishlist:item=3366545721&perks=3666208348,938542991,2349202967,1749209109,3708227201,1546637391
dimwishlist:item=3366545721&perks=269888150,1749209109,3708227201,1546637391,766321425
dimwishlist:item=3366545721&perks=3666208348,1749209109,3708227201,1546637391,766321425
dimwishlist:item=3366545721&perks=2349202967,1749209109,3708227201,1546637391,766321425
dimwishlist:item=3366545721&perks=938542991,1749209109,3708227201,1546637391,766321425
dimwishlist:item=3366545721&perks=3666208348,269888150,1749209109,3708227201,1546637391
dimwishlist:item=3366545721&perks=269888150,2349202967,1749209109,3708227201,1546637391
dimwishlist:item=3366545721&perks=3666208348,2349202967,1749209109,3708227201,1546637391
dimwishlist:item=3366545721&perks=938542991,269888150,1749209109,3708227201,1546637391
dimwishlist:item=3366545721&perks=3666208348,938542991,1749209109,3708227201,1546637391
dimwishlist:item=3366545721&perks=938542991,2349202967,1749209109,3708227201,1546637391
dimwishlist:item=3366545721&perks=1749209109,3708227201,1546637391,766321425
dimwishlist:item=3366545721&perks=269888150,1749209109,3708227201,1546637391
dimwishlist:item=3366545721&perks=3666208348,1749209109,3708227201,1546637391
dimwishlist:item=3366545721&perks=2349202967,1749209109,3708227201,1546637391
dimwishlist:item=3366545721&perks=938542991,1749209109,3708227201,1546637391
dimwishlist:item=3366545721&perks=1749209109,3708227201,1546637391

// Aurora Dawn
//notes:A-Tier. no Relentless hurts, otherwise probably best neutral (Flash + Cold). Origin: Vanguard Determination
dimwishlist:item=2111625436&perks=3666208348,938542991,269888150,2349202967,4132187021,2244851822,1955165503,3913600130,1089671869,3650930298,3846229553
dimwishlist:item=2111625436&perks=3666208348,269888150,2349202967,4132187021,2244851822,1955165503,3913600130,1089671869,3650930298,3846229553
dimwishlist:item=2111625436&perks=3666208348,938542991,269888150,4132187021,2244851822,1955165503,3913600130,1089671869,3650930298,3846229553
dimwishlist:item=2111625436&perks=938542991,269888150,2349202967,4132187021,2244851822,1955165503,3913600130,1089671869,3650930298,3846229553
dimwishlist:item=2111625436&perks=3666208348,938542991,2349202967,4132187021,2244851822,1955165503,3913600130,1089671869,3650930298,3846229553
dimwishlist:item=2111625436&perks=3666208348,938542991,269888150,2349202967,4132187021,2244851822,1955165503,3913600130,1089671869,3650930298
dimwishlist:item=2111625436&perks=3666208348,269888150,4132187021,2244851822,1955165503,3913600130,1089671869,3650930298,3846229553
dimwishlist:item=2111625436&perks=269888150,2349202967,4132187021,2244851822,1955165503,3913600130,1089671869,3650930298,3846229553
dimwishlist:item=2111625436&perks=3666208348,2349202967,4132187021,2244851822,1955165503,3913600130,1089671869,3650930298,3846229553
dimwishlist:item=2111625436&perks=938542991,269888150,4132187021,2244851822,1955165503,3913600130,1089671869,3650930298,3846229553
dimwishlist:item=2111625436&perks=3666208348,938542991,4132187021,2244851822,1955165503,3913600130,1089671869,3650930298,3846229553
dimwishlist:item=2111625436&perks=938542991,2349202967,4132187021,2244851822,1955165503,3913600130,1089671869,3650930298,3846229553
dimwishlist:item=2111625436&perks=3666208348,269888150,2349202967,4132187021,2244851822,1955165503,3913600130,1089671869,3650930298
dimwishlist:item=2111625436&perks=3666208348,938542991,269888150,4132187021,2244851822,1955165503,3913600130,1089671869,3650930298
dimwishlist:item=2111625436&perks=938542991,269888150,2349202967,4132187021,2244851822,1955165503,3913600130,1089671869,3650930298
dimwishlist:item=2111625436&perks=3666208348,938542991,2349202967,4132187021,2244851822,1955165503,3913600130,1089671869,3650930298
dimwishlist:item=2111625436&perks=269888150,4132187021,2244851822,1955165503,3913600130,1089671869,3650930298,3846229553
dimwishlist:item=2111625436&perks=3666208348,4132187021,2244851822,1955165503,3913600130,1089671869,3650930298,3846229553
dimwishlist:item=2111625436&perks=2349202967,4132187021,2244851822,1955165503,3913600130,1089671869,3650930298,3846229553
dimwishlist:item=2111625436&perks=938542991,4132187021,2244851822,1955165503,3913600130,1089671869,3650930298,3846229553
dimwishlist:item=2111625436&perks=3666208348,269888150,4132187021,2244851822,1955165503,3913600130,1089671869,3650930298
dimwishlist:item=2111625436&perks=269888150,2349202967,4132187021,2244851822,1955165503,3913600130,1089671869,3650930298
dimwishlist:item=2111625436&perks=3666208348,2349202967,4132187021,2244851822,1955165503,3913600130,1089671869,3650930298
dimwishlist:item=2111625436&perks=938542991,269888150,4132187021,2244851822,1955165503,3913600130,1089671869,3650930298
dimwishlist:item=2111625436&perks=3666208348,938542991,4132187021,2244851822,1955165503,3913600130,1089671869,3650930298
dimwishlist:item=2111625436&perks=938542991,2349202967,4132187021,2244851822,1955165503,3913600130,1089671869,3650930298
dimwishlist:item=2111625436&perks=4132187021,2244851822,1955165503,3913600130,1089671869,3650930298,3846229553
dimwishlist:item=2111625436&perks=269888150,4132187021,2244851822,1955165503,3913600130,1089671869,3650930298
dimwishlist:item=2111625436&perks=3666208348,4132187021,2244851822,1955165503,3913600130,1089671869,3650930298
dimwishlist:item=2111625436&perks=2349202967,4132187021,2244851822,1955165503,3913600130,1089671869,3650930298
dimwishlist:item=2111625436&perks=938542991,4132187021,2244851822,1955165503,3913600130,1089671869,3650930298
dimwishlist:item=2111625436&perks=4132187021,2244851822,1955165503,3913600130,1089671869,3650930298

// Summum Bonum
//notes:A-Tier. worse impact than newer waves, but still good perks. Origin: Collective Purpose
dimwishlist:item=3569407878&perks=3666208348,938542991,269888150,2349202967,1749209109,243981275,3993379141,3640170453,3913600130,3708227201,1878756191
dimwishlist:item=3569407878&perks=3666208348,269888150,2349202967,1749209109,243981275,3993379141,3640170453,3913600130,3708227201,1878756191
dimwishlist:item=3569407878&perks=3666208348,938542991,269888150,1749209109,243981275,3993379141,3640170453,3913600130,3708227201,1878756191
dimwishlist:item=3569407878&perks=938542991,269888150,2349202967,1749209109,243981275,3993379141,3640170453,3913600130,3708227201,1878756191
dimwishlist:item=3569407878&perks=3666208348,938542991,2349202967,1749209109,243981275,3993379141,3640170453,3913600130,3708227201,1878756191
dimwishlist:item=3569407878&perks=3666208348,938542991,269888150,2349202967,1749209109,243981275,3993379141,3640170453,3913600130,3708227201
dimwishlist:item=3569407878&perks=3666208348,269888150,1749209109,243981275,3993379141,3640170453,3913600130,3708227201,1878756191
dimwishlist:item=3569407878&perks=269888150,2349202967,1749209109,243981275,3993379141,3640170453,3913600130,3708227201,1878756191
dimwishlist:item=3569407878&perks=3666208348,2349202967,1749209109,243981275,3993379141,3640170453,3913600130,3708227201,1878756191
dimwishlist:item=3569407878&perks=938542991,269888150,1749209109,243981275,3993379141,3640170453,3913600130,3708227201,1878756191
dimwishlist:item=3569407878&perks=3666208348,938542991,1749209109,243981275,3993379141,3640170453,3913600130,3708227201,1878756191
dimwishlist:item=3569407878&perks=938542991,2349202967,1749209109,243981275,3993379141,3640170453,3913600130,3708227201,1878756191
dimwishlist:item=3569407878&perks=3666208348,269888150,2349202967,1749209109,243981275,3993379141,3640170453,3913600130,3708227201
dimwishlist:item=3569407878&perks=3666208348,938542991,269888150,1749209109,243981275,3993379141,3640170453,3913600130,3708227201
dimwishlist:item=3569407878&perks=938542991,269888150,2349202967,1749209109,243981275,3993379141,3640170453,3913600130,3708227201
dimwishlist:item=3569407878&perks=3666208348,938542991,2349202967,1749209109,243981275,3993379141,3640170453,3913600130,3708227201
dimwishlist:item=3569407878&perks=269888150,1749209109,243981275,3993379141,3640170453,3913600130,3708227201,1878756191
dimwishlist:item=3569407878&perks=3666208348,1749209109,243981275,3993379141,3640170453,3913600130,3708227201,1878756191
dimwishlist:item=3569407878&perks=2349202967,1749209109,243981275,3993379141,3640170453,3913600130,3708227201,1878756191
dimwishlist:item=3569407878&perks=938542991,1749209109,243981275,3993379141,3640170453,3913600130,3708227201,1878756191
dimwishlist:item=3569407878&perks=3666208348,269888150,1749209109,243981275,3993379141,3640170453,3913600130,3708227201
dimwishlist:item=3569407878&perks=269888150,2349202967,1749209109,243981275,3993379141,3640170453,3913600130,3708227201
dimwishlist:item=3569407878&perks=3666208348,2349202967,1749209109,243981275,3993379141,3640170453,3913600130,3708227201
dimwishlist:item=3569407878&perks=938542991,269888150,1749209109,243981275,3993379141,3640170453,3913600130,3708227201
dimwishlist:item=3569407878&perks=3666208348,938542991,1749209109,243981275,3993379141,3640170453,3913600130,3708227201
dimwishlist:item=3569407878&perks=938542991,2349202967,1749209109,243981275,3993379141,3640170453,3913600130,3708227201
dimwishlist:item=3569407878&perks=1749209109,243981275,3993379141,3640170453,3913600130,3708227201,1878756191
dimwishlist:item=3569407878&perks=269888150,1749209109,243981275,3993379141,3640170453,3913600130,3708227201
dimwishlist:item=3569407878&perks=3666208348,1749209109,243981275,3993379141,3640170453,3913600130,3708227201
dimwishlist:item=3569407878&perks=2349202967,1749209109,243981275,3993379141,3640170453,3913600130,3708227201
dimwishlist:item=3569407878&perks=938542991,1749209109,243981275,3993379141,3640170453,3913600130,3708227201
dimwishlist:item=3569407878&perks=1749209109,243981275,3993379141,3640170453,3913600130,3708227201

// Summum Bonum
//notes:A-Tier. worse impact than newer waves, but still good perks. Origin: Collective Purpose
dimwishlist:item=2001697739&perks=3666208348,938542991,269888150,2349202967,1749209109,243981275,3993379141,3640170453,3913600130,3708227201,1878756191
dimwishlist:item=2001697739&perks=3666208348,269888150,2349202967,1749209109,243981275,3993379141,3640170453,3913600130,3708227201,1878756191
dimwishlist:item=2001697739&perks=3666208348,938542991,269888150,1749209109,243981275,3993379141,3640170453,3913600130,3708227201,1878756191
dimwishlist:item=2001697739&perks=938542991,269888150,2349202967,1749209109,243981275,3993379141,3640170453,3913600130,3708227201,1878756191
dimwishlist:item=2001697739&perks=3666208348,938542991,2349202967,1749209109,243981275,3993379141,3640170453,3913600130,3708227201,1878756191
dimwishlist:item=2001697739&perks=3666208348,938542991,269888150,2349202967,1749209109,243981275,3993379141,3640170453,3913600130,3708227201
dimwishlist:item=2001697739&perks=3666208348,269888150,1749209109,243981275,3993379141,3640170453,3913600130,3708227201,1878756191
dimwishlist:item=2001697739&perks=269888150,2349202967,1749209109,243981275,3993379141,3640170453,3913600130,3708227201,1878756191
dimwishlist:item=2001697739&perks=3666208348,2349202967,1749209109,243981275,3993379141,3640170453,3913600130,3708227201,1878756191
dimwishlist:item=2001697739&perks=938542991,269888150,1749209109,243981275,3993379141,3640170453,3913600130,3708227201,1878756191
dimwishlist:item=2001697739&perks=3666208348,938542991,1749209109,243981275,3993379141,3640170453,3913600130,3708227201,1878756191
dimwishlist:item=2001697739&perks=938542991,2349202967,1749209109,243981275,3993379141,3640170453,3913600130,3708227201,1878756191
dimwishlist:item=2001697739&perks=3666208348,269888150,2349202967,1749209109,243981275,3993379141,3640170453,3913600130,3708227201
dimwishlist:item=2001697739&perks=3666208348,938542991,269888150,1749209109,243981275,3993379141,3640170453,3913600130,3708227201
dimwishlist:item=2001697739&perks=938542991,269888150,2349202967,1749209109,243981275,3993379141,3640170453,3913600130,3708227201
dimwishlist:item=2001697739&perks=3666208348,938542991,2349202967,1749209109,243981275,3993379141,3640170453,3913600130,3708227201
dimwishlist:item=2001697739&perks=269888150,1749209109,243981275,3993379141,3640170453,3913600130,3708227201,1878756191
dimwishlist:item=2001697739&perks=3666208348,1749209109,243981275,3993379141,3640170453,3913600130,3708227201,1878756191
dimwishlist:item=2001697739&perks=2349202967,1749209109,243981275,3993379141,3640170453,3913600130,3708227201,1878756191
dimwishlist:item=2001697739&perks=938542991,1749209109,243981275,3993379141,3640170453,3913600130,3708227201,1878756191
dimwishlist:item=2001697739&perks=3666208348,269888150,1749209109,243981275,3993379141,3640170453,3913600130,3708227201
dimwishlist:item=2001697739&perks=269888150,2349202967,1749209109,243981275,3993379141,3640170453,3913600130,3708227201
dimwishlist:item=2001697739&perks=3666208348,2349202967,1749209109,243981275,3993379141,3640170453,3913600130,3708227201
dimwishlist:item=2001697739&perks=938542991,269888150,1749209109,243981275,3993379141,3640170453,3913600130,3708227201
dimwishlist:item=2001697739&perks=3666208348,938542991,1749209109,243981275,3993379141,3640170453,3913600130,3708227201
dimwishlist:item=2001697739&perks=938542991,2349202967,1749209109,243981275,3993379141,3640170453,3913600130,3708227201
dimwishlist:item=2001697739&perks=1749209109,243981275,3993379141,3640170453,3913600130,3708227201,1878756191
dimwishlist:item=2001697739&perks=269888150,1749209109,243981275,3993379141,3640170453,3913600130,3708227201
dimwishlist:item=2001697739&perks=3666208348,1749209109,243981275,3993379141,3640170453,3913600130,3708227201
dimwishlist:item=2001697739&perks=2349202967,1749209109,243981275,3993379141,3640170453,3913600130,3708227201
dimwishlist:item=2001697739&perks=938542991,1749209109,243981275,3993379141,3640170453,3913600130,3708227201
dimwishlist:item=2001697739&perks=1749209109,243981275,3993379141,3640170453,3913600130,3708227201

// Abyssal Edge
//notes:A-Tier. similar to Summum with better neutral and worse DPS-focused perks. Origin: Willing Vessel
dimwishlist:item=2712683313&perks=3666208348,938542991,269888150,2349202967,1749209109,2244851822,1089671869,3708227201,3201496230,878237828
dimwishlist:item=2712683313&perks=3666208348,269888150,2349202967,1749209109,2244851822,1089671869,3708227201,3201496230,878237828
dimwishlist:item=2712683313&perks=3666208348,938542991,269888150,1749209109,2244851822,1089671869,3708227201,3201496230,878237828
dimwishlist:item=2712683313&perks=938542991,269888150,2349202967,1749209109,2244851822,1089671869,3708227201,3201496230,878237828
dimwishlist:item=2712683313&perks=3666208348,938542991,2349202967,1749209109,2244851822,1089671869,3708227201,3201496230,878237828
dimwishlist:item=2712683313&perks=3666208348,938542991,269888150,2349202967,1749209109,2244851822,1089671869,3708227201,3201496230
dimwishlist:item=2712683313&perks=3666208348,269888150,1749209109,2244851822,1089671869,3708227201,3201496230,878237828
dimwishlist:item=2712683313&perks=269888150,2349202967,1749209109,2244851822,1089671869,3708227201,3201496230,878237828
dimwishlist:item=2712683313&perks=3666208348,2349202967,1749209109,2244851822,1089671869,3708227201,3201496230,878237828
dimwishlist:item=2712683313&perks=938542991,269888150,1749209109,2244851822,1089671869,3708227201,3201496230,878237828
dimwishlist:item=2712683313&perks=3666208348,938542991,1749209109,2244851822,1089671869,3708227201,3201496230,878237828
dimwishlist:item=2712683313&perks=938542991,2349202967,1749209109,2244851822,1089671869,3708227201,3201496230,878237828
dimwishlist:item=2712683313&perks=3666208348,269888150,2349202967,1749209109,2244851822,1089671869,3708227201,3201496230
dimwishlist:item=2712683313&perks=3666208348,938542991,269888150,1749209109,2244851822,1089671869,3708227201,3201496230
dimwishlist:item=2712683313&perks=938542991,269888150,2349202967,1749209109,2244851822,1089671869,3708227201,3201496230
dimwishlist:item=2712683313&perks=3666208348,938542991,2349202967,1749209109,2244851822,1089671869,3708227201,3201496230
dimwishlist:item=2712683313&perks=269888150,1749209109,2244851822,1089671869,3708227201,3201496230,878237828
dimwishlist:item=2712683313&perks=3666208348,1749209109,2244851822,1089671869,3708227201,3201496230,878237828
dimwishlist:item=2712683313&perks=2349202967,1749209109,2244851822,1089671869,3708227201,3201496230,878237828
dimwishlist:item=2712683313&perks=938542991,1749209109,2244851822,1089671869,3708227201,3201496230,878237828
dimwishlist:item=2712683313&perks=3666208348,269888150,1749209109,2244851822,1089671869,3708227201,3201496230
dimwishlist:item=2712683313&perks=269888150,2349202967,1749209109,2244851822,1089671869,3708227201,3201496230
dimwishlist:item=2712683313&perks=3666208348,2349202967,1749209109,2244851822,1089671869,3708227201,3201496230
dimwishlist:item=2712683313&perks=938542991,269888150,1749209109,2244851822,1089671869,3708227201,3201496230
dimwishlist:item=2712683313&perks=3666208348,938542991,1749209109,2244851822,1089671869,3708227201,3201496230
dimwishlist:item=2712683313&perks=938542991,2349202967,1749209109,2244851822,1089671869,3708227201,3201496230
dimwishlist:item=2712683313&perks=1749209109,2244851822,1089671869,3708227201,3201496230,878237828
dimwishlist:item=2712683313&perks=269888150,1749209109,2244851822,1089671869,3708227201,3201496230
dimwishlist:item=2712683313&perks=3666208348,1749209109,2244851822,1089671869,3708227201,3201496230
dimwishlist:item=2712683313&perks=2349202967,1749209109,2244851822,1089671869,3708227201,3201496230
dimwishlist:item=2712683313&perks=938542991,1749209109,2244851822,1089671869,3708227201,3201496230
dimwishlist:item=2712683313&perks=1749209109,2244851822,1089671869,3708227201,3201496230

// Abyssal Edge
//notes:A-Tier. similar to Summum with better neutral and worse DPS-focused perks. Origin: Willing Vessel
dimwishlist:item=3054597646&perks=3666208348,938542991,269888150,2349202967,1749209109,2244851822,1089671869,3708227201,3201496230,878237828
dimwishlist:item=3054597646&perks=3666208348,269888150,2349202967,1749209109,2244851822,1089671869,3708227201,3201496230,878237828
dimwishlist:item=3054597646&perks=3666208348,938542991,269888150,1749209109,2244851822,1089671869,3708227201,3201496230,878237828
dimwishlist:item=3054597646&perks=938542991,269888150,2349202967,1749209109,2244851822,1089671869,3708227201,3201496230,878237828
dimwishlist:item=3054597646&perks=3666208348,938542991,2349202967,1749209109,2244851822,1089671869,3708227201,3201496230,878237828
dimwishlist:item=3054597646&perks=3666208348,938542991,269888150,2349202967,1749209109,2244851822,1089671869,3708227201,3201496230
dimwishlist:item=3054597646&perks=3666208348,269888150,1749209109,2244851822,1089671869,3708227201,3201496230,878237828
dimwishlist:item=3054597646&perks=269888150,2349202967,1749209109,2244851822,1089671869,3708227201,3201496230,878237828
dimwishlist:item=3054597646&perks=3666208348,2349202967,1749209109,2244851822,1089671869,3708227201,3201496230,878237828
dimwishlist:item=3054597646&perks=938542991,269888150,1749209109,2244851822,1089671869,3708227201,3201496230,878237828
dimwishlist:item=3054597646&perks=3666208348,938542991,1749209109,2244851822,1089671869,3708227201,3201496230,878237828
dimwishlist:item=3054597646&perks=938542991,2349202967,1749209109,2244851822,1089671869,3708227201,3201496230,878237828
dimwishlist:item=3054597646&perks=3666208348,269888150,2349202967,1749209109,2244851822,1089671869,3708227201,3201496230
dimwishlist:item=3054597646&perks=3666208348,938542991,269888150,1749209109,2244851822,1089671869,3708227201,3201496230
dimwishlist:item=3054597646&perks=938542991,269888150,2349202967,1749209109,2244851822,1089671869,3708227201,3201496230
dimwishlist:item=3054597646&perks=3666208348,938542991,2349202967,1749209109,2244851822,1089671869,3708227201,3201496230
dimwishlist:item=3054597646&perks=269888150,1749209109,2244851822,1089671869,3708227201,3201496230,878237828
dimwishlist:item=3054597646&perks=3666208348,1749209109,2244851822,1089671869,3708227201,3201496230,878237828
dimwishlist:item=3054597646&perks=2349202967,1749209109,2244851822,1089671869,3708227201,3201496230,878237828
dimwishlist:item=3054597646&perks=938542991,1749209109,2244851822,1089671869,3708227201,3201496230,878237828
dimwishlist:item=3054597646&perks=3666208348,269888150,1749209109,2244851822,1089671869,3708227201,3201496230
dimwishlist:item=3054597646&perks=269888150,2349202967,1749209109,2244851822,1089671869,3708227201,3201496230
dimwishlist:item=3054597646&perks=3666208348,2349202967,1749209109,2244851822,1089671869,3708227201,3201496230
dimwishlist:item=3054597646&perks=938542991,269888150,1749209109,2244851822,1089671869,3708227201,3201496230
dimwishlist:item=3054597646&perks=3666208348,938542991,1749209109,2244851822,1089671869,3708227201,3201496230
dimwishlist:item=3054597646&perks=938542991,2349202967,1749209109,2244851822,1089671869,3708227201,3201496230
dimwishlist:item=3054597646&perks=1749209109,2244851822,1089671869,3708227201,3201496230,878237828
dimwishlist:item=3054597646&perks=269888150,1749209109,2244851822,1089671869,3708227201,3201496230
dimwishlist:item=3054597646&perks=3666208348,1749209109,2244851822,1089671869,3708227201,3201496230
dimwishlist:item=3054597646&perks=2349202967,1749209109,2244851822,1089671869,3708227201,3201496230
dimwishlist:item=3054597646&perks=938542991,1749209109,2244851822,1089671869,3708227201,3201496230
dimwishlist:item=3054597646&perks=1749209109,2244851822,1089671869,3708227201,3201496230

// Abyssal Edge
//notes:A-Tier. similar to Summum with better neutral and worse DPS-focused perks. Origin: Willing Vessel
dimwishlist:item=4221591387&perks=3666208348,938542991,269888150,2349202967,1749209109,2244851822,1089671869,3708227201,3201496230,878237828
dimwishlist:item=4221591387&perks=3666208348,269888150,2349202967,1749209109,2244851822,1089671869,3708227201,3201496230,878237828
dimwishlist:item=4221591387&perks=3666208348,938542991,269888150,1749209109,2244851822,1089671869,3708227201,3201496230,878237828
dimwishlist:item=4221591387&perks=938542991,269888150,2349202967,1749209109,2244851822,1089671869,3708227201,3201496230,878237828
dimwishlist:item=4221591387&perks=3666208348,938542991,2349202967,1749209109,2244851822,1089671869,3708227201,3201496230,878237828
dimwishlist:item=4221591387&perks=3666208348,938542991,269888150,2349202967,1749209109,2244851822,1089671869,3708227201,3201496230
dimwishlist:item=4221591387&perks=3666208348,269888150,1749209109,2244851822,1089671869,3708227201,3201496230,878237828
dimwishlist:item=4221591387&perks=269888150,2349202967,1749209109,2244851822,1089671869,3708227201,3201496230,878237828
dimwishlist:item=4221591387&perks=3666208348,2349202967,1749209109,2244851822,1089671869,3708227201,3201496230,878237828
dimwishlist:item=4221591387&perks=938542991,269888150,1749209109,2244851822,1089671869,3708227201,3201496230,878237828
dimwishlist:item=4221591387&perks=3666208348,938542991,1749209109,2244851822,1089671869,3708227201,3201496230,878237828
dimwishlist:item=4221591387&perks=938542991,2349202967,1749209109,2244851822,1089671869,3708227201,3201496230,878237828
dimwishlist:item=4221591387&perks=3666208348,269888150,2349202967,1749209109,2244851822,1089671869,3708227201,3201496230
dimwishlist:item=4221591387&perks=3666208348,938542991,269888150,1749209109,2244851822,1089671869,3708227201,3201496230
dimwishlist:item=4221591387&perks=938542991,269888150,2349202967,1749209109,2244851822,1089671869,3708227201,3201496230
dimwishlist:item=4221591387&perks=3666208348,938542991,2349202967,1749209109,2244851822,1089671869,3708227201,3201496230
dimwishlist:item=4221591387&perks=269888150,1749209109,2244851822,1089671869,3708227201,3201496230,878237828
dimwishlist:item=4221591387&perks=3666208348,1749209109,2244851822,1089671869,3708227201,3201496230,878237828
dimwishlist:item=4221591387&perks=2349202967,1749209109,2244851822,1089671869,3708227201,3201496230,878237828
dimwishlist:item=4221591387&perks=938542991,1749209109,2244851822,1089671869,3708227201,3201496230,878237828
dimwishlist:item=4221591387&perks=3666208348,269888150,1749209109,2244851822,1089671869,3708227201,3201496230
dimwishlist:item=4221591387&perks=269888150,2349202967,1749209109,2244851822,1089671869,3708227201,3201496230
dimwishlist:item=4221591387&perks=3666208348,2349202967,1749209109,2244851822,1089671869,3708227201,3201496230
dimwishlist:item=4221591387&perks=938542991,269888150,1749209109,2244851822,1089671869,3708227201,3201496230
dimwishlist:item=4221591387&perks=3666208348,938542991,1749209109,2244851822,1089671869,3708227201,3201496230
dimwishlist:item=4221591387&perks=938542991,2349202967,1749209109,2244851822,1089671869,3708227201,3201496230
dimwishlist:item=4221591387&perks=1749209109,2244851822,1089671869,3708227201,3201496230,878237828
dimwishlist:item=4221591387&perks=269888150,1749209109,2244851822,1089671869,3708227201,3201496230
dimwishlist:item=4221591387&perks=3666208348,1749209109,2244851822,1089671869,3708227201,3201496230
dimwishlist:item=4221591387&perks=2349202967,1749209109,2244851822,1089671869,3708227201,3201496230
dimwishlist:item=4221591387&perks=938542991,1749209109,2244851822,1089671869,3708227201,3201496230
dimwishlist:item=4221591387&perks=1749209109,2244851822,1089671869,3708227201,3201496230

// Abyssal Edge
//notes:A-Tier. similar to Summum with better neutral and worse DPS-focused perks. Origin: Willing Vessel
dimwishlist:item=547165496&perks=3666208348,938542991,269888150,2349202967,1749209109,2244851822,1089671869,3708227201,3201496230,878237828
dimwishlist:item=547165496&perks=3666208348,269888150,2349202967,1749209109,2244851822,1089671869,3708227201,3201496230,878237828
dimwishlist:item=547165496&perks=3666208348,938542991,269888150,1749209109,2244851822,1089671869,3708227201,3201496230,878237828
dimwishlist:item=547165496&perks=938542991,269888150,2349202967,1749209109,2244851822,1089671869,3708227201,3201496230,878237828
dimwishlist:item=547165496&perks=3666208348,938542991,2349202967,1749209109,2244851822,1089671869,3708227201,3201496230,878237828
dimwishlist:item=547165496&perks=3666208348,938542991,269888150,2349202967,1749209109,2244851822,1089671869,3708227201,3201496230
dimwishlist:item=547165496&perks=3666208348,269888150,1749209109,2244851822,1089671869,3708227201,3201496230,878237828
dimwishlist:item=547165496&perks=269888150,2349202967,1749209109,2244851822,1089671869,3708227201,3201496230,878237828
dimwishlist:item=547165496&perks=3666208348,2349202967,1749209109,2244851822,1089671869,3708227201,3201496230,878237828
dimwishlist:item=547165496&perks=938542991,269888150,1749209109,2244851822,1089671869,3708227201,3201496230,878237828
dimwishlist:item=547165496&perks=3666208348,938542991,1749209109,2244851822,1089671869,3708227201,3201496230,878237828
dimwishlist:item=547165496&perks=938542991,2349202967,1749209109,2244851822,1089671869,3708227201,3201496230,878237828
dimwishlist:item=547165496&perks=3666208348,269888150,2349202967,1749209109,2244851822,1089671869,3708227201,3201496230
dimwishlist:item=547165496&perks=3666208348,938542991,269888150,1749209109,2244851822,1089671869,3708227201,3201496230
dimwishlist:item=547165496&perks=938542991,269888150,2349202967,1749209109,2244851822,1089671869,3708227201,3201496230
dimwishlist:item=547165496&perks=3666208348,938542991,2349202967,1749209109,2244851822,1089671869,3708227201,3201496230
dimwishlist:item=547165496&perks=269888150,1749209109,2244851822,1089671869,3708227201,3201496230,878237828
dimwishlist:item=547165496&perks=3666208348,1749209109,2244851822,1089671869,3708227201,3201496230,878237828
dimwishlist:item=547165496&perks=2349202967,1749209109,2244851822,1089671869,3708227201,3201496230,878237828
dimwishlist:item=547165496&perks=938542991,1749209109,2244851822,1089671869,3708227201,3201496230,878237828
dimwishlist:item=547165496&perks=3666208348,269888150,1749209109,2244851822,1089671869,3708227201,3201496230
dimwishlist:item=547165496&perks=269888150,2349202967,1749209109,2244851822,1089671869,3708227201,3201496230
dimwishlist:item=547165496&perks=3666208348,2349202967,1749209109,2244851822,1089671869,3708227201,3201496230
dimwishlist:item=547165496&perks=938542991,269888150,1749209109,2244851822,1089671869,3708227201,3201496230
dimwishlist:item=547165496&perks=3666208348,938542991,1749209109,2244851822,1089671869,3708227201,3201496230
dimwishlist:item=547165496&perks=938542991,2349202967,1749209109,2244851822,1089671869,3708227201,3201496230
dimwishlist:item=547165496&perks=1749209109,2244851822,1089671869,3708227201,3201496230,878237828
dimwishlist:item=547165496&perks=269888150,1749209109,2244851822,1089671869,3708227201,3201496230
dimwishlist:item=547165496&perks=3666208348,1749209109,2244851822,1089671869,3708227201,3201496230
dimwishlist:item=547165496&perks=2349202967,1749209109,2244851822,1089671869,3708227201,3201496230
dimwishlist:item=547165496&perks=938542991,1749209109,2244851822,1089671869,3708227201,3201496230
dimwishlist:item=547165496&perks=1749209109,2244851822,1089671869,3708227201,3201496230

// Geodetic HSm
//notes:A-Tier. best consistent adaptive sword. Origin: Nadir Focus
dimwishlist:item=3637669759&perks=3666208348,938542991,269888150,2349202967,1749209109,3913600130,2509860981
dimwishlist:item=3637669759&perks=3666208348,269888150,2349202967,1749209109,3913600130,2509860981
dimwishlist:item=3637669759&perks=3666208348,938542991,269888150,1749209109,3913600130,2509860981
dimwishlist:item=3637669759&perks=938542991,269888150,2349202967,1749209109,3913600130,2509860981
dimwishlist:item=3637669759&perks=3666208348,938542991,2349202967,1749209109,3913600130,2509860981
dimwishlist:item=3637669759&perks=3666208348,938542991,269888150,2349202967,1749209109,3913600130
dimwishlist:item=3637669759&perks=3666208348,269888150,1749209109,3913600130,2509860981
dimwishlist:item=3637669759&perks=269888150,2349202967,1749209109,3913600130,2509860981
dimwishlist:item=3637669759&perks=3666208348,2349202967,1749209109,3913600130,2509860981
dimwishlist:item=3637669759&perks=938542991,269888150,1749209109,3913600130,2509860981
dimwishlist:item=3637669759&perks=3666208348,938542991,1749209109,3913600130,2509860981
dimwishlist:item=3637669759&perks=938542991,2349202967,1749209109,3913600130,2509860981
dimwishlist:item=3637669759&perks=3666208348,269888150,2349202967,1749209109,3913600130
dimwishlist:item=3637669759&perks=3666208348,938542991,269888150,1749209109,3913600130
dimwishlist:item=3637669759&perks=938542991,269888150,2349202967,1749209109,3913600130
dimwishlist:item=3637669759&perks=3666208348,938542991,2349202967,1749209109,3913600130
dimwishlist:item=3637669759&perks=269888150,1749209109,3913600130,2509860981
dimwishlist:item=3637669759&perks=3666208348,1749209109,3913600130,2509860981
dimwishlist:item=3637669759&perks=2349202967,1749209109,3913600130,2509860981
dimwishlist:item=3637669759&perks=938542991,1749209109,3913600130,2509860981
dimwishlist:item=3637669759&perks=3666208348,269888150,1749209109,3913600130
dimwishlist:item=3637669759&perks=269888150,2349202967,1749209109,3913600130
dimwishlist:item=3637669759&perks=3666208348,2349202967,1749209109,3913600130
dimwishlist:item=3637669759&perks=938542991,269888150,1749209109,3913600130
dimwishlist:item=3637669759&perks=3666208348,938542991,1749209109,3913600130
dimwishlist:item=3637669759&perks=938542991,2349202967,1749209109,3913600130
dimwishlist:item=3637669759&perks=1749209109,3913600130,2509860981
dimwishlist:item=3637669759&perks=269888150,1749209109,3913600130
dimwishlist:item=3637669759&perks=3666208348,1749209109,3913600130
dimwishlist:item=3637669759&perks=2349202967,1749209109,3913600130
dimwishlist:item=3637669759&perks=938542991,1749209109,3913600130
dimwishlist:item=3637669759&perks=1749209109,3913600130

// Falling Guillotine
BRAVE version
//notes:A-Tier. double damage perks traded for tanking total, solid Eager option though. Origin: Indomitability
dimwishlist:item=243425374&perks=3666208348,938542991,269888150,2349202967,2396489472,4104185692,2077819806,3078487919,3708227201,2489430594
dimwishlist:item=243425374&perks=3666208348,269888150,2349202967,2396489472,4104185692,2077819806,3078487919,3708227201,2489430594
dimwishlist:item=243425374&perks=3666208348,938542991,269888150,2396489472,4104185692,2077819806,3078487919,3708227201,2489430594
dimwishlist:item=243425374&perks=938542991,269888150,2349202967,2396489472,4104185692,2077819806,3078487919,3708227201,2489430594
dimwishlist:item=243425374&perks=3666208348,938542991,2349202967,2396489472,4104185692,2077819806,3078487919,3708227201,2489430594
dimwishlist:item=243425374&perks=3666208348,938542991,269888150,2349202967,2396489472,4104185692,2077819806,3078487919,3708227201
dimwishlist:item=243425374&perks=3666208348,269888150,2396489472,4104185692,2077819806,3078487919,3708227201,2489430594
dimwishlist:item=243425374&perks=269888150,2349202967,2396489472,4104185692,2077819806,3078487919,3708227201,2489430594
dimwishlist:item=243425374&perks=3666208348,2349202967,2396489472,4104185692,2077819806,3078487919,3708227201,2489430594
dimwishlist:item=243425374&perks=938542991,269888150,2396489472,4104185692,2077819806,3078487919,3708227201,2489430594
dimwishlist:item=243425374&perks=3666208348,938542991,2396489472,4104185692,2077819806,3078487919,3708227201,2489430594
dimwishlist:item=243425374&perks=938542991,2349202967,2396489472,4104185692,2077819806,3078487919,3708227201,2489430594
dimwishlist:item=243425374&perks=3666208348,269888150,2349202967,2396489472,4104185692,2077819806,3078487919,3708227201
dimwishlist:item=243425374&perks=3666208348,938542991,269888150,2396489472,4104185692,2077819806,3078487919,3708227201
dimwishlist:item=243425374&perks=938542991,269888150,2349202967,2396489472,4104185692,2077819806,3078487919,3708227201
dimwishlist:item=243425374&perks=3666208348,938542991,2349202967,2396489472,4104185692,2077819806,3078487919,3708227201
dimwishlist:item=243425374&perks=269888150,2396489472,4104185692,2077819806,3078487919,3708227201,2489430594
dimwishlist:item=243425374&perks=3666208348,2396489472,4104185692,2077819806,3078487919,3708227201,2489430594
dimwishlist:item=243425374&perks=2349202967,2396489472,4104185692,2077819806,3078487919,3708227201,2489430594
dimwishlist:item=243425374&perks=938542991,2396489472,4104185692,2077819806,3078487919,3708227201,2489430594
dimwishlist:item=243425374&perks=3666208348,269888150,2396489472,4104185692,2077819806,3078487919,3708227201
dimwishlist:item=243425374&perks=269888150,2349202967,2396489472,4104185692,2077819806,3078487919,3708227201
dimwishlist:item=243425374&perks=3666208348,2349202967,2396489472,4104185692,2077819806,3078487919,3708227201
dimwishlist:item=243425374&perks=938542991,269888150,2396489472,4104185692,2077819806,3078487919,3708227201
dimwishlist:item=243425374&perks=3666208348,938542991,2396489472,4104185692,2077819806,3078487919,3708227201
dimwishlist:item=243425374&perks=938542991,2349202967,2396489472,4104185692,2077819806,3078487919,3708227201
dimwishlist:item=243425374&perks=2396489472,4104185692,2077819806,3078487919,3708227201,2489430594
dimwishlist:item=243425374&perks=269888150,2396489472,4104185692,2077819806,3078487919,3708227201
dimwishlist:item=243425374&perks=3666208348,2396489472,4104185692,2077819806,3078487919,3708227201
dimwishlist:item=243425374&perks=2349202967,2396489472,4104185692,2077819806,3078487919,3708227201
dimwishlist:item=243425374&perks=938542991,2396489472,4104185692,2077819806,3078487919,3708227201
dimwishlist:item=243425374&perks=2396489472,4104185692,2077819806,3078487919,3708227201

// Falling Guillotine
BRAVE version
//notes:A-Tier. double damage perks traded for tanking total, solid Eager option though. Origin: Indomitability
dimwishlist:item=614426548&perks=3666208348,938542991,269888150,2349202967,3708227201
dimwishlist:item=614426548&perks=3666208348,269888150,2349202967,3708227201
dimwishlist:item=614426548&perks=3666208348,938542991,269888150,3708227201
dimwishlist:item=614426548&perks=938542991,269888150,2349202967,3708227201
dimwishlist:item=614426548&perks=3666208348,938542991,2349202967,3708227201
dimwishlist:item=614426548&perks=3666208348,269888150,3708227201
dimwishlist:item=614426548&perks=269888150,2349202967,3708227201
dimwishlist:item=614426548&perks=3666208348,2349202967,3708227201
dimwishlist:item=614426548&perks=938542991,269888150,3708227201
dimwishlist:item=614426548&perks=3666208348,938542991,3708227201
dimwishlist:item=614426548&perks=938542991,2349202967,3708227201
dimwishlist:item=614426548&perks=269888150,3708227201
dimwishlist:item=614426548&perks=3666208348,3708227201
dimwishlist:item=614426548&perks=2349202967,3708227201
dimwishlist:item=614426548&perks=938542991,3708227201
dimwishlist:item=614426548&perks=3708227201

// Falling Guillotine
BRAVE version
//notes:A-Tier. double damage perks traded for tanking total, solid Eager option though. Origin: Indomitability
dimwishlist:item=1815105249&perks=3666208348,938542991,269888150,2349202967,2396489472,4104185692,2077819806,3078487919,3708227201,2489430594
dimwishlist:item=1815105249&perks=3666208348,269888150,2349202967,2396489472,4104185692,2077819806,3078487919,3708227201,2489430594
dimwishlist:item=1815105249&perks=3666208348,938542991,269888150,2396489472,4104185692,2077819806,3078487919,3708227201,2489430594
dimwishlist:item=1815105249&perks=938542991,269888150,2349202967,2396489472,4104185692,2077819806,3078487919,3708227201,2489430594
dimwishlist:item=1815105249&perks=3666208348,938542991,2349202967,2396489472,4104185692,2077819806,3078487919,3708227201,2489430594
dimwishlist:item=1815105249&perks=3666208348,938542991,269888150,2349202967,2396489472,4104185692,2077819806,3078487919,3708227201
dimwishlist:item=1815105249&perks=3666208348,269888150,2396489472,4104185692,2077819806,3078487919,3708227201,2489430594
dimwishlist:item=1815105249&perks=269888150,2349202967,2396489472,4104185692,2077819806,3078487919,3708227201,2489430594
dimwishlist:item=1815105249&perks=3666208348,2349202967,2396489472,4104185692,2077819806,3078487919,3708227201,2489430594
dimwishlist:item=1815105249&perks=938542991,269888150,2396489472,4104185692,2077819806,3078487919,3708227201,2489430594
dimwishlist:item=1815105249&perks=3666208348,938542991,2396489472,4104185692,2077819806,3078487919,3708227201,2489430594
dimwishlist:item=1815105249&perks=938542991,2349202967,2396489472,4104185692,2077819806,3078487919,3708227201,2489430594
dimwishlist:item=1815105249&perks=3666208348,269888150,2349202967,2396489472,4104185692,2077819806,3078487919,3708227201
dimwishlist:item=1815105249&perks=3666208348,938542991,269888150,2396489472,4104185692,2077819806,3078487919,3708227201
dimwishlist:item=1815105249&perks=938542991,269888150,2349202967,2396489472,4104185692,2077819806,3078487919,3708227201
dimwishlist:item=1815105249&perks=3666208348,938542991,2349202967,2396489472,4104185692,2077819806,3078487919,3708227201
dimwishlist:item=1815105249&perks=269888150,2396489472,4104185692,2077819806,3078487919,3708227201,2489430594
dimwishlist:item=1815105249&perks=3666208348,2396489472,4104185692,2077819806,3078487919,3708227201,2489430594
dimwishlist:item=1815105249&perks=2349202967,2396489472,4104185692,2077819806,3078487919,3708227201,2489430594
dimwishlist:item=1815105249&perks=938542991,2396489472,4104185692,2077819806,3078487919,3708227201,2489430594
dimwishlist:item=1815105249&perks=3666208348,269888150,2396489472,4104185692,2077819806,3078487919,3708227201
dimwishlist:item=1815105249&perks=269888150,2349202967,2396489472,4104185692,2077819806,3078487919,3708227201
dimwishlist:item=1815105249&perks=3666208348,2349202967,2396489472,4104185692,2077819806,3078487919,3708227201
dimwishlist:item=1815105249&perks=938542991,269888150,2396489472,4104185692,2077819806,3078487919,3708227201
dimwishlist:item=1815105249&perks=3666208348,938542991,2396489472,4104185692,2077819806,3078487919,3708227201
dimwishlist:item=1815105249&perks=938542991,2349202967,2396489472,4104185692,2077819806,3078487919,3708227201
dimwishlist:item=1815105249&perks=2396489472,4104185692,2077819806,3078487919,3708227201,2489430594
dimwishlist:item=1815105249&perks=269888150,2396489472,4104185692,2077819806,3078487919,3708227201
dimwishlist:item=1815105249&perks=3666208348,2396489472,4104185692,2077819806,3078487919,3708227201
dimwishlist:item=1815105249&perks=2349202967,2396489472,4104185692,2077819806,3078487919,3708227201
dimwishlist:item=1815105249&perks=938542991,2396489472,4104185692,2077819806,3078487919,3708227201
dimwishlist:item=1815105249&perks=2396489472,4104185692,2077819806,3078487919,3708227201

// Ill Omen
//notes:A-Tier. BiS consistent caster option. Origin: Radiolaria Transposer
dimwishlist:item=3794274730&perks=3666208348,938542991,269888150,2349202967,1749209109,243981275,3913600130,3708227201,253121539
dimwishlist:item=3794274730&perks=3666208348,269888150,2349202967,1749209109,243981275,3913600130,3708227201,253121539
dimwishlist:item=3794274730&perks=3666208348,938542991,269888150,1749209109,243981275,3913600130,3708227201,253121539
dimwishlist:item=3794274730&perks=938542991,269888150,2349202967,1749209109,243981275,3913600130,3708227201,253121539
dimwishlist:item=3794274730&perks=3666208348,938542991,2349202967,1749209109,243981275,3913600130,3708227201,253121539
dimwishlist:item=3794274730&perks=3666208348,938542991,269888150,2349202967,1749209109,243981275,3913600130,3708227201
dimwishlist:item=3794274730&perks=3666208348,269888150,1749209109,243981275,3913600130,3708227201,253121539
dimwishlist:item=3794274730&perks=269888150,2349202967,1749209109,243981275,3913600130,3708227201,253121539
dimwishlist:item=3794274730&perks=3666208348,2349202967,1749209109,243981275,3913600130,3708227201,253121539
dimwishlist:item=3794274730&perks=938542991,269888150,1749209109,243981275,3913600130,3708227201,253121539
dimwishlist:item=3794274730&perks=3666208348,938542991,1749209109,243981275,3913600130,3708227201,253121539
dimwishlist:item=3794274730&perks=938542991,2349202967,1749209109,243981275,3913600130,3708227201,253121539
dimwishlist:item=3794274730&perks=3666208348,269888150,2349202967,1749209109,243981275,3913600130,3708227201
dimwishlist:item=3794274730&perks=3666208348,938542991,269888150,1749209109,243981275,3913600130,3708227201
dimwishlist:item=3794274730&perks=938542991,269888150,2349202967,1749209109,243981275,3913600130,3708227201
dimwishlist:item=3794274730&perks=3666208348,938542991,2349202967,1749209109,243981275,3913600130,3708227201
dimwishlist:item=3794274730&perks=269888150,1749209109,243981275,3913600130,3708227201,253121539
dimwishlist:item=3794274730&perks=3666208348,1749209109,243981275,3913600130,3708227201,253121539
dimwishlist:item=3794274730&perks=2349202967,1749209109,243981275,3913600130,3708227201,253121539
dimwishlist:item=3794274730&perks=938542991,1749209109,243981275,3913600130,3708227201,253121539
dimwishlist:item=3794274730&perks=3666208348,269888150,1749209109,243981275,3913600130,3708227201
dimwishlist:item=3794274730&perks=269888150,2349202967,1749209109,243981275,3913600130,3708227201
dimwishlist:item=3794274730&perks=3666208348,2349202967,1749209109,243981275,3913600130,3708227201
dimwishlist:item=3794274730&perks=938542991,269888150,1749209109,243981275,3913600130,3708227201
dimwishlist:item=3794274730&perks=3666208348,938542991,1749209109,243981275,3913600130,3708227201
dimwishlist:item=3794274730&perks=938542991,2349202967,1749209109,243981275,3913600130,3708227201
dimwishlist:item=3794274730&perks=1749209109,243981275,3913600130,3708227201,253121539
dimwishlist:item=3794274730&perks=269888150,1749209109,243981275,3913600130,3708227201
dimwishlist:item=3794274730&perks=3666208348,1749209109,243981275,3913600130,3708227201
dimwishlist:item=3794274730&perks=2349202967,1749209109,243981275,3913600130,3708227201
dimwishlist:item=3794274730&perks=938542991,1749209109,243981275,3913600130,3708227201
dimwishlist:item=3794274730&perks=1749209109,243981275,3913600130,3708227201

// The Other Half
//notes:A-Tier. good roam option for Eager + Surrounded heavy attacks. Origin: Hot Swap
dimwishlist:item=3257091167&perks=3666208348,938542991,269888150,2349202967,2077819806,1749209109,3708227201,4104185692,3913600130,1260401931
dimwishlist:item=3257091167&perks=3666208348,269888150,2349202967,2077819806,1749209109,3708227201,4104185692,3913600130,1260401931
dimwishlist:item=3257091167&perks=3666208348,938542991,269888150,2077819806,1749209109,3708227201,4104185692,3913600130,1260401931
dimwishlist:item=3257091167&perks=938542991,269888150,2349202967,2077819806,1749209109,3708227201,4104185692,3913600130,1260401931
dimwishlist:item=3257091167&perks=3666208348,938542991,2349202967,2077819806,1749209109,3708227201,4104185692,3913600130,1260401931
dimwishlist:item=3257091167&perks=3666208348,938542991,269888150,2349202967,2077819806,1749209109,3708227201,4104185692,3913600130
dimwishlist:item=3257091167&perks=3666208348,269888150,2077819806,1749209109,3708227201,4104185692,3913600130,1260401931
dimwishlist:item=3257091167&perks=269888150,2349202967,2077819806,1749209109,3708227201,4104185692,3913600130,1260401931
dimwishlist:item=3257091167&perks=3666208348,2349202967,2077819806,1749209109,3708227201,4104185692,3913600130,1260401931
dimwishlist:item=3257091167&perks=938542991,269888150,2077819806,1749209109,3708227201,4104185692,3913600130,1260401931
dimwishlist:item=3257091167&perks=3666208348,938542991,2077819806,1749209109,3708227201,4104185692,3913600130,1260401931
dimwishlist:item=3257091167&perks=938542991,2349202967,2077819806,1749209109,3708227201,4104185692,3913600130,1260401931
dimwishlist:item=3257091167&perks=3666208348,269888150,2349202967,2077819806,1749209109,3708227201,4104185692,3913600130
dimwishlist:item=3257091167&perks=3666208348,938542991,269888150,2077819806,1749209109,3708227201,4104185692,3913600130
dimwishlist:item=3257091167&perks=938542991,269888150,2349202967,2077819806,1749209109,3708227201,4104185692,3913600130
dimwishlist:item=3257091167&perks=3666208348,938542991,2349202967,2077819806,1749209109,3708227201,4104185692,3913600130
dimwishlist:item=3257091167&perks=269888150,2077819806,1749209109,3708227201,4104185692,3913600130,1260401931
dimwishlist:item=3257091167&perks=3666208348,2077819806,1749209109,3708227201,4104185692,3913600130,1260401931
dimwishlist:item=3257091167&perks=2349202967,2077819806,1749209109,3708227201,4104185692,3913600130,1260401931
dimwishlist:item=3257091167&perks=938542991,2077819806,1749209109,3708227201,4104185692,3913600130,1260401931
dimwishlist:item=3257091167&perks=3666208348,269888150,2077819806,1749209109,3708227201,4104185692,3913600130
dimwishlist:item=3257091167&perks=269888150,2349202967,2077819806,1749209109,3708227201,4104185692,3913600130
dimwishlist:item=3257091167&perks=3666208348,2349202967,2077819806,1749209109,3708227201,4104185692,3913600130
dimwishlist:item=3257091167&perks=938542991,269888150,2077819806,1749209109,3708227201,4104185692,3913600130
dimwishlist:item=3257091167&perks=3666208348,938542991,2077819806,1749209109,3708227201,4104185692,3913600130
dimwishlist:item=3257091167&perks=938542991,2349202967,2077819806,1749209109,3708227201,4104185692,3913600130
dimwishlist:item=3257091167&perks=2077819806,1749209109,3708227201,4104185692,3913600130,1260401931
dimwishlist:item=3257091167&perks=269888150,2077819806,1749209109,3708227201,4104185692,3913600130
dimwishlist:item=3257091167&perks=3666208348,2077819806,1749209109,3708227201,4104185692,3913600130
dimwishlist:item=3257091167&perks=2349202967,2077819806,1749209109,3708227201,4104185692,3913600130
dimwishlist:item=3257091167&perks=938542991,2077819806,1749209109,3708227201,4104185692,3913600130
dimwishlist:item=3257091167&perks=2077819806,1749209109,3708227201,4104185692,3913600130

// Eighty-Six
//notes:A-Tier. okay perks but worst frame, notable ability regen niche. Origin: Bray Legacy
dimwishlist:item=2344383760&perks=3666208348,938542991,269888150,2349202967,1749209109,4132187021,923806249,1089671869,3201496230,243981275,4139916815
dimwishlist:item=2344383760&perks=3666208348,269888150,2349202967,1749209109,4132187021,923806249,1089671869,3201496230,243981275,4139916815
dimwishlist:item=2344383760&perks=3666208348,938542991,269888150,1749209109,4132187021,923806249,1089671869,3201496230,243981275,4139916815
dimwishlist:item=2344383760&perks=938542991,269888150,2349202967,1749209109,4132187021,923806249,1089671869,3201496230,243981275,4139916815
dimwishlist:item=2344383760&perks=3666208348,938542991,2349202967,1749209109,4132187021,923806249,1089671869,3201496230,243981275,4139916815
dimwishlist:item=2344383760&perks=3666208348,938542991,269888150,2349202967,1749209109,4132187021,923806249,1089671869,3201496230,243981275
dimwishlist:item=2344383760&perks=3666208348,269888150,1749209109,4132187021,923806249,1089671869,3201496230,243981275,4139916815
dimwishlist:item=2344383760&perks=269888150,2349202967,1749209109,4132187021,923806249,1089671869,3201496230,243981275,4139916815
dimwishlist:item=2344383760&perks=3666208348,2349202967,1749209109,4132187021,923806249,1089671869,3201496230,243981275,4139916815
dimwishlist:item=2344383760&perks=938542991,269888150,1749209109,4132187021,923806249,1089671869,3201496230,243981275,4139916815
dimwishlist:item=2344383760&perks=3666208348,938542991,1749209109,4132187021,923806249,1089671869,3201496230,243981275,4139916815
dimwishlist:item=2344383760&perks=938542991,2349202967,1749209109,4132187021,923806249,1089671869,3201496230,243981275,4139916815
dimwishlist:item=2344383760&perks=3666208348,269888150,2349202967,1749209109,4132187021,923806249,1089671869,3201496230,243981275
dimwishlist:item=2344383760&perks=3666208348,938542991,269888150,1749209109,4132187021,923806249,1089671869,3201496230,243981275
dimwishlist:item=2344383760&perks=938542991,269888150,2349202967,1749209109,4132187021,923806249,1089671869,3201496230,243981275
dimwishlist:item=2344383760&perks=3666208348,938542991,2349202967,1749209109,4132187021,923806249,1089671869,3201496230,243981275
dimwishlist:item=2344383760&perks=269888150,1749209109,4132187021,923806249,1089671869,3201496230,243981275,4139916815
dimwishlist:item=2344383760&perks=3666208348,1749209109,4132187021,923806249,1089671869,3201496230,243981275,4139916815
dimwishlist:item=2344383760&perks=2349202967,1749209109,4132187021,923806249,1089671869,3201496230,243981275,4139916815
dimwishlist:item=2344383760&perks=938542991,1749209109,4132187021,923806249,1089671869,3201496230,243981275,4139916815
dimwishlist:item=2344383760&perks=3666208348,269888150,1749209109,4132187021,923806249,1089671869,3201496230,243981275
dimwishlist:item=2344383760&perks=269888150,2349202967,1749209109,4132187021,923806249,1089671869,3201496230,243981275
dimwishlist:item=2344383760&perks=3666208348,2349202967,1749209109,4132187021,923806249,1089671869,3201496230,243981275
dimwishlist:item=2344383760&perks=938542991,269888150,1749209109,4132187021,923806249,1089671869,3201496230,243981275
dimwishlist:item=2344383760&perks=3666208348,938542991,1749209109,4132187021,923806249,1089671869,3201496230,243981275
dimwishlist:item=2344383760&perks=938542991,2349202967,1749209109,4132187021,923806249,1089671869,3201496230,243981275
dimwishlist:item=2344383760&perks=1749209109,4132187021,923806249,1089671869,3201496230,243981275,4139916815
dimwishlist:item=2344383760&perks=269888150,1749209109,4132187021,923806249,1089671869,3201496230,243981275
dimwishlist:item=2344383760&perks=3666208348,1749209109,4132187021,923806249,1089671869,3201496230,243981275
dimwishlist:item=2344383760&perks=2349202967,1749209109,4132187021,923806249,1089671869,3201496230,243981275
dimwishlist:item=2344383760&perks=938542991,1749209109,4132187021,923806249,1089671869,3201496230,243981275
dimwishlist:item=2344383760&perks=1749209109,4132187021,923806249,1089671869,3201496230,243981275

// Goldtusk
//notes:A-Tier. interesting frame, arguably most consistent light spammer. Origin: Veist Stinger
dimwishlist:item=3371413057&perks=3666208348,938542991,269888150,1749209109,3913600130,3988215619
dimwishlist:item=3371413057&perks=3666208348,269888150,1749209109,3913600130,3988215619
dimwishlist:item=3371413057&perks=938542991,269888150,1749209109,3913600130,3988215619
dimwishlist:item=3371413057&perks=3666208348,938542991,1749209109,3913600130,3988215619
dimwishlist:item=3371413057&perks=3666208348,938542991,269888150,1749209109,3913600130
dimwishlist:item=3371413057&perks=269888150,1749209109,3913600130,3988215619
dimwishlist:item=3371413057&perks=3666208348,1749209109,3913600130,3988215619
dimwishlist:item=3371413057&perks=938542991,1749209109,3913600130,3988215619
dimwishlist:item=3371413057&perks=3666208348,269888150,1749209109,3913600130
dimwishlist:item=3371413057&perks=938542991,269888150,1749209109,3913600130
dimwishlist:item=3371413057&perks=3666208348,938542991,1749209109,3913600130
dimwishlist:item=3371413057&perks=1749209109,3913600130,3988215619
dimwishlist:item=3371413057&perks=269888150,1749209109,3913600130
dimwishlist:item=3371413057&perks=3666208348,1749209109,3913600130
dimwishlist:item=3371413057&perks=938542991,1749209109,3913600130
dimwishlist:item=3371413057&perks=1749209109,3913600130

// Goldtusk
//notes:A-Tier. interesting frame, arguably most consistent light spammer. Origin: Veist Stinger
dimwishlist:item=569799275&perks=3666208348,938542991,269888150,1749209109,3913600130
dimwishlist:item=569799275&perks=3666208348,269888150,1749209109,3913600130
dimwishlist:item=569799275&perks=938542991,269888150,1749209109,3913600130
dimwishlist:item=569799275&perks=3666208348,938542991,1749209109,3913600130
dimwishlist:item=569799275&perks=269888150,1749209109,3913600130
dimwishlist:item=569799275&perks=3666208348,1749209109,3913600130
dimwishlist:item=569799275&perks=938542991,1749209109,3913600130
dimwishlist:item=569799275&perks=1749209109,3913600130

// Zephyr
//notes:A-Tier. Attrition + semi-unique neutral on top of B tier features. Origin: Dawning Surprise
dimwishlist:item=3400256755&perks=3666208348,938542991,269888150,2349202967,1749209109,3913600130,3650930298
dimwishlist:item=3400256755&perks=3666208348,269888150,2349202967,1749209109,3913600130,3650930298
dimwishlist:item=3400256755&perks=3666208348,938542991,269888150,1749209109,3913600130,3650930298
dimwishlist:item=3400256755&perks=938542991,269888150,2349202967,1749209109,3913600130,3650930298
dimwishlist:item=3400256755&perks=3666208348,938542991,2349202967,1749209109,3913600130,3650930298
dimwishlist:item=3400256755&perks=3666208348,269888150,1749209109,3913600130,3650930298
dimwishlist:item=3400256755&perks=269888150,2349202967,1749209109,3913600130,3650930298
dimwishlist:item=3400256755&perks=3666208348,2349202967,1749209109,3913600130,3650930298
dimwishlist:item=3400256755&perks=938542991,269888150,1749209109,3913600130,3650930298
dimwishlist:item=3400256755&perks=3666208348,938542991,1749209109,3913600130,3650930298
dimwishlist:item=3400256755&perks=938542991,2349202967,1749209109,3913600130,3650930298
dimwishlist:item=3400256755&perks=269888150,1749209109,3913600130,3650930298
dimwishlist:item=3400256755&perks=3666208348,1749209109,3913600130,3650930298
dimwishlist:item=3400256755&perks=2349202967,1749209109,3913600130,3650930298
dimwishlist:item=3400256755&perks=938542991,1749209109,3913600130,3650930298
dimwishlist:item=3400256755&perks=1749209109,3913600130,3650930298

// Zephyr
//notes:A-Tier. Attrition + semi-unique neutral on top of B tier features. Origin: Dawning Surprise
dimwishlist:item=4203034886&perks=3666208348,3913600130
dimwishlist:item=4203034886&perks=3913600130

// Zephyr
//notes:A-Tier. Attrition + semi-unique neutral on top of B tier features. Origin: Dawning Surprise
dimwishlist:item=396910433&perks=3666208348,938542991,269888150,2349202967,1749209109,3708227201,3913600130,3650930298,4264904777
dimwishlist:item=396910433&perks=3666208348,269888150,2349202967,1749209109,3708227201,3913600130,3650930298,4264904777
dimwishlist:item=396910433&perks=3666208348,938542991,269888150,1749209109,3708227201,3913600130,3650930298,4264904777
dimwishlist:item=396910433&perks=938542991,269888150,2349202967,1749209109,3708227201,3913600130,3650930298,4264904777
dimwishlist:item=396910433&perks=3666208348,938542991,2349202967,1749209109,3708227201,3913600130,3650930298,4264904777
dimwishlist:item=396910433&perks=3666208348,938542991,269888150,2349202967,1749209109,3708227201,3913600130,3650930298
dimwishlist:item=396910433&perks=3666208348,269888150,1749209109,3708227201,3913600130,3650930298,4264904777
dimwishlist:item=396910433&perks=269888150,2349202967,1749209109,3708227201,3913600130,3650930298,4264904777
dimwishlist:item=396910433&perks=3666208348,2349202967,1749209109,3708227201,3913600130,3650930298,4264904777
dimwishlist:item=396910433&perks=938542991,269888150,1749209109,3708227201,3913600130,3650930298,4264904777
dimwishlist:item=396910433&perks=3666208348,938542991,1749209109,3708227201,3913600130,3650930298,4264904777
dimwishlist:item=396910433&perks=938542991,2349202967,1749209109,3708227201,3913600130,3650930298,4264904777
dimwishlist:item=396910433&perks=3666208348,269888150,2349202967,1749209109,3708227201,3913600130,3650930298
dimwishlist:item=396910433&perks=3666208348,938542991,269888150,1749209109,3708227201,3913600130,3650930298
dimwishlist:item=396910433&perks=938542991,269888150,2349202967,1749209109,3708227201,3913600130,3650930298
dimwishlist:item=396910433&perks=3666208348,938542991,2349202967,1749209109,3708227201,3913600130,3650930298
dimwishlist:item=396910433&perks=269888150,1749209109,3708227201,3913600130,3650930298,4264904777
dimwishlist:item=396910433&perks=3666208348,1749209109,3708227201,3913600130,3650930298,4264904777
dimwishlist:item=396910433&perks=2349202967,1749209109,3708227201,3913600130,3650930298,4264904777
dimwishlist:item=396910433&perks=938542991,1749209109,3708227201,3913600130,3650930298,4264904777
dimwishlist:item=396910433&perks=3666208348,269888150,1749209109,3708227201,3913600130,3650930298
dimwishlist:item=396910433&perks=269888150,2349202967,1749209109,3708227201,3913600130,3650930298
dimwishlist:item=396910433&perks=3666208348,2349202967,1749209109,3708227201,3913600130,3650930298
dimwishlist:item=396910433&perks=938542991,269888150,1749209109,3708227201,3913600130,3650930298
dimwishlist:item=396910433&perks=3666208348,938542991,1749209109,3708227201,3913600130,3650930298
dimwishlist:item=396910433&perks=938542991,2349202967,1749209109,3708227201,3913600130,3650930298
dimwishlist:item=396910433&perks=1749209109,3708227201,3913600130,3650930298,4264904777
dimwishlist:item=396910433&perks=269888150,1749209109,3708227201,3913600130,3650930298
dimwishlist:item=396910433&perks=3666208348,1749209109,3708227201,3913600130,3650930298
dimwishlist:item=396910433&perks=2349202967,1749209109,3708227201,3913600130,3650930298
dimwishlist:item=396910433&perks=938542991,1749209109,3708227201,3913600130,3650930298
dimwishlist:item=396910433&perks=1749209109,3708227201,3913600130,3650930298

// Zephyr
//notes:A-Tier. Attrition + semi-unique neutral on top of B tier features. Origin: Dawning Surprise
dimwishlist:item=601948197&perks=3666208348,938542991,269888150,2349202967,1749209109,243981275,1955165503,3708227201,3913600130,3650930298,4264904777
dimwishlist:item=601948197&perks=3666208348,269888150,2349202967,1749209109,243981275,1955165503,3708227201,3913600130,3650930298,4264904777
dimwishlist:item=601948197&perks=3666208348,938542991,269888150,1749209109,243981275,1955165503,3708227201,3913600130,3650930298,4264904777
dimwishlist:item=601948197&perks=938542991,269888150,2349202967,1749209109,243981275,1955165503,3708227201,3913600130,3650930298,4264904777
dimwishlist:item=601948197&perks=3666208348,938542991,2349202967,1749209109,243981275,1955165503,3708227201,3913600130,3650930298,4264904777
dimwishlist:item=601948197&perks=3666208348,938542991,269888150,2349202967,1749209109,243981275,1955165503,3708227201,3913600130,3650930298
dimwishlist:item=601948197&perks=3666208348,269888150,1749209109,243981275,1955165503,3708227201,3913600130,3650930298,4264904777
dimwishlist:item=601948197&perks=269888150,2349202967,1749209109,243981275,1955165503,3708227201,3913600130,3650930298,4264904777
dimwishlist:item=601948197&perks=3666208348,2349202967,1749209109,243981275,1955165503,3708227201,3913600130,3650930298,4264904777
dimwishlist:item=601948197&perks=938542991,269888150,1749209109,243981275,1955165503,3708227201,3913600130,3650930298,4264904777
dimwishlist:item=601948197&perks=3666208348,938542991,1749209109,243981275,1955165503,3708227201,3913600130,3650930298,4264904777
dimwishlist:item=601948197&perks=938542991,2349202967,1749209109,243981275,1955165503,3708227201,3913600130,3650930298,4264904777
dimwishlist:item=601948197&perks=3666208348,269888150,2349202967,1749209109,243981275,1955165503,3708227201,3913600130,3650930298
dimwishlist:item=601948197&perks=3666208348,938542991,269888150,1749209109,243981275,1955165503,3708227201,3913600130,3650930298
dimwishlist:item=601948197&perks=938542991,269888150,2349202967,1749209109,243981275,1955165503,3708227201,3913600130,3650930298
dimwishlist:item=601948197&perks=3666208348,938542991,2349202967,1749209109,243981275,1955165503,3708227201,3913600130,3650930298
dimwishlist:item=601948197&perks=269888150,1749209109,243981275,1955165503,3708227201,3913600130,3650930298,4264904777
dimwishlist:item=601948197&perks=3666208348,1749209109,243981275,1955165503,3708227201,3913600130,3650930298,4264904777
dimwishlist:item=601948197&perks=2349202967,1749209109,243981275,1955165503,3708227201,3913600130,3650930298,4264904777
dimwishlist:item=601948197&perks=938542991,1749209109,243981275,1955165503,3708227201,3913600130,3650930298,4264904777
dimwishlist:item=601948197&perks=3666208348,269888150,1749209109,243981275,1955165503,3708227201,3913600130,3650930298
dimwishlist:item=601948197&perks=269888150,2349202967,1749209109,243981275,1955165503,3708227201,3913600130,3650930298
dimwishlist:item=601948197&perks=3666208348,2349202967,1749209109,243981275,1955165503,3708227201,3913600130,3650930298
dimwishlist:item=601948197&perks=938542991,269888150,1749209109,243981275,1955165503,3708227201,3913600130,3650930298
dimwishlist:item=601948197&perks=3666208348,938542991,1749209109,243981275,1955165503,3708227201,3913600130,3650930298
dimwishlist:item=601948197&perks=938542991,2349202967,1749209109,243981275,1955165503,3708227201,3913600130,3650930298
dimwishlist:item=601948197&perks=1749209109,243981275,1955165503,3708227201,3913600130,3650930298,4264904777
dimwishlist:item=601948197&perks=269888150,1749209109,243981275,1955165503,3708227201,3913600130,3650930298
dimwishlist:item=601948197&perks=3666208348,1749209109,243981275,1955165503,3708227201,3913600130,3650930298
dimwishlist:item=601948197&perks=2349202967,1749209109,243981275,1955165503,3708227201,3913600130,3650930298
dimwishlist:item=601948197&perks=938542991,1749209109,243981275,1955165503,3708227201,3913600130,3650930298
dimwishlist:item=601948197&perks=1749209109,243981275,1955165503,3708227201,3913600130,3650930298

// Zephyr
//notes:A-Tier. Attrition + semi-unique neutral on top of B tier features. Origin: Dawning Surprise
dimwishlist:item=1911078836&perks=3666208348,938542991,269888150,2349202967,1749209109,243981275,3708227201,3913600130,3650930298,4264904777
dimwishlist:item=1911078836&perks=3666208348,269888150,2349202967,1749209109,243981275,3708227201,3913600130,3650930298,4264904777
dimwishlist:item=1911078836&perks=3666208348,938542991,269888150,1749209109,243981275,3708227201,3913600130,3650930298,4264904777
dimwishlist:item=1911078836&perks=938542991,269888150,2349202967,1749209109,243981275,3708227201,3913600130,3650930298,4264904777
dimwishlist:item=1911078836&perks=3666208348,938542991,2349202967,1749209109,243981275,3708227201,3913600130,3650930298,4264904777
dimwishlist:item=1911078836&perks=3666208348,938542991,269888150,2349202967,1749209109,243981275,3708227201,3913600130,3650930298
dimwishlist:item=1911078836&perks=3666208348,269888150,1749209109,243981275,3708227201,3913600130,3650930298,4264904777
dimwishlist:item=1911078836&perks=269888150,2349202967,1749209109,243981275,3708227201,3913600130,3650930298,4264904777
dimwishlist:item=1911078836&perks=3666208348,2349202967,1749209109,243981275,3708227201,3913600130,3650930298,4264904777
dimwishlist:item=1911078836&perks=938542991,269888150,1749209109,243981275,3708227201,3913600130,3650930298,4264904777
dimwishlist:item=1911078836&perks=3666208348,938542991,1749209109,243981275,3708227201,3913600130,3650930298,4264904777
dimwishlist:item=1911078836&perks=938542991,2349202967,1749209109,243981275,3708227201,3913600130,3650930298,4264904777
dimwishlist:item=1911078836&perks=3666208348,269888150,2349202967,1749209109,243981275,3708227201,3913600130,3650930298
dimwishlist:item=1911078836&perks=3666208348,938542991,269888150,1749209109,243981275,3708227201,3913600130,3650930298
dimwishlist:item=1911078836&perks=938542991,269888150,2349202967,1749209109,243981275,3708227201,3913600130,3650930298
dimwishlist:item=1911078836&perks=3666208348,938542991,2349202967,1749209109,243981275,3708227201,3913600130,3650930298
dimwishlist:item=1911078836&perks=269888150,1749209109,243981275,3708227201,3913600130,3650930298,4264904777
dimwishlist:item=1911078836&perks=3666208348,1749209109,243981275,3708227201,3913600130,3650930298,4264904777
dimwishlist:item=1911078836&perks=2349202967,1749209109,243981275,3708227201,3913600130,3650930298,4264904777
dimwishlist:item=1911078836&perks=938542991,1749209109,243981275,3708227201,3913600130,3650930298,4264904777
dimwishlist:item=1911078836&perks=3666208348,269888150,1749209109,243981275,3708227201,3913600130,3650930298
dimwishlist:item=1911078836&perks=269888150,2349202967,1749209109,243981275,3708227201,3913600130,3650930298
dimwishlist:item=1911078836&perks=3666208348,2349202967,1749209109,243981275,3708227201,3913600130,3650930298
dimwishlist:item=1911078836&perks=938542991,269888150,1749209109,243981275,3708227201,3913600130,3650930298
dimwishlist:item=1911078836&perks=3666208348,938542991,1749209109,243981275,3708227201,3913600130,3650930298
dimwishlist:item=1911078836&perks=938542991,2349202967,1749209109,243981275,3708227201,3913600130,3650930298
dimwishlist:item=1911078836&perks=1749209109,243981275,3708227201,3913600130,3650930298,4264904777
dimwishlist:item=1911078836&perks=269888150,1749209109,243981275,3708227201,3913600130,3650930298
dimwishlist:item=1911078836&perks=3666208348,1749209109,243981275,3708227201,3913600130,3650930298
dimwishlist:item=1911078836&perks=2349202967,1749209109,243981275,3708227201,3913600130,3650930298
dimwishlist:item=1911078836&perks=938542991,1749209109,243981275,3708227201,3913600130,3650930298
dimwishlist:item=1911078836&perks=1749209109,243981275,3708227201,3913600130,3650930298

// Temptation's Hook
//notes:A-Tier. worse ammo than Ill Omen, no Surrounded, better origin. Origin: Paracausal Fluid
dimwishlist:item=35794111&perks=3666208348,938542991,269888150,2349202967,1749209109,3913600130
dimwishlist:item=35794111&perks=3666208348,269888150,2349202967,1749209109,3913600130
dimwishlist:item=35794111&perks=3666208348,938542991,269888150,1749209109,3913600130
dimwishlist:item=35794111&perks=938542991,269888150,2349202967,1749209109,3913600130
dimwishlist:item=35794111&perks=3666208348,938542991,2349202967,1749209109,3913600130
dimwishlist:item=35794111&perks=3666208348,269888150,1749209109,3913600130
dimwishlist:item=35794111&perks=269888150,2349202967,1749209109,3913600130
dimwishlist:item=35794111&perks=3666208348,2349202967,1749209109,3913600130
dimwishlist:item=35794111&perks=938542991,269888150,1749209109,3913600130
dimwishlist:item=35794111&perks=3666208348,938542991,1749209109,3913600130
dimwishlist:item=35794111&perks=938542991,2349202967,1749209109,3913600130
dimwishlist:item=35794111&perks=269888150,1749209109,3913600130
dimwishlist:item=35794111&perks=3666208348,1749209109,3913600130
dimwishlist:item=35794111&perks=2349202967,1749209109,3913600130
dimwishlist:item=35794111&perks=938542991,1749209109,3913600130
dimwishlist:item=35794111&perks=1749209109,3913600130

// Temptation's Hook
//notes:A-Tier. worse ammo than Ill Omen, no Surrounded, better origin. Origin: Paracausal Fluid
dimwishlist:item=1587953057&perks=3666208348,938542991,269888150,2349202967,1749209109,243981275,3913600130,1600429811
dimwishlist:item=1587953057&perks=3666208348,269888150,2349202967,1749209109,243981275,3913600130,1600429811
dimwishlist:item=1587953057&perks=3666208348,938542991,269888150,1749209109,243981275,3913600130,1600429811
dimwishlist:item=1587953057&perks=938542991,269888150,2349202967,1749209109,243981275,3913600130,1600429811
dimwishlist:item=1587953057&perks=3666208348,938542991,2349202967,1749209109,243981275,3913600130,1600429811
dimwishlist:item=1587953057&perks=3666208348,938542991,269888150,2349202967,1749209109,243981275,3913600130
dimwishlist:item=1587953057&perks=3666208348,269888150,1749209109,243981275,3913600130,1600429811
dimwishlist:item=1587953057&perks=269888150,2349202967,1749209109,243981275,3913600130,1600429811
dimwishlist:item=1587953057&perks=3666208348,2349202967,1749209109,243981275,3913600130,1600429811
dimwishlist:item=1587953057&perks=938542991,269888150,1749209109,243981275,3913600130,1600429811
dimwishlist:item=1587953057&perks=3666208348,938542991,1749209109,243981275,3913600130,1600429811
dimwishlist:item=1587953057&perks=938542991,2349202967,1749209109,243981275,3913600130,1600429811
dimwishlist:item=1587953057&perks=3666208348,269888150,2349202967,1749209109,243981275,3913600130
dimwishlist:item=1587953057&perks=3666208348,938542991,269888150,1749209109,243981275,3913600130
dimwishlist:item=1587953057&perks=938542991,269888150,2349202967,1749209109,243981275,3913600130
dimwishlist:item=1587953057&perks=3666208348,938542991,2349202967,1749209109,243981275,3913600130
dimwishlist:item=1587953057&perks=269888150,1749209109,243981275,3913600130,1600429811
dimwishlist:item=1587953057&perks=3666208348,1749209109,243981275,3913600130,1600429811
dimwishlist:item=1587953057&perks=2349202967,1749209109,243981275,3913600130,1600429811
dimwishlist:item=1587953057&perks=938542991,1749209109,243981275,3913600130,1600429811
dimwishlist:item=1587953057&perks=3666208348,269888150,1749209109,243981275,3913600130
dimwishlist:item=1587953057&perks=269888150,2349202967,1749209109,243981275,3913600130
dimwishlist:item=1587953057&perks=3666208348,2349202967,1749209109,243981275,3913600130
dimwishlist:item=1587953057&perks=938542991,269888150,1749209109,243981275,3913600130
dimwishlist:item=1587953057&perks=3666208348,938542991,1749209109,243981275,3913600130
dimwishlist:item=1587953057&perks=938542991,2349202967,1749209109,243981275,3913600130
dimwishlist:item=1587953057&perks=1749209109,243981275,3913600130,1600429811
dimwishlist:item=1587953057&perks=269888150,1749209109,243981275,3913600130
dimwishlist:item=1587953057&perks=3666208348,1749209109,243981275,3913600130
dimwishlist:item=1587953057&perks=2349202967,1749209109,243981275,3913600130
dimwishlist:item=1587953057&perks=938542991,1749209109,243981275,3913600130
dimwishlist:item=1587953057&perks=1749209109,243981275,3913600130

// Opaque Hourglass
//notes:no double damage but solid reload/damage perks. Origin: Frame of Reference
dimwishlist:item=1553681400&perks=1220787353,2955427634,1069117426,1202133695,951095735,3824105627,4042220767,1089671869,2848615171,1771339417,2597494435
dimwishlist:item=1553681400&perks=1220787353,2955427634,1069117426,951095735,3824105627,4042220767,1089671869,2848615171,1771339417,2597494435
dimwishlist:item=1553681400&perks=1220787353,2955427634,1202133695,951095735,3824105627,4042220767,1089671869,2848615171,1771339417,2597494435
dimwishlist:item=1553681400&perks=1220787353,1069117426,1202133695,951095735,3824105627,4042220767,1089671869,2848615171,1771339417,2597494435
dimwishlist:item=1553681400&perks=1220787353,2955427634,951095735,3824105627,4042220767,1089671869,2848615171,1771339417,2597494435
dimwishlist:item=1553681400&perks=2955427634,1069117426,951095735,3824105627,4042220767,1089671869,2848615171,1771339417,2597494435
dimwishlist:item=1553681400&perks=1220787353,1069117426,951095735,3824105627,4042220767,1089671869,2848615171,1771339417,2597494435
dimwishlist:item=1553681400&perks=2955427634,1202133695,951095735,3824105627,4042220767,1089671869,2848615171,1771339417,2597494435
dimwishlist:item=1553681400&perks=1220787353,1202133695,951095735,3824105627,4042220767,1089671869,2848615171,1771339417,2597494435
dimwishlist:item=1553681400&perks=1069117426,1202133695,951095735,3824105627,4042220767,1089671869,2848615171,1771339417,2597494435
dimwishlist:item=1553681400&perks=1220787353,2955427634,1069117426,951095735,3824105627,4042220767,1089671869,2848615171,1771339417
dimwishlist:item=1553681400&perks=1220787353,2955427634,1202133695,951095735,3824105627,4042220767,1089671869,2848615171,1771339417
dimwishlist:item=1553681400&perks=1220787353,1069117426,1202133695,951095735,3824105627,4042220767,1089671869,2848615171,1771339417
dimwishlist:item=1553681400&perks=2955427634,951095735,3824105627,4042220767,1089671869,2848615171,1771339417,2597494435
dimwishlist:item=1553681400&perks=1220787353,951095735,3824105627,4042220767,1089671869,2848615171,1771339417,2597494435
dimwishlist:item=1553681400&perks=1069117426,951095735,3824105627,4042220767,1089671869,2848615171,1771339417,2597494435
dimwishlist:item=1553681400&perks=1202133695,951095735,3824105627,4042220767,1089671869,2848615171,1771339417,2597494435
dimwishlist:item=1553681400&perks=1220787353,2955427634,951095735,3824105627,4042220767,1089671869,2848615171,1771339417
dimwishlist:item=1553681400&perks=2955427634,1069117426,951095735,3824105627,4042220767,1089671869,2848615171,1771339417
dimwishlist:item=1553681400&perks=1220787353,1069117426,951095735,3824105627,4042220767,1089671869,2848615171,1771339417
dimwishlist:item=1553681400&perks=2955427634,1202133695,951095735,3824105627,4042220767,1089671869,2848615171,1771339417
dimwishlist:item=1553681400&perks=1220787353,1202133695,951095735,3824105627,4042220767,1089671869,2848615171,1771339417
dimwishlist:item=1553681400&perks=1069117426,1202133695,951095735,3824105627,4042220767,1089671869,2848615171,1771339417
dimwishlist:item=1553681400&perks=951095735,3824105627,4042220767,1089671869,2848615171,1771339417,2597494435
dimwishlist:item=1553681400&perks=2955427634,951095735,3824105627,4042220767,1089671869,2848615171,1771339417
dimwishlist:item=1553681400&perks=1220787353,951095735,3824105627,4042220767,1089671869,2848615171,1771339417
dimwishlist:item=1553681400&perks=1069117426,951095735,3824105627,4042220767,1089671869,2848615171,1771339417
dimwishlist:item=1553681400&perks=1202133695,951095735,3824105627,4042220767,1089671869,2848615171,1771339417
dimwishlist:item=1553681400&perks=951095735,3824105627,4042220767,1089671869,2848615171,1771339417

// Submersion
//notes:cool add clear option. Origin: Contending Cascade
dimwishlist:item=3524386983&perks=1220787353,2955427634,1069117426,1202133695,3300816228,4042220767,1570399071,3764420437,124408337,2978966579,934928524
dimwishlist:item=3524386983&perks=1220787353,2955427634,1069117426,3300816228,4042220767,1570399071,3764420437,124408337,2978966579,934928524
dimwishlist:item=3524386983&perks=1220787353,2955427634,1202133695,3300816228,4042220767,1570399071,3764420437,124408337,2978966579,934928524
dimwishlist:item=3524386983&perks=1220787353,1069117426,1202133695,3300816228,4042220767,1570399071,3764420437,124408337,2978966579,934928524
dimwishlist:item=3524386983&perks=1220787353,2955427634,3300816228,4042220767,1570399071,3764420437,124408337,2978966579,934928524
dimwishlist:item=3524386983&perks=2955427634,1069117426,3300816228,4042220767,1570399071,3764420437,124408337,2978966579,934928524
dimwishlist:item=3524386983&perks=1220787353,1069117426,3300816228,4042220767,1570399071,3764420437,124408337,2978966579,934928524
dimwishlist:item=3524386983&perks=2955427634,1202133695,3300816228,4042220767,1570399071,3764420437,124408337,2978966579,934928524
dimwishlist:item=3524386983&perks=1220787353,1202133695,3300816228,4042220767,1570399071,3764420437,124408337,2978966579,934928524
dimwishlist:item=3524386983&perks=1069117426,1202133695,3300816228,4042220767,1570399071,3764420437,124408337,2978966579,934928524
dimwishlist:item=3524386983&perks=1220787353,2955427634,1069117426,3300816228,4042220767,1570399071,3764420437,124408337,2978966579
dimwishlist:item=3524386983&perks=1220787353,2955427634,1202133695,3300816228,4042220767,1570399071,3764420437,124408337,2978966579
dimwishlist:item=3524386983&perks=1220787353,1069117426,1202133695,3300816228,4042220767,1570399071,3764420437,124408337,2978966579
dimwishlist:item=3524386983&perks=2955427634,3300816228,4042220767,1570399071,3764420437,124408337,2978966579,934928524
dimwishlist:item=3524386983&perks=1220787353,3300816228,4042220767,1570399071,3764420437,124408337,2978966579,934928524
dimwishlist:item=3524386983&perks=1069117426,3300816228,4042220767,1570399071,3764420437,124408337,2978966579,934928524
dimwishlist:item=3524386983&perks=1202133695,3300816228,4042220767,1570399071,3764420437,124408337,2978966579,934928524
dimwishlist:item=3524386983&perks=1220787353,2955427634,3300816228,4042220767,1570399071,3764420437,124408337,2978966579
dimwishlist:item=3524386983&perks=2955427634,1069117426,3300816228,4042220767,1570399071,3764420437,124408337,2978966579
dimwishlist:item=3524386983&perks=1220787353,1069117426,3300816228,4042220767,1570399071,3764420437,124408337,2978966579
dimwishlist:item=3524386983&perks=2955427634,1202133695,3300816228,4042220767,1570399071,3764420437,124408337,2978966579
dimwishlist:item=3524386983&perks=1220787353,1202133695,3300816228,4042220767,1570399071,3764420437,124408337,2978966579
dimwishlist:item=3524386983&perks=1069117426,1202133695,3300816228,4042220767,1570399071,3764420437,124408337,2978966579
dimwishlist:item=3524386983&perks=3300816228,4042220767,1570399071,3764420437,124408337,2978966579,934928524
dimwishlist:item=3524386983&perks=2955427634,3300816228,4042220767,1570399071,3764420437,124408337,2978966579
dimwishlist:item=3524386983&perks=1220787353,3300816228,4042220767,1570399071,3764420437,124408337,2978966579
dimwishlist:item=3524386983&perks=1069117426,3300816228,4042220767,1570399071,3764420437,124408337,2978966579
dimwishlist:item=3524386983&perks=1202133695,3300816228,4042220767,1570399071,3764420437,124408337,2978966579
dimwishlist:item=3524386983&perks=3300816228,4042220767,1570399071,3764420437,124408337,2978966579

// Submersion
//notes:cool add clear option. Origin: Contending Cascade
dimwishlist:item=1724104236&perks=1220787353,2955427634,1069117426,1202133695,3300816228,4042220767,1570399071,3764420437,124408337,2978966579,934928524
dimwishlist:item=1724104236&perks=1220787353,2955427634,1069117426,3300816228,4042220767,1570399071,3764420437,124408337,2978966579,934928524
dimwishlist:item=1724104236&perks=1220787353,2955427634,1202133695,3300816228,4042220767,1570399071,3764420437,124408337,2978966579,934928524
dimwishlist:item=1724104236&perks=1220787353,1069117426,1202133695,3300816228,4042220767,1570399071,3764420437,124408337,2978966579,934928524
dimwishlist:item=1724104236&perks=1220787353,2955427634,3300816228,4042220767,1570399071,3764420437,124408337,2978966579,934928524
dimwishlist:item=1724104236&perks=2955427634,1069117426,3300816228,4042220767,1570399071,3764420437,124408337,2978966579,934928524
dimwishlist:item=1724104236&perks=1220787353,1069117426,3300816228,4042220767,1570399071,3764420437,124408337,2978966579,934928524
dimwishlist:item=1724104236&perks=2955427634,1202133695,3300816228,4042220767,1570399071,3764420437,124408337,2978966579,934928524
dimwishlist:item=1724104236&perks=1220787353,1202133695,3300816228,4042220767,1570399071,3764420437,124408337,2978966579,934928524
dimwishlist:item=1724104236&perks=1069117426,1202133695,3300816228,4042220767,1570399071,3764420437,124408337,2978966579,934928524
dimwishlist:item=1724104236&perks=1220787353,2955427634,1069117426,3300816228,4042220767,1570399071,3764420437,124408337,2978966579
dimwishlist:item=1724104236&perks=1220787353,2955427634,1202133695,3300816228,4042220767,1570399071,3764420437,124408337,2978966579
dimwishlist:item=1724104236&perks=1220787353,1069117426,1202133695,3300816228,4042220767,1570399071,3764420437,124408337,2978966579
dimwishlist:item=1724104236&perks=2955427634,3300816228,4042220767,1570399071,3764420437,124408337,2978966579,934928524
dimwishlist:item=1724104236&perks=1220787353,3300816228,4042220767,1570399071,3764420437,124408337,2978966579,934928524
dimwishlist:item=1724104236&perks=1069117426,3300816228,4042220767,1570399071,3764420437,124408337,2978966579,934928524
dimwishlist:item=1724104236&perks=1202133695,3300816228,4042220767,1570399071,3764420437,124408337,2978966579,934928524
dimwishlist:item=1724104236&perks=1220787353,2955427634,3300816228,4042220767,1570399071,3764420437,124408337,2978966579
dimwishlist:item=1724104236&perks=2955427634,1069117426,3300816228,4042220767,1570399071,3764420437,124408337,2978966579
dimwishlist:item=1724104236&perks=1220787353,1069117426,3300816228,4042220767,1570399071,3764420437,124408337,2978966579
dimwishlist:item=1724104236&perks=2955427634,1202133695,3300816228,4042220767,1570399071,3764420437,124408337,2978966579
dimwishlist:item=1724104236&perks=1220787353,1202133695,3300816228,4042220767,1570399071,3764420437,124408337,2978966579
dimwishlist:item=1724104236&perks=1069117426,1202133695,3300816228,4042220767,1570399071,3764420437,124408337,2978966579
dimwishlist:item=1724104236&perks=3300816228,4042220767,1570399071,3764420437,124408337,2978966579,934928524
dimwishlist:item=1724104236&perks=2955427634,3300816228,4042220767,1570399071,3764420437,124408337,2978966579
dimwishlist:item=1724104236&perks=1220787353,3300816228,4042220767,1570399071,3764420437,124408337,2978966579
dimwishlist:item=1724104236&perks=1069117426,3300816228,4042220767,1570399071,3764420437,124408337,2978966579
dimwishlist:item=1724104236&perks=1202133695,3300816228,4042220767,1570399071,3764420437,124408337,2978966579
dimwishlist:item=1724104236&perks=3300816228,4042220767,1570399071,3764420437,124408337,2978966579

// A Good Shout
//notes:potential damage option if High Ground is usable on a boss. Origin: Accelerated Assault
dimwishlist:item=3615748501&perks=1220787353,2955427634,1069117426,1202133695,3987942396,4042220767,1134488199,2319119708,2551157718
dimwishlist:item=3615748501&perks=1220787353,2955427634,1069117426,3987942396,4042220767,1134488199,2319119708,2551157718
dimwishlist:item=3615748501&perks=1220787353,2955427634,1202133695,3987942396,4042220767,1134488199,2319119708,2551157718
dimwishlist:item=3615748501&perks=1220787353,1069117426,1202133695,3987942396,4042220767,1134488199,2319119708,2551157718
dimwishlist:item=3615748501&perks=1220787353,2955427634,3987942396,4042220767,1134488199,2319119708,2551157718
dimwishlist:item=3615748501&perks=2955427634,1069117426,3987942396,4042220767,1134488199,2319119708,2551157718
dimwishlist:item=3615748501&perks=1220787353,1069117426,3987942396,4042220767,1134488199,2319119708,2551157718
dimwishlist:item=3615748501&perks=2955427634,1202133695,3987942396,4042220767,1134488199,2319119708,2551157718
dimwishlist:item=3615748501&perks=1220787353,1202133695,3987942396,4042220767,1134488199,2319119708,2551157718
dimwishlist:item=3615748501&perks=1069117426,1202133695,3987942396,4042220767,1134488199,2319119708,2551157718
dimwishlist:item=3615748501&perks=2955427634,3987942396,4042220767,1134488199,2319119708,2551157718
dimwishlist:item=3615748501&perks=1220787353,3987942396,4042220767,1134488199,2319119708,2551157718
dimwishlist:item=3615748501&perks=1069117426,3987942396,4042220767,1134488199,2319119708,2551157718
dimwishlist:item=3615748501&perks=1202133695,3987942396,4042220767,1134488199,2319119708,2551157718
dimwishlist:item=3615748501&perks=3987942396,4042220767,1134488199,2319119708,2551157718

// A Good Shout
//notes:potential damage option if High Ground is usable on a boss. Origin: Accelerated Assault
dimwishlist:item=649691506&perks=1220787353,2955427634,1069117426,1202133695,3987942396,4042220767,1134488199,2319119708,2551157718,2697390518
dimwishlist:item=649691506&perks=1220787353,2955427634,1069117426,3987942396,4042220767,1134488199,2319119708,2551157718,2697390518
dimwishlist:item=649691506&perks=1220787353,2955427634,1202133695,3987942396,4042220767,1134488199,2319119708,2551157718,2697390518
dimwishlist:item=649691506&perks=1220787353,1069117426,1202133695,3987942396,4042220767,1134488199,2319119708,2551157718,2697390518
dimwishlist:item=649691506&perks=1220787353,2955427634,3987942396,4042220767,1134488199,2319119708,2551157718,2697390518
dimwishlist:item=649691506&perks=2955427634,1069117426,3987942396,4042220767,1134488199,2319119708,2551157718,2697390518
dimwishlist:item=649691506&perks=1220787353,1069117426,3987942396,4042220767,1134488199,2319119708,2551157718,2697390518
dimwishlist:item=649691506&perks=2955427634,1202133695,3987942396,4042220767,1134488199,2319119708,2551157718,2697390518
dimwishlist:item=649691506&perks=1220787353,1202133695,3987942396,4042220767,1134488199,2319119708,2551157718,2697390518
dimwishlist:item=649691506&perks=1069117426,1202133695,3987942396,4042220767,1134488199,2319119708,2551157718,2697390518
dimwishlist:item=649691506&perks=1220787353,2955427634,1069117426,3987942396,4042220767,1134488199,2319119708,2551157718
dimwishlist:item=649691506&perks=1220787353,2955427634,1202133695,3987942396,4042220767,1134488199,2319119708,2551157718
dimwishlist:item=649691506&perks=1220787353,1069117426,1202133695,3987942396,4042220767,1134488199,2319119708,2551157718
dimwishlist:item=649691506&perks=2955427634,3987942396,4042220767,1134488199,2319119708,2551157718,2697390518
dimwishlist:item=649691506&perks=1220787353,3987942396,4042220767,1134488199,2319119708,2551157718,2697390518
dimwishlist:item=649691506&perks=1069117426,3987942396,4042220767,1134488199,2319119708,2551157718,2697390518
dimwishlist:item=649691506&perks=1202133695,3987942396,4042220767,1134488199,2319119708,2551157718,2697390518
dimwishlist:item=649691506&perks=1220787353,2955427634,3987942396,4042220767,1134488199,2319119708,2551157718
dimwishlist:item=649691506&perks=2955427634,1069117426,3987942396,4042220767,1134488199,2319119708,2551157718
dimwishlist:item=649691506&perks=1220787353,1069117426,3987942396,4042220767,1134488199,2319119708,2551157718
dimwishlist:item=649691506&perks=2955427634,1202133695,3987942396,4042220767,1134488199,2319119708,2551157718
dimwishlist:item=649691506&perks=1220787353,1202133695,3987942396,4042220767,1134488199,2319119708,2551157718
dimwishlist:item=649691506&perks=1069117426,1202133695,3987942396,4042220767,1134488199,2319119708,2551157718
dimwishlist:item=649691506&perks=3987942396,4042220767,1134488199,2319119708,2551157718,2697390518
dimwishlist:item=649691506&perks=2955427634,3987942396,4042220767,1134488199,2319119708,2551157718
dimwishlist:item=649691506&perks=1220787353,3987942396,4042220767,1134488199,2319119708,2551157718
dimwishlist:item=649691506&perks=1069117426,3987942396,4042220767,1134488199,2319119708,2551157718
dimwishlist:item=649691506&perks=1202133695,3987942396,4042220767,1134488199,2319119708,2551157718
dimwishlist:item=649691506&perks=3987942396,4042220767,1134488199,2319119708,2551157718

// Uncivil Discourse
//notes:BiS for LP for now. Origin: Accelerated Assault
dimwishlist:item=2462965802&perks=1840239774,807993149,1092016998,1421772400,3932949589,555281244,2109543898,3713579091
dimwishlist:item=2462965802&perks=1840239774,807993149,1421772400,3932949589,555281244,2109543898,3713579091
dimwishlist:item=2462965802&perks=807993149,1092016998,1421772400,3932949589,555281244,2109543898,3713579091
dimwishlist:item=2462965802&perks=1840239774,1092016998,1421772400,3932949589,555281244,2109543898,3713579091
dimwishlist:item=2462965802&perks=1840239774,807993149,1092016998,1421772400,3932949589,555281244,2109543898
dimwishlist:item=2462965802&perks=807993149,1421772400,3932949589,555281244,2109543898,3713579091
dimwishlist:item=2462965802&perks=1840239774,1421772400,3932949589,555281244,2109543898,3713579091
dimwishlist:item=2462965802&perks=1092016998,1421772400,3932949589,555281244,2109543898,3713579091
dimwishlist:item=2462965802&perks=1840239774,807993149,1421772400,3932949589,555281244,2109543898
dimwishlist:item=2462965802&perks=807993149,1092016998,1421772400,3932949589,555281244,2109543898
dimwishlist:item=2462965802&perks=1840239774,1092016998,1421772400,3932949589,555281244,2109543898
dimwishlist:item=2462965802&perks=1421772400,3932949589,555281244,2109543898,3713579091
dimwishlist:item=2462965802&perks=807993149,1421772400,3932949589,555281244,2109543898
dimwishlist:item=2462965802&perks=1840239774,1421772400,3932949589,555281244,2109543898
dimwishlist:item=2462965802&perks=1092016998,1421772400,3932949589,555281244,2109543898
dimwishlist:item=2462965802&perks=1421772400,3932949589,555281244,2109543898

// Uncivil Discourse
//notes:BiS for LP for now. Origin: Accelerated Assault
dimwishlist:item=3146657389&perks=1840239774,807993149,1092016998,1421772400,3932949589,555281244,2109543898
dimwishlist:item=3146657389&perks=1840239774,807993149,1421772400,3932949589,555281244,2109543898
dimwishlist:item=3146657389&perks=807993149,1092016998,1421772400,3932949589,555281244,2109543898
dimwishlist:item=3146657389&perks=1840239774,1092016998,1421772400,3932949589,555281244,2109543898
dimwishlist:item=3146657389&perks=807993149,1421772400,3932949589,555281244,2109543898
dimwishlist:item=3146657389&perks=1840239774,1421772400,3932949589,555281244,2109543898
dimwishlist:item=3146657389&perks=1092016998,1421772400,3932949589,555281244,2109543898
dimwishlist:item=3146657389&perks=1421772400,3932949589,555281244,2109543898

// Refurbished A499
//notes:first of its kind; powerful archetype with mediocre 1st column. Origin: Accelerated Assault
dimwishlist:item=3661051060&perks=1840239774,3230963543,957782887,588594999,2289534249,3764420437
dimwishlist:item=3661051060&perks=3230963543,957782887,588594999,2289534249,3764420437
dimwishlist:item=3661051060&perks=1840239774,957782887,588594999,2289534249,3764420437
dimwishlist:item=3661051060&perks=957782887,588594999,2289534249,3764420437

// Refurbished A499
//notes:first of its kind; powerful archetype with mediocre 1st column. Origin: Accelerated Assault
dimwishlist:item=593808239&perks=1840239774,3230963543,957782887,588594999,2289534249,3764420437,2697390518
dimwishlist:item=593808239&perks=3230963543,957782887,588594999,2289534249,3764420437,2697390518
dimwishlist:item=593808239&perks=1840239774,957782887,588594999,2289534249,3764420437,2697390518
dimwishlist:item=593808239&perks=1840239774,3230963543,957782887,588594999,2289534249,3764420437
dimwishlist:item=593808239&perks=957782887,588594999,2289534249,3764420437,2697390518
dimwishlist:item=593808239&perks=3230963543,957782887,588594999,2289534249,3764420437
dimwishlist:item=593808239&perks=1840239774,957782887,588594999,2289534249,3764420437
dimwishlist:item=593808239&perks=957782887,588594999,2289534249,3764420437

// Psi Aeterna IV
//notes:worse reload perks than Mint but still usable. Origin: Accelerated Assault
dimwishlist:item=3556730800&perks=3525010810,1478423395,2420895100,106909392,1115162408,1017229899,684456054,1089671869,4049631843,3966416502
dimwishlist:item=3556730800&perks=3525010810,2420895100,106909392,1115162408,1017229899,684456054,1089671869,4049631843,3966416502
dimwishlist:item=3556730800&perks=3525010810,1478423395,2420895100,1115162408,1017229899,684456054,1089671869,4049631843,3966416502
dimwishlist:item=3556730800&perks=1478423395,2420895100,106909392,1115162408,1017229899,684456054,1089671869,4049631843,3966416502
dimwishlist:item=3556730800&perks=3525010810,1478423395,106909392,1115162408,1017229899,684456054,1089671869,4049631843,3966416502
dimwishlist:item=3556730800&perks=3525010810,2420895100,1115162408,1017229899,684456054,1089671869,4049631843,3966416502
dimwishlist:item=3556730800&perks=2420895100,106909392,1115162408,1017229899,684456054,1089671869,4049631843,3966416502
dimwishlist:item=3556730800&perks=3525010810,106909392,1115162408,1017229899,684456054,1089671869,4049631843,3966416502
dimwishlist:item=3556730800&perks=1478423395,2420895100,1115162408,1017229899,684456054,1089671869,4049631843,3966416502
dimwishlist:item=3556730800&perks=3525010810,1478423395,1115162408,1017229899,684456054,1089671869,4049631843,3966416502
dimwishlist:item=3556730800&perks=1478423395,106909392,1115162408,1017229899,684456054,1089671869,4049631843,3966416502
dimwishlist:item=3556730800&perks=2420895100,1115162408,1017229899,684456054,1089671869,4049631843,3966416502
dimwishlist:item=3556730800&perks=3525010810,1115162408,1017229899,684456054,1089671869,4049631843,3966416502
dimwishlist:item=3556730800&perks=106909392,1115162408,1017229899,684456054,1089671869,4049631843,3966416502
dimwishlist:item=3556730800&perks=1478423395,1115162408,1017229899,684456054,1089671869,4049631843,3966416502
dimwishlist:item=3556730800&perks=1115162408,1017229899,684456054,1089671869,4049631843,3966416502

// Psi Aeterna IV
//notes:worse reload perks than Mint but still usable. Origin: Accelerated Assault
dimwishlist:item=135971347&perks=3525010810,1478423395,2420895100,106909392,1115162408,1017229899,684456054,1089671869,4049631843,3966416502,3713579091
dimwishlist:item=135971347&perks=3525010810,2420895100,106909392,1115162408,1017229899,684456054,1089671869,4049631843,3966416502,3713579091
dimwishlist:item=135971347&perks=3525010810,1478423395,2420895100,1115162408,1017229899,684456054,1089671869,4049631843,3966416502,3713579091
dimwishlist:item=135971347&perks=1478423395,2420895100,106909392,1115162408,1017229899,684456054,1089671869,4049631843,3966416502,3713579091
dimwishlist:item=135971347&perks=3525010810,1478423395,106909392,1115162408,1017229899,684456054,1089671869,4049631843,3966416502,3713579091
dimwishlist:item=135971347&perks=3525010810,1478423395,2420895100,106909392,1115162408,1017229899,684456054,1089671869,4049631843,3966416502
dimwishlist:item=135971347&perks=3525010810,2420895100,1115162408,1017229899,684456054,1089671869,4049631843,3966416502,3713579091
dimwishlist:item=135971347&perks=2420895100,106909392,1115162408,1017229899,684456054,1089671869,4049631843,3966416502,3713579091
dimwishlist:item=135971347&perks=3525010810,106909392,1115162408,1017229899,684456054,1089671869,4049631843,3966416502,3713579091
dimwishlist:item=135971347&perks=1478423395,2420895100,1115162408,1017229899,684456054,1089671869,4049631843,3966416502,3713579091
dimwishlist:item=135971347&perks=3525010810,1478423395,1115162408,1017229899,684456054,1089671869,4049631843,3966416502,3713579091
dimwishlist:item=135971347&perks=1478423395,106909392,1115162408,1017229899,684456054,1089671869,4049631843,3966416502,3713579091
dimwishlist:item=135971347&perks=3525010810,2420895100,106909392,1115162408,1017229899,684456054,1089671869,4049631843,3966416502
dimwishlist:item=135971347&perks=3525010810,1478423395,2420895100,1115162408,1017229899,684456054,1089671869,4049631843,3966416502
dimwishlist:item=135971347&perks=1478423395,2420895100,106909392,1115162408,1017229899,684456054,1089671869,4049631843,3966416502
dimwishlist:item=135971347&perks=3525010810,1478423395,106909392,1115162408,1017229899,684456054,1089671869,4049631843,3966416502
dimwishlist:item=135971347&perks=2420895100,1115162408,1017229899,684456054,1089671869,4049631843,3966416502,3713579091
dimwishlist:item=135971347&perks=3525010810,1115162408,1017229899,684456054,1089671869,4049631843,3966416502,3713579091
dimwishlist:item=135971347&perks=106909392,1115162408,1017229899,684456054,1089671869,4049631843,3966416502,3713579091
dimwishlist:item=135971347&perks=1478423395,1115162408,1017229899,684456054,1089671869,4049631843,3966416502,3713579091
dimwishlist:item=135971347&perks=3525010810,2420895100,1115162408,1017229899,684456054,1089671869,4049631843,3966416502
dimwishlist:item=135971347&perks=2420895100,106909392,1115162408,1017229899,684456054,1089671869,4049631843,3966416502
dimwishlist:item=135971347&perks=3525010810,106909392,1115162408,1017229899,684456054,1089671869,4049631843,3966416502
dimwishlist:item=135971347&perks=1478423395,2420895100,1115162408,1017229899,684456054,1089671869,4049631843,3966416502
dimwishlist:item=135971347&perks=3525010810,1478423395,1115162408,1017229899,684456054,1089671869,4049631843,3966416502
dimwishlist:item=135971347&perks=1478423395,106909392,1115162408,1017229899,684456054,1089671869,4049631843,3966416502
dimwishlist:item=135971347&perks=1115162408,1017229899,684456054,1089671869,4049631843,3966416502,3713579091
dimwishlist:item=135971347&perks=2420895100,1115162408,1017229899,684456054,1089671869,4049631843,3966416502
dimwishlist:item=135971347&perks=3525010810,1115162408,1017229899,684456054,1089671869,4049631843,3966416502
dimwishlist:item=135971347&perks=106909392,1115162408,1017229899,684456054,1089671869,4049631843,3966416502
dimwishlist:item=135971347&perks=1478423395,1115162408,1017229899,684456054,1089671869,4049631843,3966416502
dimwishlist:item=135971347&perks=1115162408,1017229899,684456054,1089671869,4049631843,3966416502

// Mint Retrograde
//notes:excellent ammo gen + roam + damage perks. Origin: Problem Solver
dimwishlist:item=42435996&perks=3525010810,1478423395,2420895100,106909392,3418782618,3987942396,831391274,3078487919,1089671869,2396489472,3454102905
dimwishlist:item=42435996&perks=3525010810,2420895100,106909392,3418782618,3987942396,831391274,3078487919,1089671869,2396489472,3454102905
dimwishlist:item=42435996&perks=3525010810,1478423395,2420895100,3418782618,3987942396,831391274,3078487919,1089671869,2396489472,3454102905
dimwishlist:item=42435996&perks=1478423395,2420895100,106909392,3418782618,3987942396,831391274,3078487919,1089671869,2396489472,3454102905
dimwishlist:item=42435996&perks=3525010810,1478423395,106909392,3418782618,3987942396,831391274,3078487919,1089671869,2396489472,3454102905
dimwishlist:item=42435996&perks=3525010810,1478423395,2420895100,106909392,3418782618,3987942396,831391274,3078487919,1089671869,2396489472
dimwishlist:item=42435996&perks=3525010810,2420895100,3418782618,3987942396,831391274,3078487919,1089671869,2396489472,3454102905
dimwishlist:item=42435996&perks=2420895100,106909392,3418782618,3987942396,831391274,3078487919,1089671869,2396489472,3454102905
dimwishlist:item=42435996&perks=3525010810,106909392,3418782618,3987942396,831391274,3078487919,1089671869,2396489472,3454102905
dimwishlist:item=42435996&perks=1478423395,2420895100,3418782618,3987942396,831391274,3078487919,1089671869,2396489472,3454102905
dimwishlist:item=42435996&perks=3525010810,1478423395,3418782618,3987942396,831391274,3078487919,1089671869,2396489472,3454102905
dimwishlist:item=42435996&perks=1478423395,106909392,3418782618,3987942396,831391274,3078487919,1089671869,2396489472,3454102905
dimwishlist:item=42435996&perks=3525010810,2420895100,106909392,3418782618,3987942396,831391274,3078487919,1089671869,2396489472
dimwishlist:item=42435996&perks=3525010810,1478423395,2420895100,3418782618,3987942396,831391274,3078487919,1089671869,2396489472
dimwishlist:item=42435996&perks=1478423395,2420895100,106909392,3418782618,3987942396,831391274,3078487919,1089671869,2396489472
dimwishlist:item=42435996&perks=3525010810,1478423395,106909392,3418782618,3987942396,831391274,3078487919,1089671869,2396489472
dimwishlist:item=42435996&perks=2420895100,3418782618,3987942396,831391274,3078487919,1089671869,2396489472,3454102905
dimwishlist:item=42435996&perks=3525010810,3418782618,3987942396,831391274,3078487919,1089671869,2396489472,3454102905
dimwishlist:item=42435996&perks=106909392,3418782618,3987942396,831391274,3078487919,1089671869,2396489472,3454102905
dimwishlist:item=42435996&perks=1478423395,3418782618,3987942396,831391274,3078487919,1089671869,2396489472,3454102905
dimwishlist:item=42435996&perks=3525010810,2420895100,3418782618,3987942396,831391274,3078487919,1089671869,2396489472
dimwishlist:item=42435996&perks=2420895100,106909392,3418782618,3987942396,831391274,3078487919,1089671869,2396489472
dimwishlist:item=42435996&perks=3525010810,106909392,3418782618,3987942396,831391274,3078487919,1089671869,2396489472
dimwishlist:item=42435996&perks=1478423395,2420895100,3418782618,3987942396,831391274,3078487919,1089671869,2396489472
dimwishlist:item=42435996&perks=3525010810,1478423395,3418782618,3987942396,831391274,3078487919,1089671869,2396489472
dimwishlist:item=42435996&perks=1478423395,106909392,3418782618,3987942396,831391274,3078487919,1089671869,2396489472
dimwishlist:item=42435996&perks=3418782618,3987942396,831391274,3078487919,1089671869,2396489472,3454102905
dimwishlist:item=42435996&perks=2420895100,3418782618,3987942396,831391274,3078487919,1089671869,2396489472
dimwishlist:item=42435996&perks=3525010810,3418782618,3987942396,831391274,3078487919,1089671869,2396489472
dimwishlist:item=42435996&perks=106909392,3418782618,3987942396,831391274,3078487919,1089671869,2396489472
dimwishlist:item=42435996&perks=1478423395,3418782618,3987942396,831391274,3078487919,1089671869,2396489472
dimwishlist:item=42435996&perks=3418782618,3987942396,831391274,3078487919,1089671869,2396489472

