title: MrCharles Aegis Wishlist
description: Generated by MrCharles. Filters: Grade>=S, PPC=3

// No Hesitation
//notes:S-Tier. best survivability support auto, also insane with Elemental Supercharger due to origin trait. Origin: Dealer's Choice
dimwishlist:item=1801007332&perks=202670084,3142289711,2980589453,2890807135,3640170453,243981275,4293542123,1988485648
dimwishlist:item=1801007332&perks=3142289711,2980589453,2890807135,3640170453,243981275,4293542123,1988485648
dimwishlist:item=1801007332&perks=202670084,2980589453,2890807135,3640170453,243981275,4293542123,1988485648
dimwishlist:item=1801007332&perks=202670084,3142289711,2980589453,2890807135,3640170453,243981275,4293542123
dimwishlist:item=1801007332&perks=2980589453,2890807135,3640170453,243981275,4293542123,1988485648
dimwishlist:item=1801007332&perks=3142289711,2980589453,2890807135,3640170453,243981275,4293542123
dimwishlist:item=1801007332&perks=202670084,2980589453,2890807135,3640170453,243981275,4293542123
dimwishlist:item=1801007332&perks=2980589453,2890807135,3640170453,243981275,4293542123

// Cusp Sempiternal
//notes:S-Tier. would be insane with Physic, has great slot efficiency for debuff extension + support. Origin: Frame of Reference
dimwishlist:item=2579693381&perks=202670084,3142289711,692399809,776531651,243981275,1134488199,2048641572,3081867624,2597494435
dimwishlist:item=2579693381&perks=3142289711,692399809,776531651,243981275,1134488199,2048641572,3081867624,2597494435
dimwishlist:item=2579693381&perks=202670084,692399809,776531651,243981275,1134488199,2048641572,3081867624,2597494435
dimwishlist:item=2579693381&perks=202670084,3142289711,692399809,776531651,243981275,1134488199,2048641572,3081867624
dimwishlist:item=2579693381&perks=692399809,776531651,243981275,1134488199,2048641572,3081867624,2597494435
dimwishlist:item=2579693381&perks=3142289711,692399809,776531651,243981275,1134488199,2048641572,3081867624
dimwishlist:item=2579693381&perks=202670084,692399809,776531651,243981275,1134488199,2048641572,3081867624
dimwishlist:item=2579693381&perks=692399809,776531651,243981275,1134488199,2048641572,3081867624

// DECATUR 02
//notes:S-Tier. Frost Armor not as good as Restoration, but still the best kinetic slot option. Origin: Carrion Munitions
dimwishlist:item=1850748385&perks=202670084,3142289711,2980589453,2922950962,243981275,692399809,3081867624,3201496230,3018257738
dimwishlist:item=1850748385&perks=3142289711,2980589453,2922950962,243981275,692399809,3081867624,3201496230,3018257738
dimwishlist:item=1850748385&perks=202670084,2980589453,2922950962,243981275,692399809,3081867624,3201496230,3018257738
dimwishlist:item=1850748385&perks=202670084,3142289711,2980589453,2922950962,243981275,692399809,3081867624,3201496230
dimwishlist:item=1850748385&perks=2980589453,2922950962,243981275,692399809,3081867624,3201496230,3018257738
dimwishlist:item=1850748385&perks=3142289711,2980589453,2922950962,243981275,692399809,3081867624,3201496230
dimwishlist:item=1850748385&perks=202670084,2980589453,2922950962,243981275,692399809,3081867624,3201496230
dimwishlist:item=1850748385&perks=2980589453,2922950962,243981275,692399809,3081867624,3201496230

// Reckless Oracle
Pantheon version
//notes:S-Tier. every relevant void perk and Chaos to boot, great all around. Origin: Elliptical Orbit
dimwishlist:item=4158265643&perks=1840239774,839105230,1561002382,1431678320,2048641572,3182497402,4019266109,776531651,3640170453,1134488199,642688932
dimwishlist:item=4158265643&perks=1840239774,1561002382,1431678320,2048641572,3182497402,4019266109,776531651,3640170453,1134488199,642688932
dimwishlist:item=4158265643&perks=1840239774,839105230,1561002382,2048641572,3182497402,4019266109,776531651,3640170453,1134488199,642688932
dimwishlist:item=4158265643&perks=839105230,1561002382,1431678320,2048641572,3182497402,4019266109,776531651,3640170453,1134488199,642688932
dimwishlist:item=4158265643&perks=1840239774,839105230,1431678320,2048641572,3182497402,4019266109,776531651,3640170453,1134488199,642688932
dimwishlist:item=4158265643&perks=1840239774,839105230,1561002382,1431678320,2048641572,3182497402,4019266109,776531651,3640170453,1134488199
dimwishlist:item=4158265643&perks=1840239774,1561002382,2048641572,3182497402,4019266109,776531651,3640170453,1134488199,642688932
dimwishlist:item=4158265643&perks=1561002382,1431678320,2048641572,3182497402,4019266109,776531651,3640170453,1134488199,642688932
dimwishlist:item=4158265643&perks=1840239774,1431678320,2048641572,3182497402,4019266109,776531651,3640170453,1134488199,642688932
dimwishlist:item=4158265643&perks=839105230,1561002382,2048641572,3182497402,4019266109,776531651,3640170453,1134488199,642688932
dimwishlist:item=4158265643&perks=1840239774,839105230,2048641572,3182497402,4019266109,776531651,3640170453,1134488199,642688932
dimwishlist:item=4158265643&perks=839105230,1431678320,2048641572,3182497402,4019266109,776531651,3640170453,1134488199,642688932
dimwishlist:item=4158265643&perks=1840239774,1561002382,1431678320,2048641572,3182497402,4019266109,776531651,3640170453,1134488199
dimwishlist:item=4158265643&perks=1840239774,839105230,1561002382,2048641572,3182497402,4019266109,776531651,3640170453,1134488199
dimwishlist:item=4158265643&perks=839105230,1561002382,1431678320,2048641572,3182497402,4019266109,776531651,3640170453,1134488199
dimwishlist:item=4158265643&perks=1840239774,839105230,1431678320,2048641572,3182497402,4019266109,776531651,3640170453,1134488199
dimwishlist:item=4158265643&perks=1561002382,2048641572,3182497402,4019266109,776531651,3640170453,1134488199,642688932
dimwishlist:item=4158265643&perks=1840239774,2048641572,3182497402,4019266109,776531651,3640170453,1134488199,642688932
dimwishlist:item=4158265643&perks=1431678320,2048641572,3182497402,4019266109,776531651,3640170453,1134488199,642688932
dimwishlist:item=4158265643&perks=839105230,2048641572,3182497402,4019266109,776531651,3640170453,1134488199,642688932
dimwishlist:item=4158265643&perks=1840239774,1561002382,2048641572,3182497402,4019266109,776531651,3640170453,1134488199
dimwishlist:item=4158265643&perks=1561002382,1431678320,2048641572,3182497402,4019266109,776531651,3640170453,1134488199
dimwishlist:item=4158265643&perks=1840239774,1431678320,2048641572,3182497402,4019266109,776531651,3640170453,1134488199
dimwishlist:item=4158265643&perks=839105230,1561002382,2048641572,3182497402,4019266109,776531651,3640170453,1134488199
dimwishlist:item=4158265643&perks=1840239774,839105230,2048641572,3182497402,4019266109,776531651,3640170453,1134488199
dimwishlist:item=4158265643&perks=839105230,1431678320,2048641572,3182497402,4019266109,776531651,3640170453,1134488199
dimwishlist:item=4158265643&perks=2048641572,3182497402,4019266109,776531651,3640170453,1134488199,642688932
dimwishlist:item=4158265643&perks=1561002382,2048641572,3182497402,4019266109,776531651,3640170453,1134488199
dimwishlist:item=4158265643&perks=1840239774,2048641572,3182497402,4019266109,776531651,3640170453,1134488199
dimwishlist:item=4158265643&perks=1431678320,2048641572,3182497402,4019266109,776531651,3640170453,1134488199
dimwishlist:item=4158265643&perks=839105230,2048641572,3182497402,4019266109,776531651,3640170453,1134488199
dimwishlist:item=4158265643&perks=2048641572,3182497402,4019266109,776531651,3640170453,1134488199

// Reckless Oracle
Pantheon version
//notes:S-Tier. every relevant void perk and Chaos to boot, great all around. Origin: Elliptical Orbit
dimwishlist:item=1802315656&perks=1840239774,839105230,1561002382,1431678320,2048641572,3182497402,4019266109,776531651,3640170453,1134488199,642688932
dimwishlist:item=1802315656&perks=1840239774,1561002382,1431678320,2048641572,3182497402,4019266109,776531651,3640170453,1134488199,642688932
dimwishlist:item=1802315656&perks=1840239774,839105230,1561002382,2048641572,3182497402,4019266109,776531651,3640170453,1134488199,642688932
dimwishlist:item=1802315656&perks=839105230,1561002382,1431678320,2048641572,3182497402,4019266109,776531651,3640170453,1134488199,642688932
dimwishlist:item=1802315656&perks=1840239774,839105230,1431678320,2048641572,3182497402,4019266109,776531651,3640170453,1134488199,642688932
dimwishlist:item=1802315656&perks=1840239774,839105230,1561002382,1431678320,2048641572,3182497402,4019266109,776531651,3640170453,1134488199
dimwishlist:item=1802315656&perks=1840239774,1561002382,2048641572,3182497402,4019266109,776531651,3640170453,1134488199,642688932
dimwishlist:item=1802315656&perks=1561002382,1431678320,2048641572,3182497402,4019266109,776531651,3640170453,1134488199,642688932
dimwishlist:item=1802315656&perks=1840239774,1431678320,2048641572,3182497402,4019266109,776531651,3640170453,1134488199,642688932
dimwishlist:item=1802315656&perks=839105230,1561002382,2048641572,3182497402,4019266109,776531651,3640170453,1134488199,642688932
dimwishlist:item=1802315656&perks=1840239774,839105230,2048641572,3182497402,4019266109,776531651,3640170453,1134488199,642688932
dimwishlist:item=1802315656&perks=839105230,1431678320,2048641572,3182497402,4019266109,776531651,3640170453,1134488199,642688932
dimwishlist:item=1802315656&perks=1840239774,1561002382,1431678320,2048641572,3182497402,4019266109,776531651,3640170453,1134488199
dimwishlist:item=1802315656&perks=1840239774,839105230,1561002382,2048641572,3182497402,4019266109,776531651,3640170453,1134488199
dimwishlist:item=1802315656&perks=839105230,1561002382,1431678320,2048641572,3182497402,4019266109,776531651,3640170453,1134488199
dimwishlist:item=1802315656&perks=1840239774,839105230,1431678320,2048641572,3182497402,4019266109,776531651,3640170453,1134488199
dimwishlist:item=1802315656&perks=1561002382,2048641572,3182497402,4019266109,776531651,3640170453,1134488199,642688932
dimwishlist:item=1802315656&perks=1840239774,2048641572,3182497402,4019266109,776531651,3640170453,1134488199,642688932
dimwishlist:item=1802315656&perks=1431678320,2048641572,3182497402,4019266109,776531651,3640170453,1134488199,642688932
dimwishlist:item=1802315656&perks=839105230,2048641572,3182497402,4019266109,776531651,3640170453,1134488199,642688932
dimwishlist:item=1802315656&perks=1840239774,1561002382,2048641572,3182497402,4019266109,776531651,3640170453,1134488199
dimwishlist:item=1802315656&perks=1561002382,1431678320,2048641572,3182497402,4019266109,776531651,3640170453,1134488199
dimwishlist:item=1802315656&perks=1840239774,1431678320,2048641572,3182497402,4019266109,776531651,3640170453,1134488199
dimwishlist:item=1802315656&perks=839105230,1561002382,2048641572,3182497402,4019266109,776531651,3640170453,1134488199
dimwishlist:item=1802315656&perks=1840239774,839105230,2048641572,3182497402,4019266109,776531651,3640170453,1134488199
dimwishlist:item=1802315656&perks=839105230,1431678320,2048641572,3182497402,4019266109,776531651,3640170453,1134488199
dimwishlist:item=1802315656&perks=2048641572,3182497402,4019266109,776531651,3640170453,1134488199,642688932
dimwishlist:item=1802315656&perks=1561002382,2048641572,3182497402,4019266109,776531651,3640170453,1134488199
dimwishlist:item=1802315656&perks=1840239774,2048641572,3182497402,4019266109,776531651,3640170453,1134488199
dimwishlist:item=1802315656&perks=1431678320,2048641572,3182497402,4019266109,776531651,3640170453,1134488199
dimwishlist:item=1802315656&perks=839105230,2048641572,3182497402,4019266109,776531651,3640170453,1134488199
dimwishlist:item=1802315656&perks=2048641572,3182497402,4019266109,776531651,3640170453,1134488199

// Reckless Oracle
Pantheon version
//notes:S-Tier. every relevant void perk and Chaos to boot, great all around. Origin: Elliptical Orbit
dimwishlist:item=1992309064&perks=1840239774,839105230,1561002382,1431678320,2048641572,3182497402,776531651
dimwishlist:item=1992309064&perks=1840239774,1561002382,1431678320,2048641572,3182497402,776531651
dimwishlist:item=1992309064&perks=1840239774,839105230,1561002382,2048641572,3182497402,776531651
dimwishlist:item=1992309064&perks=839105230,1561002382,1431678320,2048641572,3182497402,776531651
dimwishlist:item=1992309064&perks=1840239774,839105230,1431678320,2048641572,3182497402,776531651
dimwishlist:item=1992309064&perks=1840239774,1561002382,2048641572,3182497402,776531651
dimwishlist:item=1992309064&perks=1561002382,1431678320,2048641572,3182497402,776531651
dimwishlist:item=1992309064&perks=1840239774,1431678320,2048641572,3182497402,776531651
dimwishlist:item=1992309064&perks=839105230,1561002382,2048641572,3182497402,776531651
dimwishlist:item=1992309064&perks=1840239774,839105230,2048641572,3182497402,776531651
dimwishlist:item=1992309064&perks=839105230,1431678320,2048641572,3182497402,776531651
dimwishlist:item=1992309064&perks=1561002382,2048641572,3182497402,776531651
dimwishlist:item=1992309064&perks=1840239774,2048641572,3182497402,776531651
dimwishlist:item=1992309064&perks=1431678320,2048641572,3182497402,776531651
dimwishlist:item=1992309064&perks=839105230,2048641572,3182497402,776531651
dimwishlist:item=1992309064&perks=2048641572,3182497402,776531651

// Gnawing Hunger
//notes:S-Tier. better archetype than normal Reckless Oracle, but origin trait is pretty mediocre. Origin: Gun and Run
dimwishlist:item=214545213&perks=1840239774,839105230,1431678320,776531651,1134488199,2048641572,3081867624,515704826
dimwishlist:item=214545213&perks=1840239774,1431678320,776531651,1134488199,2048641572,3081867624,515704826
dimwishlist:item=214545213&perks=839105230,1431678320,776531651,1134488199,2048641572,3081867624,515704826
dimwishlist:item=214545213&perks=1840239774,839105230,776531651,1134488199,2048641572,3081867624,515704826
dimwishlist:item=214545213&perks=1840239774,839105230,1431678320,776531651,1134488199,2048641572,3081867624
dimwishlist:item=214545213&perks=1431678320,776531651,1134488199,2048641572,3081867624,515704826
dimwishlist:item=214545213&perks=1840239774,776531651,1134488199,2048641572,3081867624,515704826
dimwishlist:item=214545213&perks=839105230,776531651,1134488199,2048641572,3081867624,515704826
dimwishlist:item=214545213&perks=1840239774,1431678320,776531651,1134488199,2048641572,3081867624
dimwishlist:item=214545213&perks=839105230,1431678320,776531651,1134488199,2048641572,3081867624
dimwishlist:item=214545213&perks=1840239774,839105230,776531651,1134488199,2048641572,3081867624
dimwishlist:item=214545213&perks=776531651,1134488199,2048641572,3081867624,515704826
dimwishlist:item=214545213&perks=1431678320,776531651,1134488199,2048641572,3081867624
dimwishlist:item=214545213&perks=1840239774,776531651,1134488199,2048641572,3081867624
dimwishlist:item=214545213&perks=839105230,776531651,1134488199,2048641572,3081867624
dimwishlist:item=214545213&perks=776531651,1134488199,2048641572,3081867624

// Reghusk's Pledge
//notes:S-Tier. basically Reckless with a few extra perks and a different origin. Origin: Skulking Wolf
dimwishlist:item=2370525224&perks=1840239774,839105230,1431678320,2048641572,2360347339,776531651,243981275,2610012052,3989629871
dimwishlist:item=2370525224&perks=1840239774,1431678320,2048641572,2360347339,776531651,243981275,2610012052,3989629871
dimwishlist:item=2370525224&perks=839105230,1431678320,2048641572,2360347339,776531651,243981275,2610012052,3989629871
dimwishlist:item=2370525224&perks=1840239774,839105230,2048641572,2360347339,776531651,243981275,2610012052,3989629871
dimwishlist:item=2370525224&perks=1840239774,839105230,1431678320,2048641572,2360347339,776531651,243981275,2610012052
dimwishlist:item=2370525224&perks=1431678320,2048641572,2360347339,776531651,243981275,2610012052,3989629871
dimwishlist:item=2370525224&perks=1840239774,2048641572,2360347339,776531651,243981275,2610012052,3989629871
dimwishlist:item=2370525224&perks=839105230,2048641572,2360347339,776531651,243981275,2610012052,3989629871
dimwishlist:item=2370525224&perks=1840239774,1431678320,2048641572,2360347339,776531651,243981275,2610012052
dimwishlist:item=2370525224&perks=839105230,1431678320,2048641572,2360347339,776531651,243981275,2610012052
dimwishlist:item=2370525224&perks=1840239774,839105230,2048641572,2360347339,776531651,243981275,2610012052
dimwishlist:item=2370525224&perks=2048641572,2360347339,776531651,243981275,2610012052,3989629871
dimwishlist:item=2370525224&perks=1431678320,2048641572,2360347339,776531651,243981275,2610012052
dimwishlist:item=2370525224&perks=1840239774,2048641572,2360347339,776531651,243981275,2610012052
dimwishlist:item=2370525224&perks=839105230,2048641572,2360347339,776531651,243981275,2610012052
dimwishlist:item=2370525224&perks=2048641572,2360347339,776531651,243981275,2610012052

// Positive Outlook
//notes:S-Tier. one of the less favorable auto archetypes, but perk combos are solid and origin trait is pretty decent. Origin: Accelerated Assault
dimwishlist:item=3625635456&perks=1840239774,839105230,1561002382,1431678320,776531651,1134488199,2048641572,2305480722
dimwishlist:item=3625635456&perks=1840239774,1561002382,1431678320,776531651,1134488199,2048641572,2305480722
dimwishlist:item=3625635456&perks=1840239774,839105230,1561002382,776531651,1134488199,2048641572,2305480722
dimwishlist:item=3625635456&perks=839105230,1561002382,1431678320,776531651,1134488199,2048641572,2305480722
dimwishlist:item=3625635456&perks=1840239774,839105230,1431678320,776531651,1134488199,2048641572,2305480722
dimwishlist:item=3625635456&perks=1840239774,1561002382,776531651,1134488199,2048641572,2305480722
dimwishlist:item=3625635456&perks=1561002382,1431678320,776531651,1134488199,2048641572,2305480722
dimwishlist:item=3625635456&perks=1840239774,1431678320,776531651,1134488199,2048641572,2305480722
dimwishlist:item=3625635456&perks=839105230,1561002382,776531651,1134488199,2048641572,2305480722
dimwishlist:item=3625635456&perks=1840239774,839105230,776531651,1134488199,2048641572,2305480722
dimwishlist:item=3625635456&perks=839105230,1431678320,776531651,1134488199,2048641572,2305480722
dimwishlist:item=3625635456&perks=1561002382,776531651,1134488199,2048641572,2305480722
dimwishlist:item=3625635456&perks=1840239774,776531651,1134488199,2048641572,2305480722
dimwishlist:item=3625635456&perks=1431678320,776531651,1134488199,2048641572,2305480722
dimwishlist:item=3625635456&perks=839105230,776531651,1134488199,2048641572,2305480722
dimwishlist:item=3625635456&perks=776531651,1134488199,2048641572,2305480722

// Positive Outlook
//notes:S-Tier. one of the less favorable auto archetypes, but perk combos are solid and origin trait is pretty decent. Origin: Accelerated Assault
dimwishlist:item=491078457&perks=1840239774,839105230,1561002382,1431678320,776531651,2048641572
dimwishlist:item=491078457&perks=1840239774,1561002382,1431678320,776531651,2048641572
dimwishlist:item=491078457&perks=1840239774,839105230,1561002382,776531651,2048641572
dimwishlist:item=491078457&perks=839105230,1561002382,1431678320,776531651,2048641572
dimwishlist:item=491078457&perks=1840239774,839105230,1431678320,776531651,2048641572
dimwishlist:item=491078457&perks=1840239774,1561002382,776531651,2048641572
dimwishlist:item=491078457&perks=1561002382,1431678320,776531651,2048641572
dimwishlist:item=491078457&perks=1840239774,1431678320,776531651,2048641572
dimwishlist:item=491078457&perks=839105230,1561002382,776531651,2048641572
dimwishlist:item=491078457&perks=1840239774,839105230,776531651,2048641572
dimwishlist:item=491078457&perks=839105230,1431678320,776531651,2048641572
dimwishlist:item=491078457&perks=1561002382,776531651,2048641572
dimwishlist:item=491078457&perks=1840239774,776531651,2048641572
dimwishlist:item=491078457&perks=1431678320,776531651,2048641572
dimwishlist:item=491078457&perks=839105230,776531651,2048641572
dimwishlist:item=491078457&perks=776531651,2048641572

// Positive Outlook
//notes:S-Tier. one of the less favorable auto archetypes, but perk combos are solid and origin trait is pretty decent. Origin: Accelerated Assault
dimwishlist:item=1832481283&perks=1840239774,839105230,1561002382,1431678320,776531651,1134488199,2048641572,2305480722,3713579091
dimwishlist:item=1832481283&perks=1840239774,1561002382,1431678320,776531651,1134488199,2048641572,2305480722,3713579091
dimwishlist:item=1832481283&perks=1840239774,839105230,1561002382,776531651,1134488199,2048641572,2305480722,3713579091
dimwishlist:item=1832481283&perks=839105230,1561002382,1431678320,776531651,1134488199,2048641572,2305480722,3713579091
dimwishlist:item=1832481283&perks=1840239774,839105230,1431678320,776531651,1134488199,2048641572,2305480722,3713579091
dimwishlist:item=1832481283&perks=1840239774,839105230,1561002382,1431678320,776531651,1134488199,2048641572,2305480722
dimwishlist:item=1832481283&perks=1840239774,1561002382,776531651,1134488199,2048641572,2305480722,3713579091
dimwishlist:item=1832481283&perks=1561002382,1431678320,776531651,1134488199,2048641572,2305480722,3713579091
dimwishlist:item=1832481283&perks=1840239774,1431678320,776531651,1134488199,2048641572,2305480722,3713579091
dimwishlist:item=1832481283&perks=839105230,1561002382,776531651,1134488199,2048641572,2305480722,3713579091
dimwishlist:item=1832481283&perks=1840239774,839105230,776531651,1134488199,2048641572,2305480722,3713579091
dimwishlist:item=1832481283&perks=839105230,1431678320,776531651,1134488199,2048641572,2305480722,3713579091
dimwishlist:item=1832481283&perks=1840239774,1561002382,1431678320,776531651,1134488199,2048641572,2305480722
dimwishlist:item=1832481283&perks=1840239774,839105230,1561002382,776531651,1134488199,2048641572,2305480722
dimwishlist:item=1832481283&perks=839105230,1561002382,1431678320,776531651,1134488199,2048641572,2305480722
dimwishlist:item=1832481283&perks=1840239774,839105230,1431678320,776531651,1134488199,2048641572,2305480722
dimwishlist:item=1832481283&perks=1561002382,776531651,1134488199,2048641572,2305480722,3713579091
dimwishlist:item=1832481283&perks=1840239774,776531651,1134488199,2048641572,2305480722,3713579091
dimwishlist:item=1832481283&perks=1431678320,776531651,1134488199,2048641572,2305480722,3713579091
dimwishlist:item=1832481283&perks=839105230,776531651,1134488199,2048641572,2305480722,3713579091
dimwishlist:item=1832481283&perks=1840239774,1561002382,776531651,1134488199,2048641572,2305480722
dimwishlist:item=1832481283&perks=1561002382,1431678320,776531651,1134488199,2048641572,2305480722
dimwishlist:item=1832481283&perks=1840239774,1431678320,776531651,1134488199,2048641572,2305480722
dimwishlist:item=1832481283&perks=839105230,1561002382,776531651,1134488199,2048641572,2305480722
dimwishlist:item=1832481283&perks=1840239774,839105230,776531651,1134488199,2048641572,2305480722
dimwishlist:item=1832481283&perks=839105230,1431678320,776531651,1134488199,2048641572,2305480722
dimwishlist:item=1832481283&perks=776531651,1134488199,2048641572,2305480722,3713579091
dimwishlist:item=1832481283&perks=1561002382,776531651,1134488199,2048641572,2305480722
dimwishlist:item=1832481283&perks=1840239774,776531651,1134488199,2048641572,2305480722
dimwishlist:item=1832481283&perks=1431678320,776531651,1134488199,2048641572,2305480722
dimwishlist:item=1832481283&perks=839105230,776531651,1134488199,2048641572,2305480722
dimwishlist:item=1832481283&perks=776531651,1134488199,2048641572,2305480722

// Age-Old Bond
//notes:S-Tier. solid archetype, classic void combo, has double splash access, no High-Cal and terrible origin. Origin: Explosive Pact
dimwishlist:item=424291879&perks=1840239774,839105230,1431678320,776531651,657025441,2048641572,3324494224,1489048135
dimwishlist:item=424291879&perks=1840239774,1431678320,776531651,657025441,2048641572,3324494224,1489048135
dimwishlist:item=424291879&perks=839105230,1431678320,776531651,657025441,2048641572,3324494224,1489048135
dimwishlist:item=424291879&perks=1840239774,839105230,776531651,657025441,2048641572,3324494224,1489048135
dimwishlist:item=424291879&perks=1840239774,839105230,1431678320,776531651,657025441,2048641572,3324494224
dimwishlist:item=424291879&perks=1431678320,776531651,657025441,2048641572,3324494224,1489048135
dimwishlist:item=424291879&perks=1840239774,776531651,657025441,2048641572,3324494224,1489048135
dimwishlist:item=424291879&perks=839105230,776531651,657025441,2048641572,3324494224,1489048135
dimwishlist:item=424291879&perks=1840239774,1431678320,776531651,657025441,2048641572,3324494224
dimwishlist:item=424291879&perks=839105230,1431678320,776531651,657025441,2048641572,3324494224
dimwishlist:item=424291879&perks=1840239774,839105230,776531651,657025441,2048641572,3324494224
dimwishlist:item=424291879&perks=776531651,657025441,2048641572,3324494224,1489048135
dimwishlist:item=424291879&perks=1431678320,776531651,657025441,2048641572,3324494224
dimwishlist:item=424291879&perks=1840239774,776531651,657025441,2048641572,3324494224
dimwishlist:item=424291879&perks=839105230,776531651,657025441,2048641572,3324494224
dimwishlist:item=424291879&perks=776531651,657025441,2048641572,3324494224

// Reckless Oracle
//notes:S-Tier. very solid void auto overall, not best archetype but has core perks. Origin: Photoinhibition
dimwishlist:item=4158265643&perks=1840239774,839105230,1561002382,1431678320,2048641572,3182497402,776531651,511914882
dimwishlist:item=4158265643&perks=1840239774,1561002382,1431678320,2048641572,3182497402,776531651,511914882
dimwishlist:item=4158265643&perks=1840239774,839105230,1561002382,2048641572,3182497402,776531651,511914882
dimwishlist:item=4158265643&perks=839105230,1561002382,1431678320,2048641572,3182497402,776531651,511914882
dimwishlist:item=4158265643&perks=1840239774,839105230,1431678320,2048641572,3182497402,776531651,511914882
dimwishlist:item=4158265643&perks=1840239774,839105230,1561002382,1431678320,2048641572,3182497402,776531651
dimwishlist:item=4158265643&perks=1840239774,1561002382,2048641572,3182497402,776531651,511914882
dimwishlist:item=4158265643&perks=1561002382,1431678320,2048641572,3182497402,776531651,511914882
dimwishlist:item=4158265643&perks=1840239774,1431678320,2048641572,3182497402,776531651,511914882
dimwishlist:item=4158265643&perks=839105230,1561002382,2048641572,3182497402,776531651,511914882
dimwishlist:item=4158265643&perks=1840239774,839105230,2048641572,3182497402,776531651,511914882
dimwishlist:item=4158265643&perks=839105230,1431678320,2048641572,3182497402,776531651,511914882
dimwishlist:item=4158265643&perks=1840239774,1561002382,1431678320,2048641572,3182497402,776531651
dimwishlist:item=4158265643&perks=1840239774,839105230,1561002382,2048641572,3182497402,776531651
dimwishlist:item=4158265643&perks=839105230,1561002382,1431678320,2048641572,3182497402,776531651
dimwishlist:item=4158265643&perks=1840239774,839105230,1431678320,2048641572,3182497402,776531651
dimwishlist:item=4158265643&perks=1561002382,2048641572,3182497402,776531651,511914882
dimwishlist:item=4158265643&perks=1840239774,2048641572,3182497402,776531651,511914882
dimwishlist:item=4158265643&perks=1431678320,2048641572,3182497402,776531651,511914882
dimwishlist:item=4158265643&perks=839105230,2048641572,3182497402,776531651,511914882
dimwishlist:item=4158265643&perks=1840239774,1561002382,2048641572,3182497402,776531651
dimwishlist:item=4158265643&perks=1561002382,1431678320,2048641572,3182497402,776531651
dimwishlist:item=4158265643&perks=1840239774,1431678320,2048641572,3182497402,776531651
dimwishlist:item=4158265643&perks=839105230,1561002382,2048641572,3182497402,776531651
dimwishlist:item=4158265643&perks=1840239774,839105230,2048641572,3182497402,776531651
dimwishlist:item=4158265643&perks=839105230,1431678320,2048641572,3182497402,776531651
dimwishlist:item=4158265643&perks=2048641572,3182497402,776531651,511914882
dimwishlist:item=4158265643&perks=1561002382,2048641572,3182497402,776531651
dimwishlist:item=4158265643&perks=1840239774,2048641572,3182497402,776531651
dimwishlist:item=4158265643&perks=1431678320,2048641572,3182497402,776531651
dimwishlist:item=4158265643&perks=839105230,2048641572,3182497402,776531651
dimwishlist:item=4158265643&perks=2048641572,3182497402,776531651

// Reckless Oracle
//notes:S-Tier. very solid void auto overall, not best archetype but has core perks. Origin: Photoinhibition
dimwishlist:item=1802315656&perks=1840239774,839105230,1561002382,1431678320,2048641572,3182497402,776531651,511914882
dimwishlist:item=1802315656&perks=1840239774,1561002382,1431678320,2048641572,3182497402,776531651,511914882
dimwishlist:item=1802315656&perks=1840239774,839105230,1561002382,2048641572,3182497402,776531651,511914882
dimwishlist:item=1802315656&perks=839105230,1561002382,1431678320,2048641572,3182497402,776531651,511914882
dimwishlist:item=1802315656&perks=1840239774,839105230,1431678320,2048641572,3182497402,776531651,511914882
dimwishlist:item=1802315656&perks=1840239774,839105230,1561002382,1431678320,2048641572,3182497402,776531651
dimwishlist:item=1802315656&perks=1840239774,1561002382,2048641572,3182497402,776531651,511914882
dimwishlist:item=1802315656&perks=1561002382,1431678320,2048641572,3182497402,776531651,511914882
dimwishlist:item=1802315656&perks=1840239774,1431678320,2048641572,3182497402,776531651,511914882
dimwishlist:item=1802315656&perks=839105230,1561002382,2048641572,3182497402,776531651,511914882
dimwishlist:item=1802315656&perks=1840239774,839105230,2048641572,3182497402,776531651,511914882
dimwishlist:item=1802315656&perks=839105230,1431678320,2048641572,3182497402,776531651,511914882
dimwishlist:item=1802315656&perks=1840239774,1561002382,1431678320,2048641572,3182497402,776531651
dimwishlist:item=1802315656&perks=1840239774,839105230,1561002382,2048641572,3182497402,776531651
dimwishlist:item=1802315656&perks=839105230,1561002382,1431678320,2048641572,3182497402,776531651
dimwishlist:item=1802315656&perks=1840239774,839105230,1431678320,2048641572,3182497402,776531651
dimwishlist:item=1802315656&perks=1561002382,2048641572,3182497402,776531651,511914882
dimwishlist:item=1802315656&perks=1840239774,2048641572,3182497402,776531651,511914882
dimwishlist:item=1802315656&perks=1431678320,2048641572,3182497402,776531651,511914882
dimwishlist:item=1802315656&perks=839105230,2048641572,3182497402,776531651,511914882
dimwishlist:item=1802315656&perks=1840239774,1561002382,2048641572,3182497402,776531651
dimwishlist:item=1802315656&perks=1561002382,1431678320,2048641572,3182497402,776531651
dimwishlist:item=1802315656&perks=1840239774,1431678320,2048641572,3182497402,776531651
dimwishlist:item=1802315656&perks=839105230,1561002382,2048641572,3182497402,776531651
dimwishlist:item=1802315656&perks=1840239774,839105230,2048641572,3182497402,776531651
dimwishlist:item=1802315656&perks=839105230,1431678320,2048641572,3182497402,776531651
dimwishlist:item=1802315656&perks=2048641572,3182497402,776531651,511914882
dimwishlist:item=1802315656&perks=1561002382,2048641572,3182497402,776531651
dimwishlist:item=1802315656&perks=1840239774,2048641572,3182497402,776531651
dimwishlist:item=1802315656&perks=1431678320,2048641572,3182497402,776531651
dimwishlist:item=1802315656&perks=839105230,2048641572,3182497402,776531651
dimwishlist:item=1802315656&perks=2048641572,3182497402,776531651

// Reckless Oracle
//notes:S-Tier. very solid void auto overall, not best archetype but has core perks. Origin: Photoinhibition
dimwishlist:item=1992309064&perks=1840239774,839105230,1561002382,1431678320,2048641572,3182497402,776531651,511914882
dimwishlist:item=1992309064&perks=1840239774,1561002382,1431678320,2048641572,3182497402,776531651,511914882
dimwishlist:item=1992309064&perks=1840239774,839105230,1561002382,2048641572,3182497402,776531651,511914882
dimwishlist:item=1992309064&perks=839105230,1561002382,1431678320,2048641572,3182497402,776531651,511914882
dimwishlist:item=1992309064&perks=1840239774,839105230,1431678320,2048641572,3182497402,776531651,511914882
dimwishlist:item=1992309064&perks=1840239774,839105230,1561002382,1431678320,2048641572,3182497402,776531651
dimwishlist:item=1992309064&perks=1840239774,1561002382,2048641572,3182497402,776531651,511914882
dimwishlist:item=1992309064&perks=1561002382,1431678320,2048641572,3182497402,776531651,511914882
dimwishlist:item=1992309064&perks=1840239774,1431678320,2048641572,3182497402,776531651,511914882
dimwishlist:item=1992309064&perks=839105230,1561002382,2048641572,3182497402,776531651,511914882
dimwishlist:item=1992309064&perks=1840239774,839105230,2048641572,3182497402,776531651,511914882
dimwishlist:item=1992309064&perks=839105230,1431678320,2048641572,3182497402,776531651,511914882
dimwishlist:item=1992309064&perks=1840239774,1561002382,1431678320,2048641572,3182497402,776531651
dimwishlist:item=1992309064&perks=1840239774,839105230,1561002382,2048641572,3182497402,776531651
dimwishlist:item=1992309064&perks=839105230,1561002382,1431678320,2048641572,3182497402,776531651
dimwishlist:item=1992309064&perks=1840239774,839105230,1431678320,2048641572,3182497402,776531651
dimwishlist:item=1992309064&perks=1561002382,2048641572,3182497402,776531651,511914882
dimwishlist:item=1992309064&perks=1840239774,2048641572,3182497402,776531651,511914882
dimwishlist:item=1992309064&perks=1431678320,2048641572,3182497402,776531651,511914882
dimwishlist:item=1992309064&perks=839105230,2048641572,3182497402,776531651,511914882
dimwishlist:item=1992309064&perks=1840239774,1561002382,2048641572,3182497402,776531651
dimwishlist:item=1992309064&perks=1561002382,1431678320,2048641572,3182497402,776531651
dimwishlist:item=1992309064&perks=1840239774,1431678320,2048641572,3182497402,776531651
dimwishlist:item=1992309064&perks=839105230,1561002382,2048641572,3182497402,776531651
dimwishlist:item=1992309064&perks=1840239774,839105230,2048641572,3182497402,776531651
dimwishlist:item=1992309064&perks=839105230,1431678320,2048641572,3182497402,776531651
dimwishlist:item=1992309064&perks=2048641572,3182497402,776531651,511914882
dimwishlist:item=1992309064&perks=1561002382,2048641572,3182497402,776531651
dimwishlist:item=1992309064&perks=1840239774,2048641572,3182497402,776531651
dimwishlist:item=1992309064&perks=1431678320,2048641572,3182497402,776531651
dimwishlist:item=1992309064&perks=839105230,2048641572,3182497402,776531651
dimwishlist:item=1992309064&perks=2048641572,3182497402,776531651

// The Riposte
//notes:S-Tier. great perk pairing and archetype, just no origin. 
dimwishlist:item=3754408118&perks=1840239774,839105230,1561002382,1431678320,776531651,2048641572,2109543898
dimwishlist:item=3754408118&perks=1840239774,1561002382,1431678320,776531651,2048641572,2109543898
dimwishlist:item=3754408118&perks=1840239774,839105230,1561002382,776531651,2048641572,2109543898
dimwishlist:item=3754408118&perks=839105230,1561002382,1431678320,776531651,2048641572,2109543898
dimwishlist:item=3754408118&perks=1840239774,839105230,1431678320,776531651,2048641572,2109543898
dimwishlist:item=3754408118&perks=1840239774,1561002382,776531651,2048641572,2109543898
dimwishlist:item=3754408118&perks=1561002382,1431678320,776531651,2048641572,2109543898
dimwishlist:item=3754408118&perks=1840239774,1431678320,776531651,2048641572,2109543898
dimwishlist:item=3754408118&perks=839105230,1561002382,776531651,2048641572,2109543898
dimwishlist:item=3754408118&perks=1840239774,839105230,776531651,2048641572,2109543898
dimwishlist:item=3754408118&perks=839105230,1431678320,776531651,2048641572,2109543898
dimwishlist:item=3754408118&perks=1561002382,776531651,2048641572,2109543898
dimwishlist:item=3754408118&perks=1840239774,776531651,2048641572,2109543898
dimwishlist:item=3754408118&perks=1431678320,776531651,2048641572,2109543898
dimwishlist:item=3754408118&perks=839105230,776531651,2048641572,2109543898
dimwishlist:item=3754408118&perks=776531651,2048641572,2109543898

// The Riposte
//notes:S-Tier. great perk pairing and archetype, just no origin. 
dimwishlist:item=866434750&perks=1840239774,839105230,1561002382,1431678320,776531651,3182497402,1464081238,2048641572,2109543898
dimwishlist:item=866434750&perks=1840239774,1561002382,1431678320,776531651,3182497402,1464081238,2048641572,2109543898
dimwishlist:item=866434750&perks=1840239774,839105230,1561002382,776531651,3182497402,1464081238,2048641572,2109543898
dimwishlist:item=866434750&perks=839105230,1561002382,1431678320,776531651,3182497402,1464081238,2048641572,2109543898
dimwishlist:item=866434750&perks=1840239774,839105230,1431678320,776531651,3182497402,1464081238,2048641572,2109543898
dimwishlist:item=866434750&perks=1840239774,1561002382,776531651,3182497402,1464081238,2048641572,2109543898
dimwishlist:item=866434750&perks=1561002382,1431678320,776531651,3182497402,1464081238,2048641572,2109543898
dimwishlist:item=866434750&perks=1840239774,1431678320,776531651,3182497402,1464081238,2048641572,2109543898
dimwishlist:item=866434750&perks=839105230,1561002382,776531651,3182497402,1464081238,2048641572,2109543898
dimwishlist:item=866434750&perks=1840239774,839105230,776531651,3182497402,1464081238,2048641572,2109543898
dimwishlist:item=866434750&perks=839105230,1431678320,776531651,3182497402,1464081238,2048641572,2109543898
dimwishlist:item=866434750&perks=1561002382,776531651,3182497402,1464081238,2048641572,2109543898
dimwishlist:item=866434750&perks=1840239774,776531651,3182497402,1464081238,2048641572,2109543898
dimwishlist:item=866434750&perks=1431678320,776531651,3182497402,1464081238,2048641572,2109543898
dimwishlist:item=866434750&perks=839105230,776531651,3182497402,1464081238,2048641572,2109543898
dimwishlist:item=866434750&perks=776531651,3182497402,1464081238,2048641572,2109543898

// Biting Winds
//notes:S-Tier. Bewildering isn't great on most primaries, but on a bow it's excellent. Origin: Winterized Gear
dimwishlist:item=2485400469&perks=2801223209,16392701,2289534249,2360347339,3891536761,1588586136
dimwishlist:item=2485400469&perks=16392701,2289534249,2360347339,3891536761,1588586136
dimwishlist:item=2485400469&perks=2801223209,2289534249,2360347339,3891536761,1588586136
dimwishlist:item=2485400469&perks=2801223209,16392701,2289534249,2360347339,3891536761
dimwishlist:item=2485400469&perks=2289534249,2360347339,3891536761,1588586136
dimwishlist:item=2485400469&perks=16392701,2289534249,2360347339,3891536761
dimwishlist:item=2485400469&perks=2801223209,2289534249,2360347339,3891536761
dimwishlist:item=2485400469&perks=2289534249,2360347339,3891536761

// The Spiteful Fang
//notes:S-Tier. the fire and ice combo but on a bow, great origin too, just not the best frame. Origin: Forge's Kin
dimwishlist:item=1094998581&perks=2801223209,16392701,124408337,1955165503,3824105627,2922950962,2327629476
dimwishlist:item=1094998581&perks=16392701,124408337,1955165503,3824105627,2922950962,2327629476
dimwishlist:item=1094998581&perks=2801223209,124408337,1955165503,3824105627,2922950962,2327629476
dimwishlist:item=1094998581&perks=2801223209,16392701,124408337,1955165503,3824105627,2922950962
dimwishlist:item=1094998581&perks=124408337,1955165503,3824105627,2922950962,2327629476
dimwishlist:item=1094998581&perks=16392701,124408337,1955165503,3824105627,2922950962
dimwishlist:item=1094998581&perks=2801223209,124408337,1955165503,3824105627,2922950962
dimwishlist:item=1094998581&perks=124408337,1955165503,3824105627,2922950962

// The Spiteful Fang
//notes:S-Tier. the fire and ice combo but on a bow, great origin too, just not the best frame. Origin: Forge's Kin
dimwishlist:item=1704597062&perks=2801223209,16392701,124408337,1955165503,3824105627,2922950962,2327629476
dimwishlist:item=1704597062&perks=16392701,124408337,1955165503,3824105627,2922950962,2327629476
dimwishlist:item=1704597062&perks=2801223209,124408337,1955165503,3824105627,2922950962,2327629476
dimwishlist:item=1704597062&perks=2801223209,16392701,124408337,1955165503,3824105627,2922950962
dimwishlist:item=1704597062&perks=124408337,1955165503,3824105627,2922950962,2327629476
dimwishlist:item=1704597062&perks=16392701,124408337,1955165503,3824105627,2922950962
dimwishlist:item=1704597062&perks=2801223209,124408337,1955165503,3824105627,2922950962
dimwishlist:item=1704597062&perks=124408337,1955165503,3824105627,2922950962

// Point of the Stag
//notes:S-Tier. Non-Denouement with better origin traits. Origin: Skulking Wolf
dimwishlist:item=3465233192&perks=2801223209,16392701,2848615171,3989629871
dimwishlist:item=3465233192&perks=16392701,2848615171,3989629871
dimwishlist:item=3465233192&perks=2801223209,2848615171,3989629871
dimwishlist:item=3465233192&perks=2801223209,16392701,2848615171
dimwishlist:item=3465233192&perks=2848615171,3989629871
dimwishlist:item=3465233192&perks=16392701,2848615171
dimwishlist:item=3465233192&perks=2801223209,2848615171
dimwishlist:item=3465233192&perks=2848615171

// Point of the Stag
//notes:S-Tier. Non-Denouement with better origin traits. Origin: Skulking Wolf
dimwishlist:item=888872889&perks=2801223209,16392701,2848615171,3989629871
dimwishlist:item=888872889&perks=16392701,2848615171,3989629871
dimwishlist:item=888872889&perks=2801223209,2848615171,3989629871
dimwishlist:item=888872889&perks=2801223209,16392701,2848615171
dimwishlist:item=888872889&perks=2848615171,3989629871
dimwishlist:item=888872889&perks=16392701,2848615171
dimwishlist:item=888872889&perks=2801223209,2848615171
dimwishlist:item=888872889&perks=2848615171

// Point of the Stag
//notes:S-Tier. Non-Denouement with better origin traits. Origin: Skulking Wolf
dimwishlist:item=911019136&perks=2801223209,16392701,2848615171,2173046394,3414324643,3989629871
dimwishlist:item=911019136&perks=16392701,2848615171,2173046394,3414324643,3989629871
dimwishlist:item=911019136&perks=2801223209,2848615171,2173046394,3414324643,3989629871
dimwishlist:item=911019136&perks=2801223209,16392701,2848615171,2173046394,3414324643
dimwishlist:item=911019136&perks=2848615171,2173046394,3414324643,3989629871
dimwishlist:item=911019136&perks=16392701,2848615171,2173046394,3414324643
dimwishlist:item=911019136&perks=2801223209,2848615171,2173046394,3414324643
dimwishlist:item=911019136&perks=2848615171,2173046394,3414324643

// Non-Denouement
//notes:S-Tier. interesting perk diversity but probably just worse than Point of the Stag. Origin: Collective Purpose
dimwishlist:item=1039915310&perks=2801223209,16392701,2848615171,2652708987,3700496672,2173046394,3640170453,657025441,1878756191
dimwishlist:item=1039915310&perks=16392701,2848615171,2652708987,3700496672,2173046394,3640170453,657025441,1878756191
dimwishlist:item=1039915310&perks=2801223209,2848615171,2652708987,3700496672,2173046394,3640170453,657025441,1878756191
dimwishlist:item=1039915310&perks=2801223209,16392701,2848615171,2652708987,3700496672,2173046394,3640170453,657025441
dimwishlist:item=1039915310&perks=2848615171,2652708987,3700496672,2173046394,3640170453,657025441,1878756191
dimwishlist:item=1039915310&perks=16392701,2848615171,2652708987,3700496672,2173046394,3640170453,657025441
dimwishlist:item=1039915310&perks=2801223209,2848615171,2652708987,3700496672,2173046394,3640170453,657025441
dimwishlist:item=1039915310&perks=2848615171,2652708987,3700496672,2173046394,3640170453,657025441

// Non-Denouement
//notes:S-Tier. interesting perk diversity but probably just worse than Point of the Stag. Origin: Collective Purpose
dimwishlist:item=1770490683&perks=2801223209,16392701,2848615171,2652708987,3700496672,2173046394,3640170453,657025441,1878756191
dimwishlist:item=1770490683&perks=16392701,2848615171,2652708987,3700496672,2173046394,3640170453,657025441,1878756191
dimwishlist:item=1770490683&perks=2801223209,2848615171,2652708987,3700496672,2173046394,3640170453,657025441,1878756191
dimwishlist:item=1770490683&perks=2801223209,16392701,2848615171,2652708987,3700496672,2173046394,3640170453,657025441
dimwishlist:item=1770490683&perks=2848615171,2652708987,3700496672,2173046394,3640170453,657025441,1878756191
dimwishlist:item=1770490683&perks=16392701,2848615171,2652708987,3700496672,2173046394,3640170453,657025441
dimwishlist:item=1770490683&perks=2801223209,2848615171,2652708987,3700496672,2173046394,3640170453,657025441
dimwishlist:item=1770490683&perks=2848615171,2652708987,3700496672,2173046394,3640170453,657025441

// Kindled Orchid
//notes:S-Tier. probably the best "traditional" hand cannon in the game, also has StL + EP on top. Origin: Forge's Kin
dimwishlist:item=2575506895&perks=1840239774,1431678320,3038247973
dimwishlist:item=2575506895&perks=1431678320,3038247973
dimwishlist:item=2575506895&perks=1840239774,3038247973
dimwishlist:item=2575506895&perks=3038247973

// Kindled Orchid
//notes:S-Tier. probably the best "traditional" hand cannon in the game, also has StL + EP on top. Origin: Forge's Kin
dimwishlist:item=3961462214&perks=1840239774,1431678320,776531651,3700496672,2048641572,3038247973,1464081238,2327629476
dimwishlist:item=3961462214&perks=1431678320,776531651,3700496672,2048641572,3038247973,1464081238,2327629476
dimwishlist:item=3961462214&perks=1840239774,776531651,3700496672,2048641572,3038247973,1464081238,2327629476
dimwishlist:item=3961462214&perks=1840239774,1431678320,776531651,3700496672,2048641572,3038247973,1464081238
dimwishlist:item=3961462214&perks=776531651,3700496672,2048641572,3038247973,1464081238,2327629476
dimwishlist:item=3961462214&perks=1431678320,776531651,3700496672,2048641572,3038247973,1464081238
dimwishlist:item=3961462214&perks=1840239774,776531651,3700496672,2048641572,3038247973,1464081238
dimwishlist:item=3961462214&perks=776531651,3700496672,2048641572,3038247973,1464081238

// Kindled Orchid
//notes:S-Tier. probably the best "traditional" hand cannon in the game, also has StL + EP on top. Origin: Forge's Kin
dimwishlist:item=334964261&perks=1840239774,1431678320,776531651,3700496672,2048641572,3038247973,1464081238,2327629476
dimwishlist:item=334964261&perks=1431678320,776531651,3700496672,2048641572,3038247973,1464081238,2327629476
dimwishlist:item=334964261&perks=1840239774,776531651,3700496672,2048641572,3038247973,1464081238,2327629476
dimwishlist:item=334964261&perks=1840239774,1431678320,776531651,3700496672,2048641572,3038247973,1464081238
dimwishlist:item=334964261&perks=776531651,3700496672,2048641572,3038247973,1464081238,2327629476
dimwishlist:item=334964261&perks=1431678320,776531651,3700496672,2048641572,3038247973,1464081238
dimwishlist:item=334964261&perks=1840239774,776531651,3700496672,2048641572,3038247973,1464081238
dimwishlist:item=334964261&perks=776531651,3700496672,2048641572,3038247973,1464081238

// IRONWOOD 03
//notes:S-Tier. most potent damage profile with almost every relevant void perk, great origin. Origin: Carrion Munitions
dimwishlist:item=2041617874&perks=1300023272,1431678320,776531651,3182497402,3523296417,2048641572,3708227201,3324494224,3018257738
dimwishlist:item=2041617874&perks=1431678320,776531651,3182497402,3523296417,2048641572,3708227201,3324494224,3018257738
dimwishlist:item=2041617874&perks=1300023272,776531651,3182497402,3523296417,2048641572,3708227201,3324494224,3018257738
dimwishlist:item=2041617874&perks=1300023272,1431678320,776531651,3182497402,3523296417,2048641572,3708227201,3324494224
dimwishlist:item=2041617874&perks=776531651,3182497402,3523296417,2048641572,3708227201,3324494224,3018257738
dimwishlist:item=2041617874&perks=1431678320,776531651,3182497402,3523296417,2048641572,3708227201,3324494224
dimwishlist:item=2041617874&perks=1300023272,776531651,3182497402,3523296417,2048641572,3708227201,3324494224
dimwishlist:item=2041617874&perks=776531651,3182497402,3523296417,2048641572,3708227201,3324494224

// Word of Crota
//notes:S-Tier. great overall, strong but build-dependent origin, solid perks. Origin: Cursed Thrall
dimwishlist:item=3926103986&perks=1840239774,1431678320,776531651,2848615171,4019266109,2048641572,3081867624,1156201379
dimwishlist:item=3926103986&perks=1431678320,776531651,2848615171,4019266109,2048641572,3081867624,1156201379
dimwishlist:item=3926103986&perks=1840239774,776531651,2848615171,4019266109,2048641572,3081867624,1156201379
dimwishlist:item=3926103986&perks=1840239774,1431678320,776531651,2848615171,4019266109,2048641572,3081867624
dimwishlist:item=3926103986&perks=776531651,2848615171,4019266109,2048641572,3081867624,1156201379
dimwishlist:item=3926103986&perks=1431678320,776531651,2848615171,4019266109,2048641572,3081867624
dimwishlist:item=3926103986&perks=1840239774,776531651,2848615171,4019266109,2048641572,3081867624
dimwishlist:item=3926103986&perks=776531651,2848615171,4019266109,2048641572,3081867624

// Word of Crota
//notes:S-Tier. great overall, strong but build-dependent origin, solid perks. Origin: Cursed Thrall
dimwishlist:item=120706239&perks=1840239774,1431678320,776531651,2848615171,4019266109,2048641572,3081867624,1156201379
dimwishlist:item=120706239&perks=1431678320,776531651,2848615171,4019266109,2048641572,3081867624,1156201379
dimwishlist:item=120706239&perks=1840239774,776531651,2848615171,4019266109,2048641572,3081867624,1156201379
dimwishlist:item=120706239&perks=1840239774,1431678320,776531651,2848615171,4019266109,2048641572,3081867624
dimwishlist:item=120706239&perks=776531651,2848615171,4019266109,2048641572,3081867624,1156201379
dimwishlist:item=120706239&perks=1431678320,776531651,2848615171,4019266109,2048641572,3081867624
dimwishlist:item=120706239&perks=1840239774,776531651,2848615171,4019266109,2048641572,3081867624
dimwishlist:item=120706239&perks=776531651,2848615171,4019266109,2048641572,3081867624

// Exalted Truth
//notes:S-Tier. not particularly remarkable but has classic void combo on good frame, poor origin, only Withering option. Origin: Fleet Footed
dimwishlist:item=2776092653&perks=1840239774,1431678320,2048641572,1134488199,776531651,65797256
dimwishlist:item=2776092653&perks=1431678320,2048641572,1134488199,776531651,65797256
dimwishlist:item=2776092653&perks=1840239774,2048641572,1134488199,776531651,65797256
dimwishlist:item=2776092653&perks=1840239774,1431678320,2048641572,1134488199,776531651
dimwishlist:item=2776092653&perks=2048641572,1134488199,776531651,65797256
dimwishlist:item=2776092653&perks=1431678320,2048641572,1134488199,776531651
dimwishlist:item=2776092653&perks=1840239774,2048641572,1134488199,776531651
dimwishlist:item=2776092653&perks=2048641572,1134488199,776531651

// Exalted Truth
//notes:S-Tier. not particularly remarkable but has classic void combo on good frame, poor origin, only Withering option. Origin: Fleet Footed
dimwishlist:item=3102421004&perks=1840239774,1431678320,776531651
dimwishlist:item=3102421004&perks=1431678320,776531651
dimwishlist:item=3102421004&perks=1840239774,776531651
dimwishlist:item=3102421004&perks=776531651

// Exalted Truth
//notes:S-Tier. not particularly remarkable but has classic void combo on good frame, poor origin, only Withering option. Origin: Fleet Footed
dimwishlist:item=3436626079&perks=1840239774,1431678320,2048641572,1134488199,776531651
dimwishlist:item=3436626079&perks=1431678320,2048641572,1134488199,776531651
dimwishlist:item=3436626079&perks=1840239774,2048641572,1134488199,776531651
dimwishlist:item=3436626079&perks=2048641572,1134488199,776531651

// Exalted Truth
//notes:S-Tier. not particularly remarkable but has classic void combo on good frame, poor origin, only Withering option. Origin: Fleet Footed
dimwishlist:item=548809020&perks=1840239774,1431678320,776531651
dimwishlist:item=548809020&perks=1431678320,776531651
dimwishlist:item=548809020&perks=1840239774,776531651
dimwishlist:item=548809020&perks=776531651

// Exalted Truth
//notes:S-Tier. not particularly remarkable but has classic void combo on good frame, poor origin, only Withering option. Origin: Fleet Footed
dimwishlist:item=3920882229&perks=1840239774,1431678320,776531651
dimwishlist:item=3920882229&perks=1431678320,776531651
dimwishlist:item=3920882229&perks=1840239774,776531651
dimwishlist:item=3920882229&perks=776531651

// Exalted Truth
//notes:S-Tier. not particularly remarkable but has classic void combo on good frame, poor origin, only Withering option. Origin: Fleet Footed
dimwishlist:item=1201528146&perks=1840239774,1431678320,2048641572,1134488199,776531651
dimwishlist:item=1201528146&perks=1431678320,2048641572,1134488199,776531651
dimwishlist:item=1201528146&perks=1840239774,2048641572,1134488199,776531651
dimwishlist:item=1201528146&perks=2048641572,1134488199,776531651

// Exalted Truth
//notes:S-Tier. not particularly remarkable but has classic void combo on good frame, poor origin, only Withering option. Origin: Fleet Footed
dimwishlist:item=1705843397&perks=1840239774,1431678320,776531651
dimwishlist:item=1705843397&perks=1431678320,776531651
dimwishlist:item=1705843397&perks=1840239774,776531651
dimwishlist:item=1705843397&perks=776531651

// Modified B-7 Pistol
//notes:S-Tier. strongest possible double splash stasis combo, great frame, solid origin. Origin: Accelerated Assault
dimwishlist:item=3146657388&perks=1840239774,1080094173,3824105627,124408337,2922950962
dimwishlist:item=3146657388&perks=1080094173,3824105627,124408337,2922950962
dimwishlist:item=3146657388&perks=1840239774,3824105627,124408337,2922950962
dimwishlist:item=3146657388&perks=3824105627,124408337,2922950962

// Modified B-7 Pistol
//notes:S-Tier. strongest possible double splash stasis combo, great frame, solid origin. Origin: Accelerated Assault
dimwishlist:item=1872906663&perks=1840239774,1080094173,3824105627,124408337,2922950962,3713579091
dimwishlist:item=1872906663&perks=1080094173,3824105627,124408337,2922950962,3713579091
dimwishlist:item=1872906663&perks=1840239774,3824105627,124408337,2922950962,3713579091
dimwishlist:item=1872906663&perks=1840239774,1080094173,3824105627,124408337,2922950962
dimwishlist:item=1872906663&perks=3824105627,124408337,2922950962,3713579091
dimwishlist:item=1872906663&perks=1080094173,3824105627,124408337,2922950962
dimwishlist:item=1872906663&perks=1840239774,3824105627,124408337,2922950962
dimwishlist:item=1872906663&perks=3824105627,124408337,2922950962

// Zaouli's Bane
Pantheon version
//notes:S-Tier. most potent double splash solar option, solid origin and great frame too. Origin: Elliptical Orbit
dimwishlist:item=3066945855&perks=1840239774,1431678320,3824105627,3038247973,2890807135,657025441,4293542123,3640170453,642688932
dimwishlist:item=3066945855&perks=1431678320,3824105627,3038247973,2890807135,657025441,4293542123,3640170453,642688932
dimwishlist:item=3066945855&perks=1840239774,3824105627,3038247973,2890807135,657025441,4293542123,3640170453,642688932
dimwishlist:item=3066945855&perks=1840239774,1431678320,3824105627,3038247973,2890807135,657025441,4293542123,3640170453
dimwishlist:item=3066945855&perks=3824105627,3038247973,2890807135,657025441,4293542123,3640170453,642688932
dimwishlist:item=3066945855&perks=1431678320,3824105627,3038247973,2890807135,657025441,4293542123,3640170453
dimwishlist:item=3066945855&perks=1840239774,3824105627,3038247973,2890807135,657025441,4293542123,3640170453
dimwishlist:item=3066945855&perks=3824105627,3038247973,2890807135,657025441,4293542123,3640170453

// Zaouli's Bane
Pantheon version
//notes:S-Tier. most potent double splash solar option, solid origin and great frame too. Origin: Elliptical Orbit
dimwishlist:item=3647341740&perks=1840239774,1431678320,3824105627,3038247973,2890807135,657025441,4293542123,3640170453,642688932
dimwishlist:item=3647341740&perks=1431678320,3824105627,3038247973,2890807135,657025441,4293542123,3640170453,642688932
dimwishlist:item=3647341740&perks=1840239774,3824105627,3038247973,2890807135,657025441,4293542123,3640170453,642688932
dimwishlist:item=3647341740&perks=1840239774,1431678320,3824105627,3038247973,2890807135,657025441,4293542123,3640170453
dimwishlist:item=3647341740&perks=3824105627,3038247973,2890807135,657025441,4293542123,3640170453,642688932
dimwishlist:item=3647341740&perks=1431678320,3824105627,3038247973,2890807135,657025441,4293542123,3640170453
dimwishlist:item=3647341740&perks=1840239774,3824105627,3038247973,2890807135,657025441,4293542123,3640170453
dimwishlist:item=3647341740&perks=3824105627,3038247973,2890807135,657025441,4293542123,3640170453

// Zaouli's Bane
Pantheon version
//notes:S-Tier. most potent double splash solar option, solid origin and great frame too. Origin: Elliptical Orbit
dimwishlist:item=431721920&perks=1840239774,1431678320,3824105627,3038247973,657025441,4293542123,3640170453
dimwishlist:item=431721920&perks=1431678320,3824105627,3038247973,657025441,4293542123,3640170453
dimwishlist:item=431721920&perks=1840239774,3824105627,3038247973,657025441,4293542123,3640170453
dimwishlist:item=431721920&perks=3824105627,3038247973,657025441,4293542123,3640170453

// Epochal Integration
//notes:S-Tier. basically a Zaouli's with a better origin trait and no Redirection. Origin: Nanotech Tracer Missiles
dimwishlist:item=3851394887&perks=1840239774,1431678320,3038247973,3017780555,657025441,4293542123,3640170453,164468655
dimwishlist:item=3851394887&perks=1431678320,3038247973,3017780555,657025441,4293542123,3640170453,164468655
dimwishlist:item=3851394887&perks=1840239774,3038247973,3017780555,657025441,4293542123,3640170453,164468655
dimwishlist:item=3851394887&perks=1840239774,1431678320,3038247973,3017780555,657025441,4293542123,3640170453
dimwishlist:item=3851394887&perks=3038247973,3017780555,657025441,4293542123,3640170453,164468655
dimwishlist:item=3851394887&perks=1431678320,3038247973,3017780555,657025441,4293542123,3640170453
dimwishlist:item=3851394887&perks=1840239774,3038247973,3017780555,657025441,4293542123,3640170453
dimwishlist:item=3851394887&perks=3038247973,3017780555,657025441,4293542123,3640170453

// Epochal Integration
//notes:S-Tier. basically a Zaouli's with a better origin trait and no Redirection. Origin: Nanotech Tracer Missiles
dimwishlist:item=1123421440&perks=4293542123,164468655
dimwishlist:item=1123421440&perks=4293542123

// Eyasluna
//notes:S-Tier. same pairings as Modified B-7 but has Meganeura and Chaos diversity with worse damage profile. Origin: Unburied Treasure
dimwishlist:item=235827225&perks=1561002382,1431678320,124408337
dimwishlist:item=235827225&perks=1561002382,124408337
dimwishlist:item=235827225&perks=1431678320,124408337
dimwishlist:item=235827225&perks=124408337

// Eyasluna
//notes:S-Tier. same pairings as Modified B-7 but has Meganeura and Chaos diversity with worse damage profile. Origin: Unburied Treasure
dimwishlist:item=386864872&perks=1840239774,1561002382,1431678320,3824105627,657025441,124408337,2922950962,3640170453,3132659494
dimwishlist:item=386864872&perks=1840239774,1561002382,3824105627,657025441,124408337,2922950962,3640170453,3132659494
dimwishlist:item=386864872&perks=1561002382,1431678320,3824105627,657025441,124408337,2922950962,3640170453,3132659494
dimwishlist:item=386864872&perks=1840239774,1431678320,3824105627,657025441,124408337,2922950962,3640170453,3132659494
dimwishlist:item=386864872&perks=1840239774,1561002382,1431678320,3824105627,657025441,124408337,2922950962,3640170453
dimwishlist:item=386864872&perks=1561002382,3824105627,657025441,124408337,2922950962,3640170453,3132659494
dimwishlist:item=386864872&perks=1840239774,3824105627,657025441,124408337,2922950962,3640170453,3132659494
dimwishlist:item=386864872&perks=1431678320,3824105627,657025441,124408337,2922950962,3640170453,3132659494
dimwishlist:item=386864872&perks=1840239774,1561002382,3824105627,657025441,124408337,2922950962,3640170453
dimwishlist:item=386864872&perks=1561002382,1431678320,3824105627,657025441,124408337,2922950962,3640170453
dimwishlist:item=386864872&perks=1840239774,1431678320,3824105627,657025441,124408337,2922950962,3640170453
dimwishlist:item=386864872&perks=3824105627,657025441,124408337,2922950962,3640170453,3132659494
dimwishlist:item=386864872&perks=1561002382,3824105627,657025441,124408337,2922950962,3640170453
dimwishlist:item=386864872&perks=1840239774,3824105627,657025441,124408337,2922950962,3640170453
dimwishlist:item=386864872&perks=1431678320,3824105627,657025441,124408337,2922950962,3640170453
dimwishlist:item=386864872&perks=3824105627,657025441,124408337,2922950962,3640170453

// Zaouli's Bane
//notes:S-Tier. interesting Redirection pairing, very lethal perk combos but lacks sustain. Origin: Runneth Over
dimwishlist:item=3066945855&perks=1840239774,1431678320,3038247973,657025441,4293542123,3640170453,120721526
dimwishlist:item=3066945855&perks=1431678320,3038247973,657025441,4293542123,3640170453,120721526
dimwishlist:item=3066945855&perks=1840239774,3038247973,657025441,4293542123,3640170453,120721526
dimwishlist:item=3066945855&perks=1840239774,1431678320,3038247973,657025441,4293542123,3640170453
dimwishlist:item=3066945855&perks=3038247973,657025441,4293542123,3640170453,120721526
dimwishlist:item=3066945855&perks=1431678320,3038247973,657025441,4293542123,3640170453
dimwishlist:item=3066945855&perks=1840239774,3038247973,657025441,4293542123,3640170453
dimwishlist:item=3066945855&perks=3038247973,657025441,4293542123,3640170453

// Zaouli's Bane
//notes:S-Tier. interesting Redirection pairing, very lethal perk combos but lacks sustain. Origin: Runneth Over
dimwishlist:item=3647341740&perks=1840239774,1431678320,3038247973,657025441,4293542123,3640170453,120721526
dimwishlist:item=3647341740&perks=1431678320,3038247973,657025441,4293542123,3640170453,120721526
dimwishlist:item=3647341740&perks=1840239774,3038247973,657025441,4293542123,3640170453,120721526
dimwishlist:item=3647341740&perks=1840239774,1431678320,3038247973,657025441,4293542123,3640170453
dimwishlist:item=3647341740&perks=3038247973,657025441,4293542123,3640170453,120721526
dimwishlist:item=3647341740&perks=1431678320,3038247973,657025441,4293542123,3640170453
dimwishlist:item=3647341740&perks=1840239774,3038247973,657025441,4293542123,3640170453
dimwishlist:item=3647341740&perks=3038247973,657025441,4293542123,3640170453

// Zaouli's Bane
//notes:S-Tier. interesting Redirection pairing, very lethal perk combos but lacks sustain. Origin: Runneth Over
dimwishlist:item=431721920&perks=1840239774,1431678320,3038247973,3201496230,657025441,4293542123,3640170453,120721526
dimwishlist:item=431721920&perks=1431678320,3038247973,3201496230,657025441,4293542123,3640170453,120721526
dimwishlist:item=431721920&perks=1840239774,3038247973,3201496230,657025441,4293542123,3640170453,120721526
dimwishlist:item=431721920&perks=1840239774,1431678320,3038247973,3201496230,657025441,4293542123,3640170453
dimwishlist:item=431721920&perks=3038247973,3201496230,657025441,4293542123,3640170453,120721526
dimwishlist:item=431721920&perks=1431678320,3038247973,3201496230,657025441,4293542123,3640170453
dimwishlist:item=431721920&perks=1840239774,3038247973,3201496230,657025441,4293542123,3640170453
dimwishlist:item=431721920&perks=3038247973,3201496230,657025441,4293542123,3640170453

// Zaouli's Bane
//notes:S-Tier. interesting Redirection pairing, very lethal perk combos but lacks sustain. Origin: Runneth Over
dimwishlist:item=291092617&perks=1840239774,1431678320,3038247973,3201496230,657025441,4293542123,3640170453,120721526
dimwishlist:item=291092617&perks=1431678320,3038247973,3201496230,657025441,4293542123,3640170453,120721526
dimwishlist:item=291092617&perks=1840239774,3038247973,3201496230,657025441,4293542123,3640170453,120721526
dimwishlist:item=291092617&perks=1840239774,1431678320,3038247973,3201496230,657025441,4293542123,3640170453
dimwishlist:item=291092617&perks=3038247973,3201496230,657025441,4293542123,3640170453,120721526
dimwishlist:item=291092617&perks=1431678320,3038247973,3201496230,657025441,4293542123,3640170453
dimwishlist:item=291092617&perks=1840239774,3038247973,3201496230,657025441,4293542123,3640170453
dimwishlist:item=291092617&perks=3038247973,3201496230,657025441,4293542123,3640170453

// Joxer's Longsword
//notes:S-Tier. solid origin, great frame, good perk diversity, has double stagger access too. Origin: Accelerated Assault
dimwishlist:item=2150012406&perks=1840239774,1561002382,1431678320,776531651,2848615171,3700496672,2048641572,1134488199,1015611457
dimwishlist:item=2150012406&perks=1840239774,1561002382,776531651,2848615171,3700496672,2048641572,1134488199,1015611457
dimwishlist:item=2150012406&perks=1561002382,1431678320,776531651,2848615171,3700496672,2048641572,1134488199,1015611457
dimwishlist:item=2150012406&perks=1840239774,1431678320,776531651,2848615171,3700496672,2048641572,1134488199,1015611457
dimwishlist:item=2150012406&perks=1561002382,776531651,2848615171,3700496672,2048641572,1134488199,1015611457
dimwishlist:item=2150012406&perks=1840239774,776531651,2848615171,3700496672,2048641572,1134488199,1015611457
dimwishlist:item=2150012406&perks=1431678320,776531651,2848615171,3700496672,2048641572,1134488199,1015611457
dimwishlist:item=2150012406&perks=776531651,2848615171,3700496672,2048641572,1134488199,1015611457

// Joxer's Longsword
//notes:S-Tier. solid origin, great frame, good perk diversity, has double stagger access too. Origin: Accelerated Assault
dimwishlist:item=3538003989&perks=1840239774,1561002382,1431678320,776531651,2848615171,3700496672,2048641572,1134488199,1015611457,3713579091
dimwishlist:item=3538003989&perks=1840239774,1561002382,776531651,2848615171,3700496672,2048641572,1134488199,1015611457,3713579091
dimwishlist:item=3538003989&perks=1561002382,1431678320,776531651,2848615171,3700496672,2048641572,1134488199,1015611457,3713579091
dimwishlist:item=3538003989&perks=1840239774,1431678320,776531651,2848615171,3700496672,2048641572,1134488199,1015611457,3713579091
dimwishlist:item=3538003989&perks=1840239774,1561002382,1431678320,776531651,2848615171,3700496672,2048641572,1134488199,1015611457
dimwishlist:item=3538003989&perks=1561002382,776531651,2848615171,3700496672,2048641572,1134488199,1015611457,3713579091
dimwishlist:item=3538003989&perks=1840239774,776531651,2848615171,3700496672,2048641572,1134488199,1015611457,3713579091
dimwishlist:item=3538003989&perks=1431678320,776531651,2848615171,3700496672,2048641572,1134488199,1015611457,3713579091
dimwishlist:item=3538003989&perks=1840239774,1561002382,776531651,2848615171,3700496672,2048641572,1134488199,1015611457
dimwishlist:item=3538003989&perks=1561002382,1431678320,776531651,2848615171,3700496672,2048641572,1134488199,1015611457
dimwishlist:item=3538003989&perks=1840239774,1431678320,776531651,2848615171,3700496672,2048641572,1134488199,1015611457
dimwishlist:item=3538003989&perks=776531651,2848615171,3700496672,2048641572,1134488199,1015611457,3713579091
dimwishlist:item=3538003989&perks=1561002382,776531651,2848615171,3700496672,2048641572,1134488199,1015611457
dimwishlist:item=3538003989&perks=1840239774,776531651,2848615171,3700496672,2048641572,1134488199,1015611457
dimwishlist:item=3538003989&perks=1431678320,776531651,2848615171,3700496672,2048641572,1134488199,1015611457
dimwishlist:item=3538003989&perks=776531651,2848615171,3700496672,2048641572,1134488199,1015611457

// Joxer's Longsword
//notes:S-Tier. solid origin, great frame, good perk diversity, has double stagger access too. Origin: Accelerated Assault
dimwishlist:item=157601190&perks=1840239774,1561002382,1431678320,776531651,2848615171,3700496672,2048641572,1134488199
dimwishlist:item=157601190&perks=1840239774,1561002382,776531651,2848615171,3700496672,2048641572,1134488199
dimwishlist:item=157601190&perks=1561002382,1431678320,776531651,2848615171,3700496672,2048641572,1134488199
dimwishlist:item=157601190&perks=1840239774,1431678320,776531651,2848615171,3700496672,2048641572,1134488199
dimwishlist:item=157601190&perks=1561002382,776531651,2848615171,3700496672,2048641572,1134488199
dimwishlist:item=157601190&perks=1840239774,776531651,2848615171,3700496672,2048641572,1134488199
dimwishlist:item=157601190&perks=1431678320,776531651,2848615171,3700496672,2048641572,1134488199
dimwishlist:item=157601190&perks=776531651,2848615171,3700496672,2048641572,1134488199

// Claws of the Wolf
//notes:S-Tier. nice origin paired with solid frame and classic void combo. Origin: Skulking Wolf
dimwishlist:item=3634548599&perks=1840239774,839105230,1561002382,1431678320,776531651,2048641572,3425386926,243981275,3989629871
dimwishlist:item=3634548599&perks=1840239774,1561002382,1431678320,776531651,2048641572,3425386926,243981275,3989629871
dimwishlist:item=3634548599&perks=1840239774,839105230,1561002382,776531651,2048641572,3425386926,243981275,3989629871
dimwishlist:item=3634548599&perks=839105230,1561002382,1431678320,776531651,2048641572,3425386926,243981275,3989629871
dimwishlist:item=3634548599&perks=1840239774,839105230,1431678320,776531651,2048641572,3425386926,243981275,3989629871
dimwishlist:item=3634548599&perks=1840239774,839105230,1561002382,1431678320,776531651,2048641572,3425386926,243981275
dimwishlist:item=3634548599&perks=1840239774,1561002382,776531651,2048641572,3425386926,243981275,3989629871
dimwishlist:item=3634548599&perks=1561002382,1431678320,776531651,2048641572,3425386926,243981275,3989629871
dimwishlist:item=3634548599&perks=1840239774,1431678320,776531651,2048641572,3425386926,243981275,3989629871
dimwishlist:item=3634548599&perks=839105230,1561002382,776531651,2048641572,3425386926,243981275,3989629871
dimwishlist:item=3634548599&perks=1840239774,839105230,776531651,2048641572,3425386926,243981275,3989629871
dimwishlist:item=3634548599&perks=839105230,1431678320,776531651,2048641572,3425386926,243981275,3989629871
dimwishlist:item=3634548599&perks=1840239774,1561002382,1431678320,776531651,2048641572,3425386926,243981275
dimwishlist:item=3634548599&perks=1840239774,839105230,1561002382,776531651,2048641572,3425386926,243981275
dimwishlist:item=3634548599&perks=839105230,1561002382,1431678320,776531651,2048641572,3425386926,243981275
dimwishlist:item=3634548599&perks=1840239774,839105230,1431678320,776531651,2048641572,3425386926,243981275
dimwishlist:item=3634548599&perks=1561002382,776531651,2048641572,3425386926,243981275,3989629871
dimwishlist:item=3634548599&perks=1840239774,776531651,2048641572,3425386926,243981275,3989629871
dimwishlist:item=3634548599&perks=1431678320,776531651,2048641572,3425386926,243981275,3989629871
dimwishlist:item=3634548599&perks=839105230,776531651,2048641572,3425386926,243981275,3989629871
dimwishlist:item=3634548599&perks=1840239774,1561002382,776531651,2048641572,3425386926,243981275
dimwishlist:item=3634548599&perks=1561002382,1431678320,776531651,2048641572,3425386926,243981275
dimwishlist:item=3634548599&perks=1840239774,1431678320,776531651,2048641572,3425386926,243981275
dimwishlist:item=3634548599&perks=839105230,1561002382,776531651,2048641572,3425386926,243981275
dimwishlist:item=3634548599&perks=1840239774,839105230,776531651,2048641572,3425386926,243981275
dimwishlist:item=3634548599&perks=839105230,1431678320,776531651,2048641572,3425386926,243981275
dimwishlist:item=3634548599&perks=776531651,2048641572,3425386926,243981275,3989629871
dimwishlist:item=3634548599&perks=1561002382,776531651,2048641572,3425386926,243981275
dimwishlist:item=3634548599&perks=1840239774,776531651,2048641572,3425386926,243981275
dimwishlist:item=3634548599&perks=1431678320,776531651,2048641572,3425386926,243981275
dimwishlist:item=3634548599&perks=839105230,776531651,2048641572,3425386926,243981275
dimwishlist:item=3634548599&perks=776531651,2048641572,3425386926,243981275

// Claws of the Wolf
//notes:S-Tier. nice origin paired with solid frame and classic void combo. Origin: Skulking Wolf
dimwishlist:item=1280933460&perks=1840239774,839105230,1561002382,1431678320,3425386926
dimwishlist:item=1280933460&perks=1840239774,1561002382,1431678320,3425386926
dimwishlist:item=1280933460&perks=1840239774,839105230,1561002382,3425386926
dimwishlist:item=1280933460&perks=839105230,1561002382,1431678320,3425386926
dimwishlist:item=1280933460&perks=1840239774,839105230,1431678320,3425386926
dimwishlist:item=1280933460&perks=1840239774,1561002382,3425386926
dimwishlist:item=1280933460&perks=1561002382,1431678320,3425386926
dimwishlist:item=1280933460&perks=1840239774,1431678320,3425386926
dimwishlist:item=1280933460&perks=839105230,1561002382,3425386926
dimwishlist:item=1280933460&perks=1840239774,839105230,3425386926
dimwishlist:item=1280933460&perks=839105230,1431678320,3425386926
dimwishlist:item=1280933460&perks=1561002382,3425386926
dimwishlist:item=1280933460&perks=1840239774,3425386926
dimwishlist:item=1280933460&perks=1431678320,3425386926
dimwishlist:item=1280933460&perks=839105230,3425386926
dimwishlist:item=1280933460&perks=3425386926

// Claws of the Wolf
//notes:S-Tier. nice origin paired with solid frame and classic void combo. Origin: Skulking Wolf
dimwishlist:item=1505862304&perks=1840239774,839105230,1561002382,1431678320,776531651,2048641572,3425386926,243981275,3989629871
dimwishlist:item=1505862304&perks=1840239774,1561002382,1431678320,776531651,2048641572,3425386926,243981275,3989629871
dimwishlist:item=1505862304&perks=1840239774,839105230,1561002382,776531651,2048641572,3425386926,243981275,3989629871
dimwishlist:item=1505862304&perks=839105230,1561002382,1431678320,776531651,2048641572,3425386926,243981275,3989629871
dimwishlist:item=1505862304&perks=1840239774,839105230,1431678320,776531651,2048641572,3425386926,243981275,3989629871
dimwishlist:item=1505862304&perks=1840239774,839105230,1561002382,1431678320,776531651,2048641572,3425386926,243981275
dimwishlist:item=1505862304&perks=1840239774,1561002382,776531651,2048641572,3425386926,243981275,3989629871
dimwishlist:item=1505862304&perks=1561002382,1431678320,776531651,2048641572,3425386926,243981275,3989629871
dimwishlist:item=1505862304&perks=1840239774,1431678320,776531651,2048641572,3425386926,243981275,3989629871
dimwishlist:item=1505862304&perks=839105230,1561002382,776531651,2048641572,3425386926,243981275,3989629871
dimwishlist:item=1505862304&perks=1840239774,839105230,776531651,2048641572,3425386926,243981275,3989629871
dimwishlist:item=1505862304&perks=839105230,1431678320,776531651,2048641572,3425386926,243981275,3989629871
dimwishlist:item=1505862304&perks=1840239774,1561002382,1431678320,776531651,2048641572,3425386926,243981275
dimwishlist:item=1505862304&perks=1840239774,839105230,1561002382,776531651,2048641572,3425386926,243981275
dimwishlist:item=1505862304&perks=839105230,1561002382,1431678320,776531651,2048641572,3425386926,243981275
dimwishlist:item=1505862304&perks=1840239774,839105230,1431678320,776531651,2048641572,3425386926,243981275
dimwishlist:item=1505862304&perks=1561002382,776531651,2048641572,3425386926,243981275,3989629871
dimwishlist:item=1505862304&perks=1840239774,776531651,2048641572,3425386926,243981275,3989629871
dimwishlist:item=1505862304&perks=1431678320,776531651,2048641572,3425386926,243981275,3989629871
dimwishlist:item=1505862304&perks=839105230,776531651,2048641572,3425386926,243981275,3989629871
dimwishlist:item=1505862304&perks=1840239774,1561002382,776531651,2048641572,3425386926,243981275
dimwishlist:item=1505862304&perks=1561002382,1431678320,776531651,2048641572,3425386926,243981275
dimwishlist:item=1505862304&perks=1840239774,1431678320,776531651,2048641572,3425386926,243981275
dimwishlist:item=1505862304&perks=839105230,1561002382,776531651,2048641572,3425386926,243981275
dimwishlist:item=1505862304&perks=1840239774,839105230,776531651,2048641572,3425386926,243981275
dimwishlist:item=1505862304&perks=839105230,1431678320,776531651,2048641572,3425386926,243981275
dimwishlist:item=1505862304&perks=776531651,2048641572,3425386926,243981275,3989629871
dimwishlist:item=1505862304&perks=1561002382,776531651,2048641572,3425386926,243981275
dimwishlist:item=1505862304&perks=1840239774,776531651,2048641572,3425386926,243981275
dimwishlist:item=1505862304&perks=1431678320,776531651,2048641572,3425386926,243981275
dimwishlist:item=1505862304&perks=839105230,776531651,2048641572,3425386926,243981275
dimwishlist:item=1505862304&perks=776531651,2048641572,3425386926,243981275

// The Martlet
//notes:S-Tier. trades better origin trait for Firefly alternative in first column, not really worth. Origin: Fleet Footed
dimwishlist:item=877384&perks=1840239774,839105230,1431678320,776531651,3824105627,2048641572,1134488199,2109543898,65797256
dimwishlist:item=877384&perks=1840239774,1431678320,776531651,3824105627,2048641572,1134488199,2109543898,65797256
dimwishlist:item=877384&perks=839105230,1431678320,776531651,3824105627,2048641572,1134488199,2109543898,65797256
dimwishlist:item=877384&perks=1840239774,839105230,776531651,3824105627,2048641572,1134488199,2109543898,65797256
dimwishlist:item=877384&perks=1840239774,839105230,1431678320,776531651,3824105627,2048641572,1134488199,2109543898
dimwishlist:item=877384&perks=1431678320,776531651,3824105627,2048641572,1134488199,2109543898,65797256
dimwishlist:item=877384&perks=1840239774,776531651,3824105627,2048641572,1134488199,2109543898,65797256
dimwishlist:item=877384&perks=839105230,776531651,3824105627,2048641572,1134488199,2109543898,65797256
dimwishlist:item=877384&perks=1840239774,1431678320,776531651,3824105627,2048641572,1134488199,2109543898
dimwishlist:item=877384&perks=839105230,1431678320,776531651,3824105627,2048641572,1134488199,2109543898
dimwishlist:item=877384&perks=1840239774,839105230,776531651,3824105627,2048641572,1134488199,2109543898
dimwishlist:item=877384&perks=776531651,3824105627,2048641572,1134488199,2109543898,65797256
dimwishlist:item=877384&perks=1431678320,776531651,3824105627,2048641572,1134488199,2109543898
dimwishlist:item=877384&perks=1840239774,776531651,3824105627,2048641572,1134488199,2109543898
dimwishlist:item=877384&perks=839105230,776531651,3824105627,2048641572,1134488199,2109543898
dimwishlist:item=877384&perks=776531651,3824105627,2048641572,1134488199,2109543898

// Gridskipper
//notes:S-Tier. basically just worse than Claws but still good. Origin: Splicer Surge
dimwishlist:item=3176697589&perks=1840239774,839105230,1561002382,1431678320,776531651,1464081238,2048641572,2109543898,3404929162
dimwishlist:item=3176697589&perks=1840239774,1561002382,1431678320,776531651,1464081238,2048641572,2109543898,3404929162
dimwishlist:item=3176697589&perks=1840239774,839105230,1561002382,776531651,1464081238,2048641572,2109543898,3404929162
dimwishlist:item=3176697589&perks=839105230,1561002382,1431678320,776531651,1464081238,2048641572,2109543898,3404929162
dimwishlist:item=3176697589&perks=1840239774,839105230,1431678320,776531651,1464081238,2048641572,2109543898,3404929162
dimwishlist:item=3176697589&perks=1840239774,839105230,1561002382,1431678320,776531651,1464081238,2048641572,2109543898
dimwishlist:item=3176697589&perks=1840239774,1561002382,776531651,1464081238,2048641572,2109543898,3404929162
dimwishlist:item=3176697589&perks=1561002382,1431678320,776531651,1464081238,2048641572,2109543898,3404929162
dimwishlist:item=3176697589&perks=1840239774,1431678320,776531651,1464081238,2048641572,2109543898,3404929162
dimwishlist:item=3176697589&perks=839105230,1561002382,776531651,1464081238,2048641572,2109543898,3404929162
dimwishlist:item=3176697589&perks=1840239774,839105230,776531651,1464081238,2048641572,2109543898,3404929162
dimwishlist:item=3176697589&perks=839105230,1431678320,776531651,1464081238,2048641572,2109543898,3404929162
dimwishlist:item=3176697589&perks=1840239774,1561002382,1431678320,776531651,1464081238,2048641572,2109543898
dimwishlist:item=3176697589&perks=1840239774,839105230,1561002382,776531651,1464081238,2048641572,2109543898
dimwishlist:item=3176697589&perks=839105230,1561002382,1431678320,776531651,1464081238,2048641572,2109543898
dimwishlist:item=3176697589&perks=1840239774,839105230,1431678320,776531651,1464081238,2048641572,2109543898
dimwishlist:item=3176697589&perks=1561002382,776531651,1464081238,2048641572,2109543898,3404929162
dimwishlist:item=3176697589&perks=1840239774,776531651,1464081238,2048641572,2109543898,3404929162
dimwishlist:item=3176697589&perks=1431678320,776531651,1464081238,2048641572,2109543898,3404929162
dimwishlist:item=3176697589&perks=839105230,776531651,1464081238,2048641572,2109543898,3404929162
dimwishlist:item=3176697589&perks=1840239774,1561002382,776531651,1464081238,2048641572,2109543898
dimwishlist:item=3176697589&perks=1561002382,1431678320,776531651,1464081238,2048641572,2109543898
dimwishlist:item=3176697589&perks=1840239774,1431678320,776531651,1464081238,2048641572,2109543898
dimwishlist:item=3176697589&perks=839105230,1561002382,776531651,1464081238,2048641572,2109543898
dimwishlist:item=3176697589&perks=1840239774,839105230,776531651,1464081238,2048641572,2109543898
dimwishlist:item=3176697589&perks=839105230,1431678320,776531651,1464081238,2048641572,2109543898
dimwishlist:item=3176697589&perks=776531651,1464081238,2048641572,2109543898,3404929162
dimwishlist:item=3176697589&perks=1561002382,776531651,1464081238,2048641572,2109543898
dimwishlist:item=3176697589&perks=1840239774,776531651,1464081238,2048641572,2109543898
dimwishlist:item=3176697589&perks=1431678320,776531651,1464081238,2048641572,2109543898
dimwishlist:item=3176697589&perks=839105230,776531651,1464081238,2048641572,2109543898
dimwishlist:item=3176697589&perks=776531651,1464081238,2048641572,2109543898

// Gridskipper
//notes:S-Tier. basically just worse than Claws but still good. Origin: Splicer Surge
dimwishlist:item=3433930495&perks=1840239774,839105230,1561002382,1431678320,776531651,2048641572,2109543898,3404929162
dimwishlist:item=3433930495&perks=1840239774,1561002382,1431678320,776531651,2048641572,2109543898,3404929162
dimwishlist:item=3433930495&perks=1840239774,839105230,1561002382,776531651,2048641572,2109543898,3404929162
dimwishlist:item=3433930495&perks=839105230,1561002382,1431678320,776531651,2048641572,2109543898,3404929162
dimwishlist:item=3433930495&perks=1840239774,839105230,1431678320,776531651,2048641572,2109543898,3404929162
dimwishlist:item=3433930495&perks=1840239774,839105230,1561002382,1431678320,776531651,2048641572,2109543898
dimwishlist:item=3433930495&perks=1840239774,1561002382,776531651,2048641572,2109543898,3404929162
dimwishlist:item=3433930495&perks=1561002382,1431678320,776531651,2048641572,2109543898,3404929162
dimwishlist:item=3433930495&perks=1840239774,1431678320,776531651,2048641572,2109543898,3404929162
dimwishlist:item=3433930495&perks=839105230,1561002382,776531651,2048641572,2109543898,3404929162
dimwishlist:item=3433930495&perks=1840239774,839105230,776531651,2048641572,2109543898,3404929162
dimwishlist:item=3433930495&perks=839105230,1431678320,776531651,2048641572,2109543898,3404929162
dimwishlist:item=3433930495&perks=1840239774,1561002382,1431678320,776531651,2048641572,2109543898
dimwishlist:item=3433930495&perks=1840239774,839105230,1561002382,776531651,2048641572,2109543898
dimwishlist:item=3433930495&perks=839105230,1561002382,1431678320,776531651,2048641572,2109543898
dimwishlist:item=3433930495&perks=1840239774,839105230,1431678320,776531651,2048641572,2109543898
dimwishlist:item=3433930495&perks=1561002382,776531651,2048641572,2109543898,3404929162
dimwishlist:item=3433930495&perks=1840239774,776531651,2048641572,2109543898,3404929162
dimwishlist:item=3433930495&perks=1431678320,776531651,2048641572,2109543898,3404929162
dimwishlist:item=3433930495&perks=839105230,776531651,2048641572,2109543898,3404929162
dimwishlist:item=3433930495&perks=1840239774,1561002382,776531651,2048641572,2109543898
dimwishlist:item=3433930495&perks=1561002382,1431678320,776531651,2048641572,2109543898
dimwishlist:item=3433930495&perks=1840239774,1431678320,776531651,2048641572,2109543898
dimwishlist:item=3433930495&perks=839105230,1561002382,776531651,2048641572,2109543898
dimwishlist:item=3433930495&perks=1840239774,839105230,776531651,2048641572,2109543898
dimwishlist:item=3433930495&perks=839105230,1431678320,776531651,2048641572,2109543898
dimwishlist:item=3433930495&perks=776531651,2048641572,2109543898,3404929162
dimwishlist:item=3433930495&perks=1561002382,776531651,2048641572,2109543898
dimwishlist:item=3433930495&perks=1840239774,776531651,2048641572,2109543898
dimwishlist:item=3433930495&perks=1431678320,776531651,2048641572,2109543898
dimwishlist:item=3433930495&perks=839105230,776531651,2048641572,2109543898
dimwishlist:item=3433930495&perks=776531651,2048641572,2109543898

// Nullify
//notes:S-Tier. definitely the most diverse solar double splash option, just not a great origin trait, sadly no high-cal. Origin: Collective Purpose
dimwishlist:item=859869931&perks=1840239774,1431678320,3017780555,3824105627,2890807135,4293542123,657025441,3640170453,1878756191
dimwishlist:item=859869931&perks=1431678320,3017780555,3824105627,2890807135,4293542123,657025441,3640170453,1878756191
dimwishlist:item=859869931&perks=1840239774,3017780555,3824105627,2890807135,4293542123,657025441,3640170453,1878756191
dimwishlist:item=859869931&perks=1840239774,1431678320,3017780555,3824105627,2890807135,4293542123,657025441,3640170453
dimwishlist:item=859869931&perks=3017780555,3824105627,2890807135,4293542123,657025441,3640170453,1878756191
dimwishlist:item=859869931&perks=1431678320,3017780555,3824105627,2890807135,4293542123,657025441,3640170453
dimwishlist:item=859869931&perks=1840239774,3017780555,3824105627,2890807135,4293542123,657025441,3640170453
dimwishlist:item=859869931&perks=3017780555,3824105627,2890807135,4293542123,657025441,3640170453

// Nullify
//notes:S-Tier. definitely the most diverse solar double splash option, just not a great origin trait, sadly no high-cal. Origin: Collective Purpose
dimwishlist:item=892183998&perks=1840239774,1431678320,3017780555,3824105627,2890807135,4293542123,657025441,3640170453,1878756191
dimwishlist:item=892183998&perks=1431678320,3017780555,3824105627,2890807135,4293542123,657025441,3640170453,1878756191
dimwishlist:item=892183998&perks=1840239774,3017780555,3824105627,2890807135,4293542123,657025441,3640170453,1878756191
dimwishlist:item=892183998&perks=1840239774,1431678320,3017780555,3824105627,2890807135,4293542123,657025441,3640170453
dimwishlist:item=892183998&perks=3017780555,3824105627,2890807135,4293542123,657025441,3640170453,1878756191
dimwishlist:item=892183998&perks=1431678320,3017780555,3824105627,2890807135,4293542123,657025441,3640170453
dimwishlist:item=892183998&perks=1840239774,3017780555,3824105627,2890807135,4293542123,657025441,3640170453
dimwishlist:item=892183998&perks=3017780555,3824105627,2890807135,4293542123,657025441,3640170453

// Veles-X
//notes:S-Tier. some double splash pairings but mediocre frame and origin. Origin: Vanguard Determination
dimwishlist:item=2276328320&perks=776531651

// Veles-X
//notes:S-Tier. some double splash pairings but mediocre frame and origin. Origin: Vanguard Determination
dimwishlist:item=438540299&perks=1840239774,839105230,1561002382,1431678320,776531651,1464081238,2048641572,1134488199,3824105627,3846229553
dimwishlist:item=438540299&perks=1840239774,1561002382,1431678320,776531651,1464081238,2048641572,1134488199,3824105627,3846229553
dimwishlist:item=438540299&perks=1840239774,839105230,1561002382,776531651,1464081238,2048641572,1134488199,3824105627,3846229553
dimwishlist:item=438540299&perks=839105230,1561002382,1431678320,776531651,1464081238,2048641572,1134488199,3824105627,3846229553
dimwishlist:item=438540299&perks=1840239774,839105230,1431678320,776531651,1464081238,2048641572,1134488199,3824105627,3846229553
dimwishlist:item=438540299&perks=1840239774,839105230,1561002382,1431678320,776531651,1464081238,2048641572,1134488199,3824105627
dimwishlist:item=438540299&perks=1840239774,1561002382,776531651,1464081238,2048641572,1134488199,3824105627,3846229553
dimwishlist:item=438540299&perks=1561002382,1431678320,776531651,1464081238,2048641572,1134488199,3824105627,3846229553
dimwishlist:item=438540299&perks=1840239774,1431678320,776531651,1464081238,2048641572,1134488199,3824105627,3846229553
dimwishlist:item=438540299&perks=839105230,1561002382,776531651,1464081238,2048641572,1134488199,3824105627,3846229553
dimwishlist:item=438540299&perks=1840239774,839105230,776531651,1464081238,2048641572,1134488199,3824105627,3846229553
dimwishlist:item=438540299&perks=839105230,1431678320,776531651,1464081238,2048641572,1134488199,3824105627,3846229553
dimwishlist:item=438540299&perks=1840239774,1561002382,1431678320,776531651,1464081238,2048641572,1134488199,3824105627
dimwishlist:item=438540299&perks=1840239774,839105230,1561002382,776531651,1464081238,2048641572,1134488199,3824105627
dimwishlist:item=438540299&perks=839105230,1561002382,1431678320,776531651,1464081238,2048641572,1134488199,3824105627
dimwishlist:item=438540299&perks=1840239774,839105230,1431678320,776531651,1464081238,2048641572,1134488199,3824105627
dimwishlist:item=438540299&perks=1561002382,776531651,1464081238,2048641572,1134488199,3824105627,3846229553
dimwishlist:item=438540299&perks=1840239774,776531651,1464081238,2048641572,1134488199,3824105627,3846229553
dimwishlist:item=438540299&perks=1431678320,776531651,1464081238,2048641572,1134488199,3824105627,3846229553
dimwishlist:item=438540299&perks=839105230,776531651,1464081238,2048641572,1134488199,3824105627,3846229553
dimwishlist:item=438540299&perks=1840239774,1561002382,776531651,1464081238,2048641572,1134488199,3824105627
dimwishlist:item=438540299&perks=1561002382,1431678320,776531651,1464081238,2048641572,1134488199,3824105627
dimwishlist:item=438540299&perks=1840239774,1431678320,776531651,1464081238,2048641572,1134488199,3824105627
dimwishlist:item=438540299&perks=839105230,1561002382,776531651,1464081238,2048641572,1134488199,3824105627
dimwishlist:item=438540299&perks=1840239774,839105230,776531651,1464081238,2048641572,1134488199,3824105627
dimwishlist:item=438540299&perks=839105230,1431678320,776531651,1464081238,2048641572,1134488199,3824105627
dimwishlist:item=438540299&perks=776531651,1464081238,2048641572,1134488199,3824105627,3846229553
dimwishlist:item=438540299&perks=1561002382,776531651,1464081238,2048641572,1134488199,3824105627
dimwishlist:item=438540299&perks=1840239774,776531651,1464081238,2048641572,1134488199,3824105627
dimwishlist:item=438540299&perks=1431678320,776531651,1464081238,2048641572,1134488199,3824105627
dimwishlist:item=438540299&perks=839105230,776531651,1464081238,2048641572,1134488199,3824105627
dimwishlist:item=438540299&perks=776531651,1464081238,2048641572,1134488199,3824105627

// High Tyrant
//notes:S-Tier. no Destab in 2nd column but can be covered by artifact setup, very potent if accounted for. Origin: Imperial Allegiance
dimwishlist:item=2873508409&perks=1840239774,839105230,1080094173,776531651,2048641572,657025441,1464081238,1134488199,1164078247
dimwishlist:item=2873508409&perks=1840239774,1080094173,776531651,2048641572,657025441,1464081238,1134488199,1164078247
dimwishlist:item=2873508409&perks=839105230,1080094173,776531651,2048641572,657025441,1464081238,1134488199,1164078247
dimwishlist:item=2873508409&perks=1840239774,839105230,776531651,2048641572,657025441,1464081238,1134488199,1164078247
dimwishlist:item=2873508409&perks=1840239774,839105230,1080094173,776531651,2048641572,657025441,1464081238,1134488199
dimwishlist:item=2873508409&perks=1080094173,776531651,2048641572,657025441,1464081238,1134488199,1164078247
dimwishlist:item=2873508409&perks=1840239774,776531651,2048641572,657025441,1464081238,1134488199,1164078247
dimwishlist:item=2873508409&perks=839105230,776531651,2048641572,657025441,1464081238,1134488199,1164078247
dimwishlist:item=2873508409&perks=1840239774,1080094173,776531651,2048641572,657025441,1464081238,1134488199
dimwishlist:item=2873508409&perks=839105230,1080094173,776531651,2048641572,657025441,1464081238,1134488199
dimwishlist:item=2873508409&perks=1840239774,839105230,776531651,2048641572,657025441,1464081238,1134488199
dimwishlist:item=2873508409&perks=776531651,2048641572,657025441,1464081238,1134488199,1164078247
dimwishlist:item=2873508409&perks=1080094173,776531651,2048641572,657025441,1464081238,1134488199
dimwishlist:item=2873508409&perks=1840239774,776531651,2048641572,657025441,1464081238,1134488199
dimwishlist:item=2873508409&perks=839105230,776531651,2048641572,657025441,1464081238,1134488199
dimwishlist:item=2873508409&perks=776531651,2048641572,657025441,1464081238,1134488199

// Elsie's Rifle
//notes:S-Tier. double stagger, standard void combos, better origin than Premonition. Origin: Indomitability
dimwishlist:item=2372514509&perks=1840239774,839105230,1561002382,1431678320,776531651,2048641572,2109543898,2489430594
dimwishlist:item=2372514509&perks=1840239774,1561002382,1431678320,776531651,2048641572,2109543898,2489430594
dimwishlist:item=2372514509&perks=1840239774,839105230,1561002382,776531651,2048641572,2109543898,2489430594
dimwishlist:item=2372514509&perks=839105230,1561002382,1431678320,776531651,2048641572,2109543898,2489430594
dimwishlist:item=2372514509&perks=1840239774,839105230,1431678320,776531651,2048641572,2109543898,2489430594
dimwishlist:item=2372514509&perks=1840239774,839105230,1561002382,1431678320,776531651,2048641572,2109543898
dimwishlist:item=2372514509&perks=1840239774,1561002382,776531651,2048641572,2109543898,2489430594
dimwishlist:item=2372514509&perks=1561002382,1431678320,776531651,2048641572,2109543898,2489430594
dimwishlist:item=2372514509&perks=1840239774,1431678320,776531651,2048641572,2109543898,2489430594
dimwishlist:item=2372514509&perks=839105230,1561002382,776531651,2048641572,2109543898,2489430594
dimwishlist:item=2372514509&perks=1840239774,839105230,776531651,2048641572,2109543898,2489430594
dimwishlist:item=2372514509&perks=839105230,1431678320,776531651,2048641572,2109543898,2489430594
dimwishlist:item=2372514509&perks=1840239774,1561002382,1431678320,776531651,2048641572,2109543898
dimwishlist:item=2372514509&perks=1840239774,839105230,1561002382,776531651,2048641572,2109543898
dimwishlist:item=2372514509&perks=839105230,1561002382,1431678320,776531651,2048641572,2109543898
dimwishlist:item=2372514509&perks=1840239774,839105230,1431678320,776531651,2048641572,2109543898
dimwishlist:item=2372514509&perks=1561002382,776531651,2048641572,2109543898,2489430594
dimwishlist:item=2372514509&perks=1840239774,776531651,2048641572,2109543898,2489430594
dimwishlist:item=2372514509&perks=1431678320,776531651,2048641572,2109543898,2489430594
dimwishlist:item=2372514509&perks=839105230,776531651,2048641572,2109543898,2489430594
dimwishlist:item=2372514509&perks=1840239774,1561002382,776531651,2048641572,2109543898
dimwishlist:item=2372514509&perks=1561002382,1431678320,776531651,2048641572,2109543898
dimwishlist:item=2372514509&perks=1840239774,1431678320,776531651,2048641572,2109543898
dimwishlist:item=2372514509&perks=839105230,1561002382,776531651,2048641572,2109543898
dimwishlist:item=2372514509&perks=1840239774,839105230,776531651,2048641572,2109543898
dimwishlist:item=2372514509&perks=839105230,1431678320,776531651,2048641572,2109543898
dimwishlist:item=2372514509&perks=776531651,2048641572,2109543898,2489430594
dimwishlist:item=2372514509&perks=1561002382,776531651,2048641572,2109543898
dimwishlist:item=2372514509&perks=1840239774,776531651,2048641572,2109543898
dimwishlist:item=2372514509&perks=1431678320,776531651,2048641572,2109543898
dimwishlist:item=2372514509&perks=839105230,776531651,2048641572,2109543898
dimwishlist:item=2372514509&perks=776531651,2048641572,2109543898

// Elsie's Rifle
//notes:S-Tier. double stagger, standard void combos, better origin than Premonition. Origin: Indomitability
dimwishlist:item=3851176026&perks=1840239774,839105230,1561002382,1431678320,776531651,2048641572,2109543898,2489430594
dimwishlist:item=3851176026&perks=1840239774,1561002382,1431678320,776531651,2048641572,2109543898,2489430594
dimwishlist:item=3851176026&perks=1840239774,839105230,1561002382,776531651,2048641572,2109543898,2489430594
dimwishlist:item=3851176026&perks=839105230,1561002382,1431678320,776531651,2048641572,2109543898,2489430594
dimwishlist:item=3851176026&perks=1840239774,839105230,1431678320,776531651,2048641572,2109543898,2489430594
dimwishlist:item=3851176026&perks=1840239774,839105230,1561002382,1431678320,776531651,2048641572,2109543898
dimwishlist:item=3851176026&perks=1840239774,1561002382,776531651,2048641572,2109543898,2489430594
dimwishlist:item=3851176026&perks=1561002382,1431678320,776531651,2048641572,2109543898,2489430594
dimwishlist:item=3851176026&perks=1840239774,1431678320,776531651,2048641572,2109543898,2489430594
dimwishlist:item=3851176026&perks=839105230,1561002382,776531651,2048641572,2109543898,2489430594
dimwishlist:item=3851176026&perks=1840239774,839105230,776531651,2048641572,2109543898,2489430594
dimwishlist:item=3851176026&perks=839105230,1431678320,776531651,2048641572,2109543898,2489430594
dimwishlist:item=3851176026&perks=1840239774,1561002382,1431678320,776531651,2048641572,2109543898
dimwishlist:item=3851176026&perks=1840239774,839105230,1561002382,776531651,2048641572,2109543898
dimwishlist:item=3851176026&perks=839105230,1561002382,1431678320,776531651,2048641572,2109543898
dimwishlist:item=3851176026&perks=1840239774,839105230,1431678320,776531651,2048641572,2109543898
dimwishlist:item=3851176026&perks=1561002382,776531651,2048641572,2109543898,2489430594
dimwishlist:item=3851176026&perks=1840239774,776531651,2048641572,2109543898,2489430594
dimwishlist:item=3851176026&perks=1431678320,776531651,2048641572,2109543898,2489430594
dimwishlist:item=3851176026&perks=839105230,776531651,2048641572,2109543898,2489430594
dimwishlist:item=3851176026&perks=1840239774,1561002382,776531651,2048641572,2109543898
dimwishlist:item=3851176026&perks=1561002382,1431678320,776531651,2048641572,2109543898
dimwishlist:item=3851176026&perks=1840239774,1431678320,776531651,2048641572,2109543898
dimwishlist:item=3851176026&perks=839105230,1561002382,776531651,2048641572,2109543898
dimwishlist:item=3851176026&perks=1840239774,839105230,776531651,2048641572,2109543898
dimwishlist:item=3851176026&perks=839105230,1431678320,776531651,2048641572,2109543898
dimwishlist:item=3851176026&perks=776531651,2048641572,2109543898,2489430594
dimwishlist:item=3851176026&perks=1561002382,776531651,2048641572,2109543898
dimwishlist:item=3851176026&perks=1840239774,776531651,2048641572,2109543898
dimwishlist:item=3851176026&perks=1431678320,776531651,2048641572,2109543898
dimwishlist:item=3851176026&perks=839105230,776531651,2048641572,2109543898
dimwishlist:item=3851176026&perks=776531651,2048641572,2109543898

// Elsie's Rifle
//notes:S-Tier. double stagger, standard void combos, better origin than Premonition. Origin: Indomitability
dimwishlist:item=381446446&perks=1840239774,839105230,1561002382,1431678320,776531651,3182497402,2048641572,1464081238,2109543898,2489430594
dimwishlist:item=381446446&perks=1840239774,1561002382,1431678320,776531651,3182497402,2048641572,1464081238,2109543898,2489430594
dimwishlist:item=381446446&perks=1840239774,839105230,1561002382,776531651,3182497402,2048641572,1464081238,2109543898,2489430594
dimwishlist:item=381446446&perks=839105230,1561002382,1431678320,776531651,3182497402,2048641572,1464081238,2109543898,2489430594
dimwishlist:item=381446446&perks=1840239774,839105230,1431678320,776531651,3182497402,2048641572,1464081238,2109543898,2489430594
dimwishlist:item=381446446&perks=1840239774,839105230,1561002382,1431678320,776531651,3182497402,2048641572,1464081238,2109543898
dimwishlist:item=381446446&perks=1840239774,1561002382,776531651,3182497402,2048641572,1464081238,2109543898,2489430594
dimwishlist:item=381446446&perks=1561002382,1431678320,776531651,3182497402,2048641572,1464081238,2109543898,2489430594
dimwishlist:item=381446446&perks=1840239774,1431678320,776531651,3182497402,2048641572,1464081238,2109543898,2489430594
dimwishlist:item=381446446&perks=839105230,1561002382,776531651,3182497402,2048641572,1464081238,2109543898,2489430594
dimwishlist:item=381446446&perks=1840239774,839105230,776531651,3182497402,2048641572,1464081238,2109543898,2489430594
dimwishlist:item=381446446&perks=839105230,1431678320,776531651,3182497402,2048641572,1464081238,2109543898,2489430594
dimwishlist:item=381446446&perks=1840239774,1561002382,1431678320,776531651,3182497402,2048641572,1464081238,2109543898
dimwishlist:item=381446446&perks=1840239774,839105230,1561002382,776531651,3182497402,2048641572,1464081238,2109543898
dimwishlist:item=381446446&perks=839105230,1561002382,1431678320,776531651,3182497402,2048641572,1464081238,2109543898
dimwishlist:item=381446446&perks=1840239774,839105230,1431678320,776531651,3182497402,2048641572,1464081238,2109543898
dimwishlist:item=381446446&perks=1561002382,776531651,3182497402,2048641572,1464081238,2109543898,2489430594
dimwishlist:item=381446446&perks=1840239774,776531651,3182497402,2048641572,1464081238,2109543898,2489430594
dimwishlist:item=381446446&perks=1431678320,776531651,3182497402,2048641572,1464081238,2109543898,2489430594
dimwishlist:item=381446446&perks=839105230,776531651,3182497402,2048641572,1464081238,2109543898,2489430594
dimwishlist:item=381446446&perks=1840239774,1561002382,776531651,3182497402,2048641572,1464081238,2109543898
dimwishlist:item=381446446&perks=1561002382,1431678320,776531651,3182497402,2048641572,1464081238,2109543898
dimwishlist:item=381446446&perks=1840239774,1431678320,776531651,3182497402,2048641572,1464081238,2109543898
dimwishlist:item=381446446&perks=839105230,1561002382,776531651,3182497402,2048641572,1464081238,2109543898
dimwishlist:item=381446446&perks=1840239774,839105230,776531651,3182497402,2048641572,1464081238,2109543898
dimwishlist:item=381446446&perks=839105230,1431678320,776531651,3182497402,2048641572,1464081238,2109543898
dimwishlist:item=381446446&perks=776531651,3182497402,2048641572,1464081238,2109543898,2489430594
dimwishlist:item=381446446&perks=1561002382,776531651,3182497402,2048641572,1464081238,2109543898
dimwishlist:item=381446446&perks=1840239774,776531651,3182497402,2048641572,1464081238,2109543898
dimwishlist:item=381446446&perks=1431678320,776531651,3182497402,2048641572,1464081238,2109543898
dimwishlist:item=381446446&perks=839105230,776531651,3182497402,2048641572,1464081238,2109543898
dimwishlist:item=381446446&perks=776531651,3182497402,2048641572,1464081238,2109543898

// Premonition
//notes:S-Tier. has double stagger, lots of perk diversity, just a bad frame and origin. Origin: Loss
dimwishlist:item=1969802090&perks=1840239774,839105230,1561002382,1431678320,776531651,3824105627,1464081238,2048641572,657025441,1134488199,993575936
dimwishlist:item=1969802090&perks=1840239774,1561002382,1431678320,776531651,3824105627,1464081238,2048641572,657025441,1134488199,993575936
dimwishlist:item=1969802090&perks=1840239774,839105230,1561002382,776531651,3824105627,1464081238,2048641572,657025441,1134488199,993575936
dimwishlist:item=1969802090&perks=839105230,1561002382,1431678320,776531651,3824105627,1464081238,2048641572,657025441,1134488199,993575936
dimwishlist:item=1969802090&perks=1840239774,839105230,1431678320,776531651,3824105627,1464081238,2048641572,657025441,1134488199,993575936
dimwishlist:item=1969802090&perks=1840239774,839105230,1561002382,1431678320,776531651,3824105627,1464081238,2048641572,657025441,1134488199
dimwishlist:item=1969802090&perks=1840239774,1561002382,776531651,3824105627,1464081238,2048641572,657025441,1134488199,993575936
dimwishlist:item=1969802090&perks=1561002382,1431678320,776531651,3824105627,1464081238,2048641572,657025441,1134488199,993575936
dimwishlist:item=1969802090&perks=1840239774,1431678320,776531651,3824105627,1464081238,2048641572,657025441,1134488199,993575936
dimwishlist:item=1969802090&perks=839105230,1561002382,776531651,3824105627,1464081238,2048641572,657025441,1134488199,993575936
dimwishlist:item=1969802090&perks=1840239774,839105230,776531651,3824105627,1464081238,2048641572,657025441,1134488199,993575936
dimwishlist:item=1969802090&perks=839105230,1431678320,776531651,3824105627,1464081238,2048641572,657025441,1134488199,993575936
dimwishlist:item=1969802090&perks=1840239774,1561002382,1431678320,776531651,3824105627,1464081238,2048641572,657025441,1134488199
dimwishlist:item=1969802090&perks=1840239774,839105230,1561002382,776531651,3824105627,1464081238,2048641572,657025441,1134488199
dimwishlist:item=1969802090&perks=839105230,1561002382,1431678320,776531651,3824105627,1464081238,2048641572,657025441,1134488199
dimwishlist:item=1969802090&perks=1840239774,839105230,1431678320,776531651,3824105627,1464081238,2048641572,657025441,1134488199
dimwishlist:item=1969802090&perks=1561002382,776531651,3824105627,1464081238,2048641572,657025441,1134488199,993575936
dimwishlist:item=1969802090&perks=1840239774,776531651,3824105627,1464081238,2048641572,657025441,1134488199,993575936
dimwishlist:item=1969802090&perks=1431678320,776531651,3824105627,1464081238,2048641572,657025441,1134488199,993575936
dimwishlist:item=1969802090&perks=839105230,776531651,3824105627,1464081238,2048641572,657025441,1134488199,993575936
dimwishlist:item=1969802090&perks=1840239774,1561002382,776531651,3824105627,1464081238,2048641572,657025441,1134488199
dimwishlist:item=1969802090&perks=1561002382,1431678320,776531651,3824105627,1464081238,2048641572,657025441,1134488199
dimwishlist:item=1969802090&perks=1840239774,1431678320,776531651,3824105627,1464081238,2048641572,657025441,1134488199
dimwishlist:item=1969802090&perks=839105230,1561002382,776531651,3824105627,1464081238,2048641572,657025441,1134488199
dimwishlist:item=1969802090&perks=1840239774,839105230,776531651,3824105627,1464081238,2048641572,657025441,1134488199
dimwishlist:item=1969802090&perks=839105230,1431678320,776531651,3824105627,1464081238,2048641572,657025441,1134488199
dimwishlist:item=1969802090&perks=776531651,3824105627,1464081238,2048641572,657025441,1134488199,993575936
dimwishlist:item=1969802090&perks=1561002382,776531651,3824105627,1464081238,2048641572,657025441,1134488199
dimwishlist:item=1969802090&perks=1840239774,776531651,3824105627,1464081238,2048641572,657025441,1134488199
dimwishlist:item=1969802090&perks=1431678320,776531651,3824105627,1464081238,2048641572,657025441,1134488199
dimwishlist:item=1969802090&perks=839105230,776531651,3824105627,1464081238,2048641572,657025441,1134488199
dimwishlist:item=1969802090&perks=776531651,3824105627,1464081238,2048641572,657025441,1134488199

// Vouchsafe
//notes:S-Tier. every void perk you would want on a scout, just not the best frame and origin. Origin: Advanced Reflexes
dimwishlist:item=3218302023&perks=1840239774,1431678320,776531651,3182497402,3700496672,2048641572,3038247973,1134488199,930692523
dimwishlist:item=3218302023&perks=1431678320,776531651,3182497402,3700496672,2048641572,3038247973,1134488199,930692523
dimwishlist:item=3218302023&perks=1840239774,776531651,3182497402,3700496672,2048641572,3038247973,1134488199,930692523
dimwishlist:item=3218302023&perks=1840239774,1431678320,776531651,3182497402,3700496672,2048641572,3038247973,1134488199
dimwishlist:item=3218302023&perks=776531651,3182497402,3700496672,2048641572,3038247973,1134488199,930692523
dimwishlist:item=3218302023&perks=1431678320,776531651,3182497402,3700496672,2048641572,3038247973,1134488199
dimwishlist:item=3218302023&perks=1840239774,776531651,3182497402,3700496672,2048641572,3038247973,1134488199
dimwishlist:item=3218302023&perks=776531651,3182497402,3700496672,2048641572,3038247973,1134488199

// Vouchsafe
//notes:S-Tier. every void perk you would want on a scout, just not the best frame and origin. Origin: Advanced Reflexes
dimwishlist:item=3242168339&perks=1840239774,1431678320,3038247973
dimwishlist:item=3242168339&perks=1431678320,3038247973
dimwishlist:item=3242168339&perks=1840239774,3038247973
dimwishlist:item=3242168339&perks=3038247973

// Vouchsafe
//notes:S-Tier. every void perk you would want on a scout, just not the best frame and origin. Origin: Advanced Reflexes
dimwishlist:item=355922321&perks=1840239774,1431678320,776531651,2048641572,3038247973,930692523
dimwishlist:item=355922321&perks=1431678320,776531651,2048641572,3038247973,930692523
dimwishlist:item=355922321&perks=1840239774,776531651,2048641572,3038247973,930692523
dimwishlist:item=355922321&perks=1840239774,1431678320,776531651,2048641572,3038247973
dimwishlist:item=355922321&perks=776531651,2048641572,3038247973,930692523
dimwishlist:item=355922321&perks=1431678320,776531651,2048641572,3038247973
dimwishlist:item=355922321&perks=1840239774,776531651,2048641572,3038247973
dimwishlist:item=355922321&perks=776531651,2048641572,3038247973

// Voltaic Shade
//notes:S-Tier. pretty lethal perk combo, very fast jolt, just no sustain or unique utility. Origin: Imperial Allegiance
dimwishlist:item=71057630&perks=1840239774,1080094173,3966416502,3700496672,657025441,2173046394,1164078247
dimwishlist:item=71057630&perks=1080094173,3966416502,3700496672,657025441,2173046394,1164078247
dimwishlist:item=71057630&perks=1840239774,3966416502,3700496672,657025441,2173046394,1164078247
dimwishlist:item=71057630&perks=1840239774,1080094173,3966416502,3700496672,657025441,2173046394
dimwishlist:item=71057630&perks=3966416502,3700496672,657025441,2173046394,1164078247
dimwishlist:item=71057630&perks=1080094173,3966416502,3700496672,657025441,2173046394
dimwishlist:item=71057630&perks=1840239774,3966416502,3700496672,657025441,2173046394
dimwishlist:item=71057630&perks=3966416502,3700496672,657025441,2173046394

// Unworthy
//notes:S-Tier. great double splash, especially for long range precision, excellent origin and good frame. Origin: Subjugation
dimwishlist:item=2226158470&perks=1840239774,1561002382,1431678320,3824105627,2173046394,1298135794
dimwishlist:item=2226158470&perks=1840239774,1561002382,3824105627,2173046394,1298135794
dimwishlist:item=2226158470&perks=1561002382,1431678320,3824105627,2173046394,1298135794
dimwishlist:item=2226158470&perks=1840239774,1431678320,3824105627,2173046394,1298135794
dimwishlist:item=2226158470&perks=1840239774,1561002382,1431678320,3824105627,2173046394
dimwishlist:item=2226158470&perks=1561002382,3824105627,2173046394,1298135794
dimwishlist:item=2226158470&perks=1840239774,3824105627,2173046394,1298135794
dimwishlist:item=2226158470&perks=1431678320,3824105627,2173046394,1298135794
dimwishlist:item=2226158470&perks=1840239774,1561002382,3824105627,2173046394
dimwishlist:item=2226158470&perks=1561002382,1431678320,3824105627,2173046394
dimwishlist:item=2226158470&perks=1840239774,1431678320,3824105627,2173046394
dimwishlist:item=2226158470&perks=3824105627,2173046394,1298135794
dimwishlist:item=2226158470&perks=1561002382,3824105627,2173046394
dimwishlist:item=2226158470&perks=1840239774,3824105627,2173046394
dimwishlist:item=2226158470&perks=1431678320,3824105627,2173046394
dimwishlist:item=2226158470&perks=3824105627,2173046394

// Unworthy
//notes:S-Tier. great double splash, especially for long range precision, excellent origin and good frame. Origin: Subjugation
dimwishlist:item=1700366811&perks=1840239774,1561002382,1431678320,3824105627,2173046394,654512643,1298135794
dimwishlist:item=1700366811&perks=1840239774,1561002382,3824105627,2173046394,654512643,1298135794
dimwishlist:item=1700366811&perks=1561002382,1431678320,3824105627,2173046394,654512643,1298135794
dimwishlist:item=1700366811&perks=1840239774,1431678320,3824105627,2173046394,654512643,1298135794
dimwishlist:item=1700366811&perks=1840239774,1561002382,1431678320,3824105627,2173046394,654512643
dimwishlist:item=1700366811&perks=1561002382,3824105627,2173046394,654512643,1298135794
dimwishlist:item=1700366811&perks=1840239774,3824105627,2173046394,654512643,1298135794
dimwishlist:item=1700366811&perks=1431678320,3824105627,2173046394,654512643,1298135794
dimwishlist:item=1700366811&perks=1840239774,1561002382,3824105627,2173046394,654512643
dimwishlist:item=1700366811&perks=1561002382,1431678320,3824105627,2173046394,654512643
dimwishlist:item=1700366811&perks=1840239774,1431678320,3824105627,2173046394,654512643
dimwishlist:item=1700366811&perks=3824105627,2173046394,654512643,1298135794
dimwishlist:item=1700366811&perks=1561002382,3824105627,2173046394,654512643
dimwishlist:item=1700366811&perks=1840239774,3824105627,2173046394,654512643
dimwishlist:item=1700366811&perks=1431678320,3824105627,2173046394,654512643
dimwishlist:item=1700366811&perks=3824105627,2173046394,654512643

// Trustee
//notes:S-Tier. unique Bray + Incandescent ticks interaction, otherwise pretty solid as well. Origin: Bray Inheritance
dimwishlist:item=2850664015&perks=1840239774,1431678320,4293542123
dimwishlist:item=2850664015&perks=1431678320,4293542123
dimwishlist:item=2850664015&perks=1840239774,4293542123
dimwishlist:item=2850664015&perks=4293542123

// Trustee
//notes:S-Tier. unique Bray + Incandescent ticks interaction, otherwise pretty solid as well. Origin: Bray Inheritance
dimwishlist:item=810474118&perks=1840239774,1431678320,4293542123
dimwishlist:item=810474118&perks=1431678320,4293542123
dimwishlist:item=810474118&perks=1840239774,4293542123
dimwishlist:item=810474118&perks=4293542123

// Trustee
//notes:S-Tier. unique Bray + Incandescent ticks interaction, otherwise pretty solid as well. Origin: Bray Inheritance
dimwishlist:item=1392919471&perks=1840239774,1431678320,3017780555,1523832109,4293542123,657025441,2890807135,766321425
dimwishlist:item=1392919471&perks=1431678320,3017780555,1523832109,4293542123,657025441,2890807135,766321425
dimwishlist:item=1392919471&perks=1840239774,3017780555,1523832109,4293542123,657025441,2890807135,766321425
dimwishlist:item=1392919471&perks=1840239774,1431678320,3017780555,1523832109,4293542123,657025441,2890807135
dimwishlist:item=1392919471&perks=3017780555,1523832109,4293542123,657025441,2890807135,766321425
dimwishlist:item=1392919471&perks=1431678320,3017780555,1523832109,4293542123,657025441,2890807135
dimwishlist:item=1392919471&perks=1840239774,3017780555,1523832109,4293542123,657025441,2890807135
dimwishlist:item=1392919471&perks=3017780555,1523832109,4293542123,657025441,2890807135

// Doom of Chelchis
//notes:S-Tier. has classic void combo but can also opt to drop Destab for artifact-based volatile, a shame about the frame. Origin: Runneth Over
dimwishlist:item=1184692845&perks=1840239774,1431678320,2048641572,3824105627,1464081238,776531651,657025441,1134488199,120721526
dimwishlist:item=1184692845&perks=1431678320,2048641572,3824105627,1464081238,776531651,657025441,1134488199,120721526
dimwishlist:item=1184692845&perks=1840239774,2048641572,3824105627,1464081238,776531651,657025441,1134488199,120721526
dimwishlist:item=1184692845&perks=1840239774,1431678320,2048641572,3824105627,1464081238,776531651,657025441,1134488199
dimwishlist:item=1184692845&perks=2048641572,3824105627,1464081238,776531651,657025441,1134488199,120721526
dimwishlist:item=1184692845&perks=1431678320,2048641572,3824105627,1464081238,776531651,657025441,1134488199
dimwishlist:item=1184692845&perks=1840239774,2048641572,3824105627,1464081238,776531651,657025441,1134488199
dimwishlist:item=1184692845&perks=2048641572,3824105627,1464081238,776531651,657025441,1134488199

// Doom of Chelchis
//notes:S-Tier. has classic void combo but can also opt to drop Destab for artifact-based volatile, a shame about the frame. Origin: Runneth Over
dimwishlist:item=1937552980&perks=1840239774,1431678320,2048641572,3824105627,1464081238,776531651,657025441,1134488199,120721526
dimwishlist:item=1937552980&perks=1431678320,2048641572,3824105627,1464081238,776531651,657025441,1134488199,120721526
dimwishlist:item=1937552980&perks=1840239774,2048641572,3824105627,1464081238,776531651,657025441,1134488199,120721526
dimwishlist:item=1937552980&perks=1840239774,1431678320,2048641572,3824105627,1464081238,776531651,657025441,1134488199
dimwishlist:item=1937552980&perks=2048641572,3824105627,1464081238,776531651,657025441,1134488199,120721526
dimwishlist:item=1937552980&perks=1431678320,2048641572,3824105627,1464081238,776531651,657025441,1134488199
dimwishlist:item=1937552980&perks=1840239774,2048641572,3824105627,1464081238,776531651,657025441,1134488199
dimwishlist:item=1937552980&perks=2048641572,3824105627,1464081238,776531651,657025441,1134488199

// Pointed Inquiry
//notes:S-Tier. double stagger, access to volatile through artifact, good origin. Origin: Psychohack
dimwishlist:item=297296830&perks=1840239774,1561002382,1431678320,776531651,3700496672,1464081238,2848615171,1471995745
dimwishlist:item=297296830&perks=1840239774,1561002382,776531651,3700496672,1464081238,2848615171,1471995745
dimwishlist:item=297296830&perks=1561002382,1431678320,776531651,3700496672,1464081238,2848615171,1471995745
dimwishlist:item=297296830&perks=1840239774,1431678320,776531651,3700496672,1464081238,2848615171,1471995745
dimwishlist:item=297296830&perks=1840239774,1561002382,1431678320,776531651,3700496672,1464081238,2848615171
dimwishlist:item=297296830&perks=1561002382,776531651,3700496672,1464081238,2848615171,1471995745
dimwishlist:item=297296830&perks=1840239774,776531651,3700496672,1464081238,2848615171,1471995745
dimwishlist:item=297296830&perks=1431678320,776531651,3700496672,1464081238,2848615171,1471995745
dimwishlist:item=297296830&perks=1840239774,1561002382,776531651,3700496672,1464081238,2848615171
dimwishlist:item=297296830&perks=1561002382,1431678320,776531651,3700496672,1464081238,2848615171
dimwishlist:item=297296830&perks=1840239774,1431678320,776531651,3700496672,1464081238,2848615171
dimwishlist:item=297296830&perks=776531651,3700496672,1464081238,2848615171,1471995745
dimwishlist:item=297296830&perks=1561002382,776531651,3700496672,1464081238,2848615171
dimwishlist:item=297296830&perks=1840239774,776531651,3700496672,1464081238,2848615171
dimwishlist:item=297296830&perks=1431678320,776531651,3700496672,1464081238,2848615171
dimwishlist:item=297296830&perks=776531651,3700496672,1464081238,2848615171

// Compact Defender
//notes:S-Tier. excellent 1mag damage frame with classic void combo and great origin. Origin: Accelerated Assault
dimwishlist:item=2659286158&perks=1840239774,1080094173,2048641572,776531651,3713579091
dimwishlist:item=2659286158&perks=1080094173,2048641572,776531651,3713579091
dimwishlist:item=2659286158&perks=1840239774,2048641572,776531651,3713579091
dimwishlist:item=2659286158&perks=1840239774,1080094173,2048641572,776531651
dimwishlist:item=2659286158&perks=2048641572,776531651,3713579091
dimwishlist:item=2659286158&perks=1080094173,2048641572,776531651
dimwishlist:item=2659286158&perks=1840239774,2048641572,776531651
dimwishlist:item=2659286158&perks=2048641572,776531651

// Compact Defender
//notes:S-Tier. excellent 1mag damage frame with classic void combo and great origin. Origin: Accelerated Assault
dimwishlist:item=2819552809&perks=1840239774,1080094173,2048641572,776531651
dimwishlist:item=2819552809&perks=1080094173,2048641572,776531651
dimwishlist:item=2819552809&perks=1840239774,2048641572,776531651
dimwishlist:item=2819552809&perks=2048641572,776531651

// Brass Attacks
//notes:S-Tier. decent frame, classic void combo, excellent origin, also has option to drop Destab for artifact volatile. Origin: Land Tank
dimwishlist:item=1291040554&perks=1840239774,1561002382,1431678320,776531651,2360347339,2048641572,1464081238,3425386926,1536798515
dimwishlist:item=1291040554&perks=1840239774,1561002382,776531651,2360347339,2048641572,1464081238,3425386926,1536798515
dimwishlist:item=1291040554&perks=1561002382,1431678320,776531651,2360347339,2048641572,1464081238,3425386926,1536798515
dimwishlist:item=1291040554&perks=1840239774,1431678320,776531651,2360347339,2048641572,1464081238,3425386926,1536798515
dimwishlist:item=1291040554&perks=1840239774,1561002382,1431678320,776531651,2360347339,2048641572,1464081238,3425386926
dimwishlist:item=1291040554&perks=1561002382,776531651,2360347339,2048641572,1464081238,3425386926,1536798515
dimwishlist:item=1291040554&perks=1840239774,776531651,2360347339,2048641572,1464081238,3425386926,1536798515
dimwishlist:item=1291040554&perks=1431678320,776531651,2360347339,2048641572,1464081238,3425386926,1536798515
dimwishlist:item=1291040554&perks=1840239774,1561002382,776531651,2360347339,2048641572,1464081238,3425386926
dimwishlist:item=1291040554&perks=1561002382,1431678320,776531651,2360347339,2048641572,1464081238,3425386926
dimwishlist:item=1291040554&perks=1840239774,1431678320,776531651,2360347339,2048641572,1464081238,3425386926
dimwishlist:item=1291040554&perks=776531651,2360347339,2048641572,1464081238,3425386926,1536798515
dimwishlist:item=1291040554&perks=1561002382,776531651,2360347339,2048641572,1464081238,3425386926
dimwishlist:item=1291040554&perks=1840239774,776531651,2360347339,2048641572,1464081238,3425386926
dimwishlist:item=1291040554&perks=1431678320,776531651,2360347339,2048641572,1464081238,3425386926
dimwishlist:item=1291040554&perks=776531651,2360347339,2048641572,1464081238,3425386926

// Brass Attacks
//notes:S-Tier. decent frame, classic void combo, excellent origin, also has option to drop Destab for artifact volatile. Origin: Land Tank
dimwishlist:item=2121785039&perks=1840239774,1561002382,1431678320,3425386926
dimwishlist:item=2121785039&perks=1840239774,1561002382,3425386926
dimwishlist:item=2121785039&perks=1561002382,1431678320,3425386926
dimwishlist:item=2121785039&perks=1840239774,1431678320,3425386926
dimwishlist:item=2121785039&perks=1561002382,3425386926
dimwishlist:item=2121785039&perks=1840239774,3425386926
dimwishlist:item=2121785039&perks=1431678320,3425386926
dimwishlist:item=2121785039&perks=3425386926

// Seventh Seraph SI-2
//notes:S-Tier. worse frame setup than S tiers above it, but highest lethality perk combos. Origin: Eyes Up
dimwishlist:item=3937866388&perks=1840239774,3708227201
dimwishlist:item=3937866388&perks=3708227201

// Seventh Seraph SI-2
//notes:S-Tier. worse frame setup than S tiers above it, but highest lethality perk combos. Origin: Eyes Up
dimwishlist:item=453798564&perks=1840239774,1140096971,2048641572,3182497402,776531651,657025441,3708227201,3879154694
dimwishlist:item=453798564&perks=1140096971,2048641572,3182497402,776531651,657025441,3708227201,3879154694
dimwishlist:item=453798564&perks=1840239774,2048641572,3182497402,776531651,657025441,3708227201,3879154694
dimwishlist:item=453798564&perks=1840239774,1140096971,2048641572,3182497402,776531651,657025441,3708227201
dimwishlist:item=453798564&perks=2048641572,3182497402,776531651,657025441,3708227201,3879154694
dimwishlist:item=453798564&perks=1140096971,2048641572,3182497402,776531651,657025441,3708227201
dimwishlist:item=453798564&perks=1840239774,2048641572,3182497402,776531651,657025441,3708227201
dimwishlist:item=453798564&perks=2048641572,3182497402,776531651,657025441,3708227201

// Evening SI4
//notes:S-Tier. arguably best sidearm frame with excellent kill-reload usage. Origin: Accelerated Assault
dimwishlist:item=3618823368&perks=1840239774,1431678320,3017780555,2360347339,4293542123,2890807135,3713579091
dimwishlist:item=3618823368&perks=1431678320,3017780555,2360347339,4293542123,2890807135,3713579091
dimwishlist:item=3618823368&perks=1840239774,3017780555,2360347339,4293542123,2890807135,3713579091
dimwishlist:item=3618823368&perks=1840239774,1431678320,3017780555,2360347339,4293542123,2890807135
dimwishlist:item=3618823368&perks=3017780555,2360347339,4293542123,2890807135,3713579091
dimwishlist:item=3618823368&perks=1431678320,3017780555,2360347339,4293542123,2890807135
dimwishlist:item=3618823368&perks=1840239774,3017780555,2360347339,4293542123,2890807135
dimwishlist:item=3618823368&perks=3017780555,2360347339,4293542123,2890807135

// Evening SI4
//notes:S-Tier. arguably best sidearm frame with excellent kill-reload usage. Origin: Accelerated Assault
dimwishlist:item=1763361847&perks=1840239774,1431678320,3017780555,2360347339,4293542123,2890807135
dimwishlist:item=1763361847&perks=1431678320,3017780555,2360347339,4293542123,2890807135
dimwishlist:item=1763361847&perks=1840239774,3017780555,2360347339,4293542123,2890807135
dimwishlist:item=1763361847&perks=3017780555,2360347339,4293542123,2890807135

// Insurmountable
//notes:S-Tier. worst frame but origin trait is pretty solid and has some unique perks to work with. Origin: Dark Ether Reaper
dimwishlist:item=2596736862&perks=1840239774,1431678320,776531651,243981275,1421772400,2048641572,2109543898,3708227201,2041432007
dimwishlist:item=2596736862&perks=1431678320,776531651,243981275,1421772400,2048641572,2109543898,3708227201,2041432007
dimwishlist:item=2596736862&perks=1840239774,776531651,243981275,1421772400,2048641572,2109543898,3708227201,2041432007
dimwishlist:item=2596736862&perks=1840239774,1431678320,776531651,243981275,1421772400,2048641572,2109543898,3708227201
dimwishlist:item=2596736862&perks=776531651,243981275,1421772400,2048641572,2109543898,3708227201,2041432007
dimwishlist:item=2596736862&perks=1431678320,776531651,243981275,1421772400,2048641572,2109543898,3708227201
dimwishlist:item=2596736862&perks=1840239774,776531651,243981275,1421772400,2048641572,2109543898,3708227201
dimwishlist:item=2596736862&perks=776531651,243981275,1421772400,2048641572,2109543898,3708227201

// Insurmountable
//notes:S-Tier. worst frame but origin trait is pretty solid and has some unique perks to work with. Origin: Dark Ether Reaper
dimwishlist:item=414045521&perks=1840239774,1431678320,776531651,243981275,1421772400,2048641572,2109543898,3708227201,2041432007
dimwishlist:item=414045521&perks=1431678320,776531651,243981275,1421772400,2048641572,2109543898,3708227201,2041432007
dimwishlist:item=414045521&perks=1840239774,776531651,243981275,1421772400,2048641572,2109543898,3708227201,2041432007
dimwishlist:item=414045521&perks=1840239774,1431678320,776531651,243981275,1421772400,2048641572,2109543898,3708227201
dimwishlist:item=414045521&perks=776531651,243981275,1421772400,2048641572,2109543898,3708227201,2041432007
dimwishlist:item=414045521&perks=1431678320,776531651,243981275,1421772400,2048641572,2109543898,3708227201
dimwishlist:item=414045521&perks=1840239774,776531651,243981275,1421772400,2048641572,2109543898,3708227201
dimwishlist:item=414045521&perks=776531651,243981275,1421772400,2048641572,2109543898,3708227201

// Punching Out
//notes:S-Tier. worse frame than Evening but still solid, has Meganeura alterantive. Origin: Accelerated Assault
dimwishlist:item=1409524486&perks=1840239774,1561002382,1431678320,3017780555,4293542123,657025441,3713579091
dimwishlist:item=1409524486&perks=1840239774,1561002382,3017780555,4293542123,657025441,3713579091
dimwishlist:item=1409524486&perks=1561002382,1431678320,3017780555,4293542123,657025441,3713579091
dimwishlist:item=1409524486&perks=1840239774,1431678320,3017780555,4293542123,657025441,3713579091
dimwishlist:item=1409524486&perks=1840239774,1561002382,1431678320,3017780555,4293542123,657025441
dimwishlist:item=1409524486&perks=1561002382,3017780555,4293542123,657025441,3713579091
dimwishlist:item=1409524486&perks=1840239774,3017780555,4293542123,657025441,3713579091
dimwishlist:item=1409524486&perks=1431678320,3017780555,4293542123,657025441,3713579091
dimwishlist:item=1409524486&perks=1840239774,1561002382,3017780555,4293542123,657025441
dimwishlist:item=1409524486&perks=1561002382,1431678320,3017780555,4293542123,657025441
dimwishlist:item=1409524486&perks=1840239774,1431678320,3017780555,4293542123,657025441
dimwishlist:item=1409524486&perks=3017780555,4293542123,657025441,3713579091
dimwishlist:item=1409524486&perks=1561002382,3017780555,4293542123,657025441
dimwishlist:item=1409524486&perks=1840239774,3017780555,4293542123,657025441
dimwishlist:item=1409524486&perks=1431678320,3017780555,4293542123,657025441
dimwishlist:item=1409524486&perks=3017780555,4293542123,657025441

// Punching Out
//notes:S-Tier. worse frame than Evening but still solid, has Meganeura alterantive. Origin: Accelerated Assault
dimwishlist:item=1469372193&perks=1840239774,1561002382,1431678320,3017780555,4293542123,657025441
dimwishlist:item=1469372193&perks=1840239774,1561002382,3017780555,4293542123,657025441
dimwishlist:item=1469372193&perks=1561002382,1431678320,3017780555,4293542123,657025441
dimwishlist:item=1469372193&perks=1840239774,1431678320,3017780555,4293542123,657025441
dimwishlist:item=1469372193&perks=1561002382,3017780555,4293542123,657025441
dimwishlist:item=1469372193&perks=1840239774,3017780555,4293542123,657025441
dimwishlist:item=1469372193&perks=1431678320,3017780555,4293542123,657025441
dimwishlist:item=1469372193&perks=3017780555,4293542123,657025441

// Drang
//notes:S-Tier. basically a slight downgrade from Evening due to worse archetype and origin. Origin: Vanguard Determination
dimwishlist:item=358190158&perks=1840239774,1431678320,3017780555,4293542123,2890807135,3846229553
dimwishlist:item=358190158&perks=1431678320,3017780555,4293542123,2890807135,3846229553
dimwishlist:item=358190158&perks=1840239774,3017780555,4293542123,2890807135,3846229553
dimwishlist:item=358190158&perks=1840239774,1431678320,3017780555,4293542123,2890807135
dimwishlist:item=358190158&perks=3017780555,4293542123,2890807135,3846229553
dimwishlist:item=358190158&perks=1431678320,3017780555,4293542123,2890807135
dimwishlist:item=358190158&perks=1840239774,3017780555,4293542123,2890807135
dimwishlist:item=358190158&perks=3017780555,4293542123,2890807135

// Drang
//notes:S-Tier. basically a slight downgrade from Evening due to worse archetype and origin. Origin: Vanguard Determination
dimwishlist:item=502356570&perks=1840239774,1431678320,4293542123
dimwishlist:item=502356570&perks=1431678320,4293542123
dimwishlist:item=502356570&perks=1840239774,4293542123
dimwishlist:item=502356570&perks=4293542123

// Heliocentric QSc
//notes:S-Tier. powercrept by better solar sustain options, but still very usable. Origin: Nadir Focus
dimwishlist:item=3998080529&perks=1840239774,1431678320,3017780555,4293542123,3708227201,2509860981
dimwishlist:item=3998080529&perks=1431678320,3017780555,4293542123,3708227201,2509860981
dimwishlist:item=3998080529&perks=1840239774,3017780555,4293542123,3708227201,2509860981
dimwishlist:item=3998080529&perks=1840239774,1431678320,3017780555,4293542123,3708227201
dimwishlist:item=3998080529&perks=3017780555,4293542123,3708227201,2509860981
dimwishlist:item=3998080529&perks=1431678320,3017780555,4293542123,3708227201
dimwishlist:item=3998080529&perks=1840239774,3017780555,4293542123,3708227201
dimwishlist:item=3998080529&perks=3017780555,4293542123,3708227201

// Heliocentric QSc
//notes:S-Tier. powercrept by better solar sustain options, but still very usable. Origin: Nadir Focus
dimwishlist:item=1291040555&perks=1840239774,1431678320,3017780555,4293542123,3708227201,2509860981
dimwishlist:item=1291040555&perks=1431678320,3017780555,4293542123,3708227201,2509860981
dimwishlist:item=1291040555&perks=1840239774,3017780555,4293542123,3708227201,2509860981
dimwishlist:item=1291040555&perks=1840239774,1431678320,3017780555,4293542123,3708227201
dimwishlist:item=1291040555&perks=3017780555,4293542123,3708227201,2509860981
dimwishlist:item=1291040555&perks=1431678320,3017780555,4293542123,3708227201
dimwishlist:item=1291040555&perks=1840239774,3017780555,4293542123,3708227201
dimwishlist:item=1291040555&perks=3017780555,4293542123,3708227201

// Unforgiven
//notes:S-Tier. double stagger, AO + Repulsor + artifact-supported volatile, high reload uptime origin. Origin: Bitterspite
dimwishlist:item=3000847393&perks=1840239774,839105230,1561002382,1431678320,776531651,4154828211
dimwishlist:item=3000847393&perks=1840239774,1561002382,1431678320,776531651,4154828211
dimwishlist:item=3000847393&perks=1840239774,839105230,1561002382,776531651,4154828211
dimwishlist:item=3000847393&perks=839105230,1561002382,1431678320,776531651,4154828211
dimwishlist:item=3000847393&perks=1840239774,839105230,1431678320,776531651,4154828211
dimwishlist:item=3000847393&perks=1840239774,839105230,1561002382,1431678320,776531651
dimwishlist:item=3000847393&perks=1840239774,1561002382,776531651,4154828211
dimwishlist:item=3000847393&perks=1561002382,1431678320,776531651,4154828211
dimwishlist:item=3000847393&perks=1840239774,1431678320,776531651,4154828211
dimwishlist:item=3000847393&perks=839105230,1561002382,776531651,4154828211
dimwishlist:item=3000847393&perks=1840239774,839105230,776531651,4154828211
dimwishlist:item=3000847393&perks=839105230,1431678320,776531651,4154828211
dimwishlist:item=3000847393&perks=1840239774,1561002382,1431678320,776531651
dimwishlist:item=3000847393&perks=1840239774,839105230,1561002382,776531651
dimwishlist:item=3000847393&perks=839105230,1561002382,1431678320,776531651
dimwishlist:item=3000847393&perks=1840239774,839105230,1431678320,776531651
dimwishlist:item=3000847393&perks=1561002382,776531651,4154828211
dimwishlist:item=3000847393&perks=1840239774,776531651,4154828211
dimwishlist:item=3000847393&perks=1431678320,776531651,4154828211
dimwishlist:item=3000847393&perks=839105230,776531651,4154828211
dimwishlist:item=3000847393&perks=1840239774,1561002382,776531651
dimwishlist:item=3000847393&perks=1561002382,1431678320,776531651
dimwishlist:item=3000847393&perks=1840239774,1431678320,776531651
dimwishlist:item=3000847393&perks=839105230,1561002382,776531651
dimwishlist:item=3000847393&perks=1840239774,839105230,776531651
dimwishlist:item=3000847393&perks=839105230,1431678320,776531651
dimwishlist:item=3000847393&perks=776531651,4154828211
dimwishlist:item=3000847393&perks=1561002382,776531651
dimwishlist:item=3000847393&perks=1840239774,776531651
dimwishlist:item=3000847393&perks=1431678320,776531651
dimwishlist:item=3000847393&perks=839105230,776531651
dimwishlist:item=3000847393&perks=776531651

// Unforgiven
//notes:S-Tier. double stagger, AO + Repulsor + artifact-supported volatile, high reload uptime origin. Origin: Bitterspite
dimwishlist:item=234411205&perks=1840239774,839105230,1561002382,1431678320,2048641572,243981275,776531651,3640170453,3182497402,4154828211
dimwishlist:item=234411205&perks=1840239774,1561002382,1431678320,2048641572,243981275,776531651,3640170453,3182497402,4154828211
dimwishlist:item=234411205&perks=1840239774,839105230,1561002382,2048641572,243981275,776531651,3640170453,3182497402,4154828211
dimwishlist:item=234411205&perks=839105230,1561002382,1431678320,2048641572,243981275,776531651,3640170453,3182497402,4154828211
dimwishlist:item=234411205&perks=1840239774,839105230,1431678320,2048641572,243981275,776531651,3640170453,3182497402,4154828211
dimwishlist:item=234411205&perks=1840239774,839105230,1561002382,1431678320,2048641572,243981275,776531651,3640170453,3182497402
dimwishlist:item=234411205&perks=1840239774,1561002382,2048641572,243981275,776531651,3640170453,3182497402,4154828211
dimwishlist:item=234411205&perks=1561002382,1431678320,2048641572,243981275,776531651,3640170453,3182497402,4154828211
dimwishlist:item=234411205&perks=1840239774,1431678320,2048641572,243981275,776531651,3640170453,3182497402,4154828211
dimwishlist:item=234411205&perks=839105230,1561002382,2048641572,243981275,776531651,3640170453,3182497402,4154828211
dimwishlist:item=234411205&perks=1840239774,839105230,2048641572,243981275,776531651,3640170453,3182497402,4154828211
dimwishlist:item=234411205&perks=839105230,1431678320,2048641572,243981275,776531651,3640170453,3182497402,4154828211
dimwishlist:item=234411205&perks=1840239774,1561002382,1431678320,2048641572,243981275,776531651,3640170453,3182497402
dimwishlist:item=234411205&perks=1840239774,839105230,1561002382,2048641572,243981275,776531651,3640170453,3182497402
dimwishlist:item=234411205&perks=839105230,1561002382,1431678320,2048641572,243981275,776531651,3640170453,3182497402
dimwishlist:item=234411205&perks=1840239774,839105230,1431678320,2048641572,243981275,776531651,3640170453,3182497402
dimwishlist:item=234411205&perks=1561002382,2048641572,243981275,776531651,3640170453,3182497402,4154828211
dimwishlist:item=234411205&perks=1840239774,2048641572,243981275,776531651,3640170453,3182497402,4154828211
dimwishlist:item=234411205&perks=1431678320,2048641572,243981275,776531651,3640170453,3182497402,4154828211
dimwishlist:item=234411205&perks=839105230,2048641572,243981275,776531651,3640170453,3182497402,4154828211
dimwishlist:item=234411205&perks=1840239774,1561002382,2048641572,243981275,776531651,3640170453,3182497402
dimwishlist:item=234411205&perks=1561002382,1431678320,2048641572,243981275,776531651,3640170453,3182497402
dimwishlist:item=234411205&perks=1840239774,1431678320,2048641572,243981275,776531651,3640170453,3182497402
dimwishlist:item=234411205&perks=839105230,1561002382,2048641572,243981275,776531651,3640170453,3182497402
dimwishlist:item=234411205&perks=1840239774,839105230,2048641572,243981275,776531651,3640170453,3182497402
dimwishlist:item=234411205&perks=839105230,1431678320,2048641572,243981275,776531651,3640170453,3182497402
dimwishlist:item=234411205&perks=2048641572,243981275,776531651,3640170453,3182497402,4154828211
dimwishlist:item=234411205&perks=1561002382,2048641572,243981275,776531651,3640170453,3182497402
dimwishlist:item=234411205&perks=1840239774,2048641572,243981275,776531651,3640170453,3182497402
dimwishlist:item=234411205&perks=1431678320,2048641572,243981275,776531651,3640170453,3182497402
dimwishlist:item=234411205&perks=839105230,2048641572,243981275,776531651,3640170453,3182497402
dimwishlist:item=234411205&perks=2048641572,243981275,776531651,3640170453,3182497402

// Multimach CCX
//notes:S-Tier. classic AO + KT combo, good frame, solid origin, not particularly splashy though. Origin: Skulking Wolf
dimwishlist:item=3026836571&perks=1840239774,1431678320,243981275,2289534249,1517798362,3891536761,3989629871
dimwishlist:item=3026836571&perks=1431678320,243981275,2289534249,1517798362,3891536761,3989629871
dimwishlist:item=3026836571&perks=1840239774,243981275,2289534249,1517798362,3891536761,3989629871
dimwishlist:item=3026836571&perks=1840239774,1431678320,243981275,2289534249,1517798362,3891536761
dimwishlist:item=3026836571&perks=243981275,2289534249,1517798362,3891536761,3989629871
dimwishlist:item=3026836571&perks=1431678320,243981275,2289534249,1517798362,3891536761
dimwishlist:item=3026836571&perks=1840239774,243981275,2289534249,1517798362,3891536761
dimwishlist:item=3026836571&perks=243981275,2289534249,1517798362,3891536761

// Multimach CCX
//notes:S-Tier. classic AO + KT combo, good frame, solid origin, not particularly splashy though. Origin: Skulking Wolf
dimwishlist:item=3211624072&perks=1840239774,1431678320,243981275,3891536761,3989629871
dimwishlist:item=3211624072&perks=1431678320,243981275,3891536761,3989629871
dimwishlist:item=3211624072&perks=1840239774,243981275,3891536761,3989629871
dimwishlist:item=3211624072&perks=1840239774,1431678320,243981275,3891536761
dimwishlist:item=3211624072&perks=243981275,3891536761,3989629871
dimwishlist:item=3211624072&perks=1431678320,243981275,3891536761
dimwishlist:item=3211624072&perks=1840239774,243981275,3891536761
dimwishlist:item=3211624072&perks=243981275,3891536761

// The Recluse
//notes:S-Tier. would be the best SMG in the game with Attrition Orbs, still very solid neutral combos and origin though. Origin: Indomitability
dimwishlist:item=3098328572&perks=1840239774,1561002382,1431678320,776531651,2048641572,2489430594
dimwishlist:item=3098328572&perks=1840239774,1561002382,776531651,2048641572,2489430594
dimwishlist:item=3098328572&perks=1561002382,1431678320,776531651,2048641572,2489430594
dimwishlist:item=3098328572&perks=1840239774,1431678320,776531651,2048641572,2489430594
dimwishlist:item=3098328572&perks=1840239774,1561002382,1431678320,776531651,2048641572
dimwishlist:item=3098328572&perks=1561002382,776531651,2048641572,2489430594
dimwishlist:item=3098328572&perks=1840239774,776531651,2048641572,2489430594
dimwishlist:item=3098328572&perks=1431678320,776531651,2048641572,2489430594
dimwishlist:item=3098328572&perks=1840239774,1561002382,776531651,2048641572
dimwishlist:item=3098328572&perks=1561002382,1431678320,776531651,2048641572
dimwishlist:item=3098328572&perks=1840239774,1431678320,776531651,2048641572
dimwishlist:item=3098328572&perks=776531651,2048641572,2489430594
dimwishlist:item=3098328572&perks=1561002382,776531651,2048641572
dimwishlist:item=3098328572&perks=1840239774,776531651,2048641572
dimwishlist:item=3098328572&perks=1431678320,776531651,2048641572
dimwishlist:item=3098328572&perks=776531651,2048641572

// The Recluse
//notes:S-Tier. would be the best SMG in the game with Attrition Orbs, still very solid neutral combos and origin though. Origin: Indomitability
dimwishlist:item=3257283337&perks=1840239774,1561002382,1431678320,776531651,3182497402,2048641572,3640170453,2489430594
dimwishlist:item=3257283337&perks=1840239774,1561002382,776531651,3182497402,2048641572,3640170453,2489430594
dimwishlist:item=3257283337&perks=1561002382,1431678320,776531651,3182497402,2048641572,3640170453,2489430594
dimwishlist:item=3257283337&perks=1840239774,1431678320,776531651,3182497402,2048641572,3640170453,2489430594
dimwishlist:item=3257283337&perks=1840239774,1561002382,1431678320,776531651,3182497402,2048641572,3640170453
dimwishlist:item=3257283337&perks=1561002382,776531651,3182497402,2048641572,3640170453,2489430594
dimwishlist:item=3257283337&perks=1840239774,776531651,3182497402,2048641572,3640170453,2489430594
dimwishlist:item=3257283337&perks=1431678320,776531651,3182497402,2048641572,3640170453,2489430594
dimwishlist:item=3257283337&perks=1840239774,1561002382,776531651,3182497402,2048641572,3640170453
dimwishlist:item=3257283337&perks=1561002382,1431678320,776531651,3182497402,2048641572,3640170453
dimwishlist:item=3257283337&perks=1840239774,1431678320,776531651,3182497402,2048641572,3640170453
dimwishlist:item=3257283337&perks=776531651,3182497402,2048641572,3640170453,2489430594
dimwishlist:item=3257283337&perks=1561002382,776531651,3182497402,2048641572,3640170453
dimwishlist:item=3257283337&perks=1840239774,776531651,3182497402,2048641572,3640170453
dimwishlist:item=3257283337&perks=1431678320,776531651,3182497402,2048641572,3640170453
dimwishlist:item=3257283337&perks=776531651,3182497402,2048641572,3640170453

// The Recluse
//notes:S-Tier. would be the best SMG in the game with Attrition Orbs, still very solid neutral combos and origin though. Origin: Indomitability
dimwishlist:item=1050806815&perks=1840239774,1561002382,1431678320,776531651,2048641572,2489430594
dimwishlist:item=1050806815&perks=1840239774,1561002382,776531651,2048641572,2489430594
dimwishlist:item=1050806815&perks=1561002382,1431678320,776531651,2048641572,2489430594
dimwishlist:item=1050806815&perks=1840239774,1431678320,776531651,2048641572,2489430594
dimwishlist:item=1050806815&perks=1840239774,1561002382,1431678320,776531651,2048641572
dimwishlist:item=1050806815&perks=1561002382,776531651,2048641572,2489430594
dimwishlist:item=1050806815&perks=1840239774,776531651,2048641572,2489430594
dimwishlist:item=1050806815&perks=1431678320,776531651,2048641572,2489430594
dimwishlist:item=1050806815&perks=1840239774,1561002382,776531651,2048641572
dimwishlist:item=1050806815&perks=1561002382,1431678320,776531651,2048641572
dimwishlist:item=1050806815&perks=1840239774,1431678320,776531651,2048641572
dimwishlist:item=1050806815&perks=776531651,2048641572,2489430594
dimwishlist:item=1050806815&perks=1561002382,776531651,2048641572
dimwishlist:item=1050806815&perks=1840239774,776531651,2048641572
dimwishlist:item=1050806815&perks=1431678320,776531651,2048641572
dimwishlist:item=1050806815&perks=776531651,2048641572

// Bug-Out Bag
//notes:S-Tier. downgrade from other S tier SMGs except the barrier intrinsic. Origin: Gun and Run
dimwishlist:item=2832639510&perks=1840239774,839105230,1561002382,1431678320,3324494224
dimwishlist:item=2832639510&perks=1840239774,1561002382,1431678320,3324494224
dimwishlist:item=2832639510&perks=1840239774,839105230,1561002382,3324494224
dimwishlist:item=2832639510&perks=839105230,1561002382,1431678320,3324494224
dimwishlist:item=2832639510&perks=1840239774,839105230,1431678320,3324494224
dimwishlist:item=2832639510&perks=1840239774,1561002382,3324494224
dimwishlist:item=2832639510&perks=1561002382,1431678320,3324494224
dimwishlist:item=2832639510&perks=1840239774,1431678320,3324494224
dimwishlist:item=2832639510&perks=839105230,1561002382,3324494224
dimwishlist:item=2832639510&perks=1840239774,839105230,3324494224
dimwishlist:item=2832639510&perks=839105230,1431678320,3324494224
dimwishlist:item=2832639510&perks=1561002382,3324494224
dimwishlist:item=2832639510&perks=1840239774,3324494224
dimwishlist:item=2832639510&perks=1431678320,3324494224
dimwishlist:item=2832639510&perks=839105230,3324494224
dimwishlist:item=2832639510&perks=3324494224

// Bug-Out Bag
//notes:S-Tier. downgrade from other S tier SMGs except the barrier intrinsic. Origin: Gun and Run
dimwishlist:item=3327901954&perks=1840239774,839105230,1561002382,1431678320,776531651,243981275,2048641572,3324494224,515704826
dimwishlist:item=3327901954&perks=1840239774,1561002382,1431678320,776531651,243981275,2048641572,3324494224,515704826
dimwishlist:item=3327901954&perks=1840239774,839105230,1561002382,776531651,243981275,2048641572,3324494224,515704826
dimwishlist:item=3327901954&perks=839105230,1561002382,1431678320,776531651,243981275,2048641572,3324494224,515704826
dimwishlist:item=3327901954&perks=1840239774,839105230,1431678320,776531651,243981275,2048641572,3324494224,515704826
dimwishlist:item=3327901954&perks=1840239774,839105230,1561002382,1431678320,776531651,243981275,2048641572,3324494224
dimwishlist:item=3327901954&perks=1840239774,1561002382,776531651,243981275,2048641572,3324494224,515704826
dimwishlist:item=3327901954&perks=1561002382,1431678320,776531651,243981275,2048641572,3324494224,515704826
dimwishlist:item=3327901954&perks=1840239774,1431678320,776531651,243981275,2048641572,3324494224,515704826
dimwishlist:item=3327901954&perks=839105230,1561002382,776531651,243981275,2048641572,3324494224,515704826
dimwishlist:item=3327901954&perks=1840239774,839105230,776531651,243981275,2048641572,3324494224,515704826
dimwishlist:item=3327901954&perks=839105230,1431678320,776531651,243981275,2048641572,3324494224,515704826
dimwishlist:item=3327901954&perks=1840239774,1561002382,1431678320,776531651,243981275,2048641572,3324494224
dimwishlist:item=3327901954&perks=1840239774,839105230,1561002382,776531651,243981275,2048641572,3324494224
dimwishlist:item=3327901954&perks=839105230,1561002382,1431678320,776531651,243981275,2048641572,3324494224
dimwishlist:item=3327901954&perks=1840239774,839105230,1431678320,776531651,243981275,2048641572,3324494224
dimwishlist:item=3327901954&perks=1561002382,776531651,243981275,2048641572,3324494224,515704826
dimwishlist:item=3327901954&perks=1840239774,776531651,243981275,2048641572,3324494224,515704826
dimwishlist:item=3327901954&perks=1431678320,776531651,243981275,2048641572,3324494224,515704826
dimwishlist:item=3327901954&perks=839105230,776531651,243981275,2048641572,3324494224,515704826
dimwishlist:item=3327901954&perks=1840239774,1561002382,776531651,243981275,2048641572,3324494224
dimwishlist:item=3327901954&perks=1561002382,1431678320,776531651,243981275,2048641572,3324494224
dimwishlist:item=3327901954&perks=1840239774,1431678320,776531651,243981275,2048641572,3324494224
dimwishlist:item=3327901954&perks=839105230,1561002382,776531651,243981275,2048641572,3324494224
dimwishlist:item=3327901954&perks=1840239774,839105230,776531651,243981275,2048641572,3324494224
dimwishlist:item=3327901954&perks=839105230,1431678320,776531651,243981275,2048641572,3324494224
dimwishlist:item=3327901954&perks=776531651,243981275,2048641572,3324494224,515704826
dimwishlist:item=3327901954&perks=1561002382,776531651,243981275,2048641572,3324494224
dimwishlist:item=3327901954&perks=1840239774,776531651,243981275,2048641572,3324494224
dimwishlist:item=3327901954&perks=1431678320,776531651,243981275,2048641572,3324494224
dimwishlist:item=3327901954&perks=839105230,776531651,243981275,2048641572,3324494224
dimwishlist:item=3327901954&perks=776531651,243981275,2048641572,3324494224

// M-17 "Fast Talker"
//notes:S-Tier. stasis-focused Multimach alternative with better mag uptime. Origin: Accelerated Assault
dimwishlist:item=2770035786&perks=1840239774,839105230,1080094173,243981275,2922950962,3713579091
dimwishlist:item=2770035786&perks=1840239774,1080094173,243981275,2922950962,3713579091
dimwishlist:item=2770035786&perks=839105230,1080094173,243981275,2922950962,3713579091
dimwishlist:item=2770035786&perks=1840239774,839105230,243981275,2922950962,3713579091
dimwishlist:item=2770035786&perks=1840239774,839105230,1080094173,243981275,2922950962
dimwishlist:item=2770035786&perks=1080094173,243981275,2922950962,3713579091
dimwishlist:item=2770035786&perks=1840239774,243981275,2922950962,3713579091
dimwishlist:item=2770035786&perks=839105230,243981275,2922950962,3713579091
dimwishlist:item=2770035786&perks=1840239774,1080094173,243981275,2922950962
dimwishlist:item=2770035786&perks=839105230,1080094173,243981275,2922950962
dimwishlist:item=2770035786&perks=1840239774,839105230,243981275,2922950962
dimwishlist:item=2770035786&perks=243981275,2922950962,3713579091
dimwishlist:item=2770035786&perks=1080094173,243981275,2922950962
dimwishlist:item=2770035786&perks=1840239774,243981275,2922950962
dimwishlist:item=2770035786&perks=839105230,243981275,2922950962
dimwishlist:item=2770035786&perks=243981275,2922950962

// M-17 "Fast Talker"
//notes:S-Tier. stasis-focused Multimach alternative with better mag uptime. Origin: Accelerated Assault
dimwishlist:item=1419158093&perks=1840239774,839105230,1080094173,243981275,2922950962
dimwishlist:item=1419158093&perks=1840239774,1080094173,243981275,2922950962
dimwishlist:item=1419158093&perks=839105230,1080094173,243981275,2922950962
dimwishlist:item=1419158093&perks=1840239774,839105230,243981275,2922950962
dimwishlist:item=1419158093&perks=1080094173,243981275,2922950962
dimwishlist:item=1419158093&perks=1840239774,243981275,2922950962
dimwishlist:item=1419158093&perks=839105230,243981275,2922950962
dimwishlist:item=1419158093&perks=243981275,2922950962

// Yeartide Apex
//notes:S-Tier. Multimach equivalent in the energy slot, just worse origin trait and no KT equivalent. Origin: Tex Balanced Stock
dimwishlist:item=2965080304&perks=1840239774,1561002382,1431678320,243981275,3017780555,4293542123,3640170453,2890807135,2437618208
dimwishlist:item=2965080304&perks=1840239774,1561002382,243981275,3017780555,4293542123,3640170453,2890807135,2437618208
dimwishlist:item=2965080304&perks=1561002382,1431678320,243981275,3017780555,4293542123,3640170453,2890807135,2437618208
dimwishlist:item=2965080304&perks=1840239774,1431678320,243981275,3017780555,4293542123,3640170453,2890807135,2437618208
dimwishlist:item=2965080304&perks=1840239774,1561002382,1431678320,243981275,3017780555,4293542123,3640170453,2890807135
dimwishlist:item=2965080304&perks=1561002382,243981275,3017780555,4293542123,3640170453,2890807135,2437618208
dimwishlist:item=2965080304&perks=1840239774,243981275,3017780555,4293542123,3640170453,2890807135,2437618208
dimwishlist:item=2965080304&perks=1431678320,243981275,3017780555,4293542123,3640170453,2890807135,2437618208
dimwishlist:item=2965080304&perks=1840239774,1561002382,243981275,3017780555,4293542123,3640170453,2890807135
dimwishlist:item=2965080304&perks=1561002382,1431678320,243981275,3017780555,4293542123,3640170453,2890807135
dimwishlist:item=2965080304&perks=1840239774,1431678320,243981275,3017780555,4293542123,3640170453,2890807135
dimwishlist:item=2965080304&perks=243981275,3017780555,4293542123,3640170453,2890807135,2437618208
dimwishlist:item=2965080304&perks=1561002382,243981275,3017780555,4293542123,3640170453,2890807135
dimwishlist:item=2965080304&perks=1840239774,243981275,3017780555,4293542123,3640170453,2890807135
dimwishlist:item=2965080304&perks=1431678320,243981275,3017780555,4293542123,3640170453,2890807135
dimwishlist:item=2965080304&perks=243981275,3017780555,4293542123,3640170453,2890807135

// Yeartide Apex
//notes:S-Tier. Multimach equivalent in the energy slot, just worse origin trait and no KT equivalent. Origin: Tex Balanced Stock
dimwishlist:item=3293207827&perks=1840239774,1561002382,1431678320,243981275,3017780555,4293542123,3640170453,2890807135,2437618208
dimwishlist:item=3293207827&perks=1840239774,1561002382,243981275,3017780555,4293542123,3640170453,2890807135,2437618208
dimwishlist:item=3293207827&perks=1561002382,1431678320,243981275,3017780555,4293542123,3640170453,2890807135,2437618208
dimwishlist:item=3293207827&perks=1840239774,1431678320,243981275,3017780555,4293542123,3640170453,2890807135,2437618208
dimwishlist:item=3293207827&perks=1840239774,1561002382,1431678320,243981275,3017780555,4293542123,3640170453,2890807135
dimwishlist:item=3293207827&perks=1561002382,243981275,3017780555,4293542123,3640170453,2890807135,2437618208
dimwishlist:item=3293207827&perks=1840239774,243981275,3017780555,4293542123,3640170453,2890807135,2437618208
dimwishlist:item=3293207827&perks=1431678320,243981275,3017780555,4293542123,3640170453,2890807135,2437618208
dimwishlist:item=3293207827&perks=1840239774,1561002382,243981275,3017780555,4293542123,3640170453,2890807135
dimwishlist:item=3293207827&perks=1561002382,1431678320,243981275,3017780555,4293542123,3640170453,2890807135
dimwishlist:item=3293207827&perks=1840239774,1431678320,243981275,3017780555,4293542123,3640170453,2890807135
dimwishlist:item=3293207827&perks=243981275,3017780555,4293542123,3640170453,2890807135,2437618208
dimwishlist:item=3293207827&perks=1561002382,243981275,3017780555,4293542123,3640170453,2890807135
dimwishlist:item=3293207827&perks=1840239774,243981275,3017780555,4293542123,3640170453,2890807135
dimwishlist:item=3293207827&perks=1431678320,243981275,3017780555,4293542123,3640170453,2890807135
dimwishlist:item=3293207827&perks=243981275,3017780555,4293542123,3640170453,2890807135

// Submission
//notes:S-Tier. novel perk combo but no AO utility, good origin though. Origin: Souldrinker
dimwishlist:item=3886416794&perks=1840239774,1431678320,3891536761,3640170453,3363267119
dimwishlist:item=3886416794&perks=1431678320,3891536761,3640170453,3363267119
dimwishlist:item=3886416794&perks=1840239774,3891536761,3640170453,3363267119
dimwishlist:item=3886416794&perks=1840239774,1431678320,3891536761,3640170453
dimwishlist:item=3886416794&perks=3891536761,3640170453,3363267119
dimwishlist:item=3886416794&perks=1431678320,3891536761,3640170453
dimwishlist:item=3886416794&perks=1840239774,3891536761,3640170453
dimwishlist:item=3886416794&perks=3891536761,3640170453

// Submission
//notes:S-Tier. novel perk combo but no AO utility, good origin though. Origin: Souldrinker
dimwishlist:item=1941816543&perks=1840239774,1431678320,3891536761,3640170453,3363267119
dimwishlist:item=1941816543&perks=1431678320,3891536761,3640170453,3363267119
dimwishlist:item=1941816543&perks=1840239774,3891536761,3640170453,3363267119
dimwishlist:item=1941816543&perks=1840239774,1431678320,3891536761,3640170453
dimwishlist:item=1941816543&perks=3891536761,3640170453,3363267119
dimwishlist:item=1941816543&perks=1431678320,3891536761,3640170453
dimwishlist:item=1941816543&perks=1840239774,3891536761,3640170453
dimwishlist:item=1941816543&perks=3891536761,3640170453

// VS Velocity Baton
//notes:S-Tier. best element area denial with pretty much every relevant perk needed, excellent origin too. Origin: Bray Legacy
dimwishlist:item=2452936816&perks=3525010810,2822142346,776531651,3987942396,3108830275,2048641572,2396489472,243981275,4139916815
dimwishlist:item=2452936816&perks=2822142346,776531651,3987942396,3108830275,2048641572,2396489472,243981275,4139916815
dimwishlist:item=2452936816&perks=3525010810,776531651,3987942396,3108830275,2048641572,2396489472,243981275,4139916815
dimwishlist:item=2452936816&perks=3525010810,2822142346,776531651,3987942396,3108830275,2048641572,2396489472,243981275
dimwishlist:item=2452936816&perks=776531651,3987942396,3108830275,2048641572,2396489472,243981275,4139916815
dimwishlist:item=2452936816&perks=2822142346,776531651,3987942396,3108830275,2048641572,2396489472,243981275
dimwishlist:item=2452936816&perks=3525010810,776531651,3987942396,3108830275,2048641572,2396489472,243981275
dimwishlist:item=2452936816&perks=776531651,3987942396,3108830275,2048641572,2396489472,243981275

// VS Velocity Baton
//notes:S-Tier. best element area denial with pretty much every relevant perk needed, excellent origin too. Origin: Bray Legacy
dimwishlist:item=1762785663&perks=3525010810,2822142346,776531651,3108830275,2048641572,243981275,4139916815
dimwishlist:item=1762785663&perks=2822142346,776531651,3108830275,2048641572,243981275,4139916815
dimwishlist:item=1762785663&perks=3525010810,776531651,3108830275,2048641572,243981275,4139916815
dimwishlist:item=1762785663&perks=3525010810,2822142346,776531651,3108830275,2048641572,243981275
dimwishlist:item=1762785663&perks=776531651,3108830275,2048641572,243981275,4139916815
dimwishlist:item=1762785663&perks=2822142346,776531651,3108830275,2048641572,243981275
dimwishlist:item=1762785663&perks=3525010810,776531651,3108830275,2048641572,243981275
dimwishlist:item=1762785663&perks=776531651,3108830275,2048641572,243981275

// Ouster Engine
//notes:S-Tier. only area denial with Air Trigger for ammo, also has every perk imaginable for stasis. Origin: Accelerated Assault
dimwishlist:item=2223968549&perks=3525010810,2822142346,1421772400,3300816228,1955165503,2396489472,3764420437,2922950962
dimwishlist:item=2223968549&perks=2822142346,1421772400,3300816228,1955165503,2396489472,3764420437,2922950962
dimwishlist:item=2223968549&perks=3525010810,1421772400,3300816228,1955165503,2396489472,3764420437,2922950962
dimwishlist:item=2223968549&perks=1421772400,3300816228,1955165503,2396489472,3764420437,2922950962

// Ouster Engine
//notes:S-Tier. only area denial with Air Trigger for ammo, also has every perk imaginable for stasis. Origin: Accelerated Assault
dimwishlist:item=3718184802&perks=3525010810,2822142346,1421772400,3300816228,1955165503,2396489472,3764420437,2922950962,2697390518
dimwishlist:item=3718184802&perks=2822142346,1421772400,3300816228,1955165503,2396489472,3764420437,2922950962,2697390518
dimwishlist:item=3718184802&perks=3525010810,1421772400,3300816228,1955165503,2396489472,3764420437,2922950962,2697390518
dimwishlist:item=3718184802&perks=3525010810,2822142346,1421772400,3300816228,1955165503,2396489472,3764420437,2922950962
dimwishlist:item=3718184802&perks=1421772400,3300816228,1955165503,2396489472,3764420437,2922950962,2697390518
dimwishlist:item=3718184802&perks=2822142346,1421772400,3300816228,1955165503,2396489472,3764420437,2922950962
dimwishlist:item=3718184802&perks=3525010810,1421772400,3300816228,1955165503,2396489472,3764420437,2922950962
dimwishlist:item=3718184802&perks=1421772400,3300816228,1955165503,2396489472,3764420437,2922950962

// Gizmo Weft
//notes:S-Tier. best movement and swap GL. Origin: Häkke Breach Armaments
dimwishlist:item=4069880346&perks=3525010810,2822142346,3301904089,3492396210,1421772400,3987942396,923806249,1439600632,3764420437,2396489472,1607056502
dimwishlist:item=4069880346&perks=3525010810,2822142346,3301904089,1421772400,3987942396,923806249,1439600632,3764420437,2396489472,1607056502
dimwishlist:item=4069880346&perks=3525010810,2822142346,3492396210,1421772400,3987942396,923806249,1439600632,3764420437,2396489472,1607056502
dimwishlist:item=4069880346&perks=3525010810,3301904089,3492396210,1421772400,3987942396,923806249,1439600632,3764420437,2396489472,1607056502
dimwishlist:item=4069880346&perks=3525010810,2822142346,1421772400,3987942396,923806249,1439600632,3764420437,2396489472,1607056502
dimwishlist:item=4069880346&perks=2822142346,3301904089,1421772400,3987942396,923806249,1439600632,3764420437,2396489472,1607056502
dimwishlist:item=4069880346&perks=3525010810,3301904089,1421772400,3987942396,923806249,1439600632,3764420437,2396489472,1607056502
dimwishlist:item=4069880346&perks=2822142346,3492396210,1421772400,3987942396,923806249,1439600632,3764420437,2396489472,1607056502
dimwishlist:item=4069880346&perks=3525010810,3492396210,1421772400,3987942396,923806249,1439600632,3764420437,2396489472,1607056502
dimwishlist:item=4069880346&perks=3301904089,3492396210,1421772400,3987942396,923806249,1439600632,3764420437,2396489472,1607056502
dimwishlist:item=4069880346&perks=3525010810,2822142346,3301904089,1421772400,3987942396,923806249,1439600632,3764420437,2396489472
dimwishlist:item=4069880346&perks=3525010810,2822142346,3492396210,1421772400,3987942396,923806249,1439600632,3764420437,2396489472
dimwishlist:item=4069880346&perks=3525010810,3301904089,3492396210,1421772400,3987942396,923806249,1439600632,3764420437,2396489472
dimwishlist:item=4069880346&perks=2822142346,1421772400,3987942396,923806249,1439600632,3764420437,2396489472,1607056502
dimwishlist:item=4069880346&perks=3525010810,1421772400,3987942396,923806249,1439600632,3764420437,2396489472,1607056502
dimwishlist:item=4069880346&perks=3301904089,1421772400,3987942396,923806249,1439600632,3764420437,2396489472,1607056502
dimwishlist:item=4069880346&perks=3492396210,1421772400,3987942396,923806249,1439600632,3764420437,2396489472,1607056502
dimwishlist:item=4069880346&perks=3525010810,2822142346,1421772400,3987942396,923806249,1439600632,3764420437,2396489472
dimwishlist:item=4069880346&perks=2822142346,3301904089,1421772400,3987942396,923806249,1439600632,3764420437,2396489472
dimwishlist:item=4069880346&perks=3525010810,3301904089,1421772400,3987942396,923806249,1439600632,3764420437,2396489472
dimwishlist:item=4069880346&perks=2822142346,3492396210,1421772400,3987942396,923806249,1439600632,3764420437,2396489472
dimwishlist:item=4069880346&perks=3525010810,3492396210,1421772400,3987942396,923806249,1439600632,3764420437,2396489472
dimwishlist:item=4069880346&perks=3301904089,3492396210,1421772400,3987942396,923806249,1439600632,3764420437,2396489472
dimwishlist:item=4069880346&perks=1421772400,3987942396,923806249,1439600632,3764420437,2396489472,1607056502
dimwishlist:item=4069880346&perks=2822142346,1421772400,3987942396,923806249,1439600632,3764420437,2396489472
dimwishlist:item=4069880346&perks=3525010810,1421772400,3987942396,923806249,1439600632,3764420437,2396489472
dimwishlist:item=4069880346&perks=3301904089,1421772400,3987942396,923806249,1439600632,3764420437,2396489472
dimwishlist:item=4069880346&perks=3492396210,1421772400,3987942396,923806249,1439600632,3764420437,2396489472
dimwishlist:item=4069880346&perks=1421772400,3987942396,923806249,1439600632,3764420437,2396489472

// Gizmo Weft
//notes:S-Tier. best movement and swap GL. Origin: Häkke Breach Armaments
dimwishlist:item=1572604081&perks=3525010810,2822142346,3301904089,3492396210,1421772400,3987942396,923806249,1439600632,3764420437,2396489472,1607056502
dimwishlist:item=1572604081&perks=3525010810,2822142346,3301904089,1421772400,3987942396,923806249,1439600632,3764420437,2396489472,1607056502
dimwishlist:item=1572604081&perks=3525010810,2822142346,3492396210,1421772400,3987942396,923806249,1439600632,3764420437,2396489472,1607056502
dimwishlist:item=1572604081&perks=3525010810,3301904089,3492396210,1421772400,3987942396,923806249,1439600632,3764420437,2396489472,1607056502
dimwishlist:item=1572604081&perks=3525010810,2822142346,1421772400,3987942396,923806249,1439600632,3764420437,2396489472,1607056502
dimwishlist:item=1572604081&perks=2822142346,3301904089,1421772400,3987942396,923806249,1439600632,3764420437,2396489472,1607056502
dimwishlist:item=1572604081&perks=3525010810,3301904089,1421772400,3987942396,923806249,1439600632,3764420437,2396489472,1607056502
dimwishlist:item=1572604081&perks=2822142346,3492396210,1421772400,3987942396,923806249,1439600632,3764420437,2396489472,1607056502
dimwishlist:item=1572604081&perks=3525010810,3492396210,1421772400,3987942396,923806249,1439600632,3764420437,2396489472,1607056502
dimwishlist:item=1572604081&perks=3301904089,3492396210,1421772400,3987942396,923806249,1439600632,3764420437,2396489472,1607056502
dimwishlist:item=1572604081&perks=3525010810,2822142346,3301904089,1421772400,3987942396,923806249,1439600632,3764420437,2396489472
dimwishlist:item=1572604081&perks=3525010810,2822142346,3492396210,1421772400,3987942396,923806249,1439600632,3764420437,2396489472
dimwishlist:item=1572604081&perks=3525010810,3301904089,3492396210,1421772400,3987942396,923806249,1439600632,3764420437,2396489472
dimwishlist:item=1572604081&perks=2822142346,1421772400,3987942396,923806249,1439600632,3764420437,2396489472,1607056502
dimwishlist:item=1572604081&perks=3525010810,1421772400,3987942396,923806249,1439600632,3764420437,2396489472,1607056502
dimwishlist:item=1572604081&perks=3301904089,1421772400,3987942396,923806249,1439600632,3764420437,2396489472,1607056502
dimwishlist:item=1572604081&perks=3492396210,1421772400,3987942396,923806249,1439600632,3764420437,2396489472,1607056502
dimwishlist:item=1572604081&perks=3525010810,2822142346,1421772400,3987942396,923806249,1439600632,3764420437,2396489472
dimwishlist:item=1572604081&perks=2822142346,3301904089,1421772400,3987942396,923806249,1439600632,3764420437,2396489472
dimwishlist:item=1572604081&perks=3525010810,3301904089,1421772400,3987942396,923806249,1439600632,3764420437,2396489472
dimwishlist:item=1572604081&perks=2822142346,3492396210,1421772400,3987942396,923806249,1439600632,3764420437,2396489472
dimwishlist:item=1572604081&perks=3525010810,3492396210,1421772400,3987942396,923806249,1439600632,3764420437,2396489472
dimwishlist:item=1572604081&perks=3301904089,3492396210,1421772400,3987942396,923806249,1439600632,3764420437,2396489472
dimwishlist:item=1572604081&perks=1421772400,3987942396,923806249,1439600632,3764420437,2396489472,1607056502
dimwishlist:item=1572604081&perks=2822142346,1421772400,3987942396,923806249,1439600632,3764420437,2396489472
dimwishlist:item=1572604081&perks=3525010810,1421772400,3987942396,923806249,1439600632,3764420437,2396489472
dimwishlist:item=1572604081&perks=3301904089,1421772400,3987942396,923806249,1439600632,3764420437,2396489472
dimwishlist:item=1572604081&perks=3492396210,1421772400,3987942396,923806249,1439600632,3764420437,2396489472
dimwishlist:item=1572604081&perks=1421772400,3987942396,923806249,1439600632,3764420437,2396489472

// Psychopomp
//notes:S-Tier. Aggregate Charge access on energy slot area denial, also has 8% damage origin trait. Origin: Heretical Behavior
dimwishlist:item=2553380021&perks=3525010810,2822142346,3218042543
dimwishlist:item=2553380021&perks=2822142346,3218042543
dimwishlist:item=2553380021&perks=3525010810,3218042543
dimwishlist:item=2553380021&perks=3218042543

// Psychopomp
//notes:S-Tier. Aggregate Charge access on energy slot area denial, also has 8% damage origin trait. Origin: Heretical Behavior
dimwishlist:item=704410186&perks=3525010810,2822142346,3218042543
dimwishlist:item=704410186&perks=2822142346,3218042543
dimwishlist:item=704410186&perks=3525010810,3218042543
dimwishlist:item=704410186&perks=3218042543

// Psychopomp
//notes:S-Tier. Aggregate Charge access on energy slot area denial, also has 8% damage origin trait. Origin: Heretical Behavior
dimwishlist:item=3840794631&perks=3525010810,2822142346,3218042543
dimwishlist:item=3840794631&perks=2822142346,3218042543
dimwishlist:item=3840794631&perks=3525010810,3218042543
dimwishlist:item=3840794631&perks=3218042543

// Psychopomp
//notes:S-Tier. Aggregate Charge access on energy slot area denial, also has 8% damage origin trait. Origin: Heretical Behavior
dimwishlist:item=4028298892&perks=3525010810,2822142346,3218042543
dimwishlist:item=4028298892&perks=2822142346,3218042543
dimwishlist:item=4028298892&perks=3525010810,3218042543
dimwishlist:item=4028298892&perks=3218042543

// Psychopomp
//notes:S-Tier. Aggregate Charge access on energy slot area denial, also has 8% damage origin trait. Origin: Heretical Behavior
dimwishlist:item=1835232052&perks=3525010810,2822142346,3300816228,2360347339,3218042543,3764420437,2173046394,654512643,816963252
dimwishlist:item=1835232052&perks=2822142346,3300816228,2360347339,3218042543,3764420437,2173046394,654512643,816963252
dimwishlist:item=1835232052&perks=3525010810,3300816228,2360347339,3218042543,3764420437,2173046394,654512643,816963252
dimwishlist:item=1835232052&perks=3525010810,2822142346,3300816228,2360347339,3218042543,3764420437,2173046394,654512643
dimwishlist:item=1835232052&perks=3300816228,2360347339,3218042543,3764420437,2173046394,654512643,816963252
dimwishlist:item=1835232052&perks=2822142346,3300816228,2360347339,3218042543,3764420437,2173046394,654512643
dimwishlist:item=1835232052&perks=3525010810,3300816228,2360347339,3218042543,3764420437,2173046394,654512643
dimwishlist:item=1835232052&perks=3300816228,2360347339,3218042543,3764420437,2173046394,654512643

// Festival Flight
//notes:S-Tier. best application of splash Sever of any Slice weapon, otherwise a pretty normal area denial. Origin: Dream Work
dimwishlist:item=3977654524&perks=3525010810,2822142346,923806249,3523296417,3987942396,243981275,4049631843,831391274,1380061575
dimwishlist:item=3977654524&perks=2822142346,923806249,3523296417,3987942396,243981275,4049631843,831391274,1380061575
dimwishlist:item=3977654524&perks=3525010810,923806249,3523296417,3987942396,243981275,4049631843,831391274,1380061575
dimwishlist:item=3977654524&perks=3525010810,2822142346,923806249,3523296417,3987942396,243981275,4049631843,831391274
dimwishlist:item=3977654524&perks=923806249,3523296417,3987942396,243981275,4049631843,831391274,1380061575
dimwishlist:item=3977654524&perks=2822142346,923806249,3523296417,3987942396,243981275,4049631843,831391274
dimwishlist:item=3977654524&perks=3525010810,923806249,3523296417,3987942396,243981275,4049631843,831391274
dimwishlist:item=3977654524&perks=923806249,3523296417,3987942396,243981275,4049631843,831391274

// Festival Flight
//notes:S-Tier. best application of splash Sever of any Slice weapon, otherwise a pretty normal area denial. Origin: Dream Work
dimwishlist:item=4019651319&perks=3525010810,2822142346,923806249,3523296417,3987942396,243981275,4049631843,831391274,1380061575
dimwishlist:item=4019651319&perks=2822142346,923806249,3523296417,3987942396,243981275,4049631843,831391274,1380061575
dimwishlist:item=4019651319&perks=3525010810,923806249,3523296417,3987942396,243981275,4049631843,831391274,1380061575
dimwishlist:item=4019651319&perks=3525010810,2822142346,923806249,3523296417,3987942396,243981275,4049631843,831391274
dimwishlist:item=4019651319&perks=923806249,3523296417,3987942396,243981275,4049631843,831391274,1380061575
dimwishlist:item=4019651319&perks=2822142346,923806249,3523296417,3987942396,243981275,4049631843,831391274
dimwishlist:item=4019651319&perks=3525010810,923806249,3523296417,3987942396,243981275,4049631843,831391274
dimwishlist:item=4019651319&perks=923806249,3523296417,3987942396,243981275,4049631843,831391274

// The Wizened Rebuke
//notes:S-Tier. best frame, best currently possible add clear and damage perks, decent origin. Origin: Skulking Wolf
dimwishlist:item=293709641&perks=1840239774,839105230,689005463,3643424744,3978468247,2594592626,1427256713,3989629871
dimwishlist:item=293709641&perks=1840239774,689005463,3643424744,3978468247,2594592626,1427256713,3989629871
dimwishlist:item=293709641&perks=839105230,689005463,3643424744,3978468247,2594592626,1427256713,3989629871
dimwishlist:item=293709641&perks=1840239774,839105230,3643424744,3978468247,2594592626,1427256713,3989629871
dimwishlist:item=293709641&perks=1840239774,839105230,689005463,3643424744,3978468247,2594592626,1427256713
dimwishlist:item=293709641&perks=689005463,3643424744,3978468247,2594592626,1427256713,3989629871
dimwishlist:item=293709641&perks=1840239774,3643424744,3978468247,2594592626,1427256713,3989629871
dimwishlist:item=293709641&perks=839105230,3643424744,3978468247,2594592626,1427256713,3989629871
dimwishlist:item=293709641&perks=1840239774,689005463,3643424744,3978468247,2594592626,1427256713
dimwishlist:item=293709641&perks=839105230,689005463,3643424744,3978468247,2594592626,1427256713
dimwishlist:item=293709641&perks=1840239774,839105230,3643424744,3978468247,2594592626,1427256713
dimwishlist:item=293709641&perks=3643424744,3978468247,2594592626,1427256713,3989629871
dimwishlist:item=293709641&perks=689005463,3643424744,3978468247,2594592626,1427256713
dimwishlist:item=293709641&perks=1840239774,3643424744,3978468247,2594592626,1427256713
dimwishlist:item=293709641&perks=839105230,3643424744,3978468247,2594592626,1427256713
dimwishlist:item=293709641&perks=3643424744,3978468247,2594592626,1427256713

// Glacioclasm
//notes:S-Tier. no Discord but Withering Gaze instead, worse origin than Wizened. Origin: Dawning Surprise
dimwishlist:item=2728851518&perks=1840239774,839105230,689005463,3643424744,2594592626,4264904777
dimwishlist:item=2728851518&perks=1840239774,689005463,3643424744,2594592626,4264904777
dimwishlist:item=2728851518&perks=839105230,689005463,3643424744,2594592626,4264904777
dimwishlist:item=2728851518&perks=1840239774,839105230,3643424744,2594592626,4264904777
dimwishlist:item=2728851518&perks=1840239774,839105230,689005463,3643424744,2594592626
dimwishlist:item=2728851518&perks=689005463,3643424744,2594592626,4264904777
dimwishlist:item=2728851518&perks=1840239774,3643424744,2594592626,4264904777
dimwishlist:item=2728851518&perks=839105230,3643424744,2594592626,4264904777
dimwishlist:item=2728851518&perks=1840239774,689005463,3643424744,2594592626
dimwishlist:item=2728851518&perks=839105230,689005463,3643424744,2594592626
dimwishlist:item=2728851518&perks=1840239774,839105230,3643424744,2594592626
dimwishlist:item=2728851518&perks=3643424744,2594592626,4264904777
dimwishlist:item=2728851518&perks=689005463,3643424744,2594592626
dimwishlist:item=2728851518&perks=1840239774,3643424744,2594592626
dimwishlist:item=2728851518&perks=839105230,3643424744,2594592626
dimwishlist:item=2728851518&perks=3643424744,2594592626

// Glacioclasm
//notes:S-Tier. no Discord but Withering Gaze instead, worse origin than Wizened. Origin: Dawning Surprise
dimwishlist:item=1183116657&perks=1840239774,839105230,689005463,3643424744,2594592626,1134488199,4264904777
dimwishlist:item=1183116657&perks=1840239774,689005463,3643424744,2594592626,1134488199,4264904777
dimwishlist:item=1183116657&perks=839105230,689005463,3643424744,2594592626,1134488199,4264904777
dimwishlist:item=1183116657&perks=1840239774,839105230,3643424744,2594592626,1134488199,4264904777
dimwishlist:item=1183116657&perks=1840239774,839105230,689005463,3643424744,2594592626,1134488199
dimwishlist:item=1183116657&perks=689005463,3643424744,2594592626,1134488199,4264904777
dimwishlist:item=1183116657&perks=1840239774,3643424744,2594592626,1134488199,4264904777
dimwishlist:item=1183116657&perks=839105230,3643424744,2594592626,1134488199,4264904777
dimwishlist:item=1183116657&perks=1840239774,689005463,3643424744,2594592626,1134488199
dimwishlist:item=1183116657&perks=839105230,689005463,3643424744,2594592626,1134488199
dimwishlist:item=1183116657&perks=1840239774,839105230,3643424744,2594592626,1134488199
dimwishlist:item=1183116657&perks=3643424744,2594592626,1134488199,4264904777
dimwishlist:item=1183116657&perks=689005463,3643424744,2594592626,1134488199
dimwishlist:item=1183116657&perks=1840239774,3643424744,2594592626,1134488199
dimwishlist:item=1183116657&perks=839105230,3643424744,2594592626,1134488199
dimwishlist:item=1183116657&perks=3643424744,2594592626,1134488199

// Loaded Question
//notes:S-Tier. variety of refill perks + standard high-impact damage perks, nothing else though. Origin: Problem Solver
dimwishlist:item=2914913838&perks=1840239774,839105230,689005463,3643424744,3300816228,968510818,2594592626,1427256713
dimwishlist:item=2914913838&perks=1840239774,689005463,3643424744,3300816228,968510818,2594592626,1427256713
dimwishlist:item=2914913838&perks=839105230,689005463,3643424744,3300816228,968510818,2594592626,1427256713
dimwishlist:item=2914913838&perks=1840239774,839105230,3643424744,3300816228,968510818,2594592626,1427256713
dimwishlist:item=2914913838&perks=689005463,3643424744,3300816228,968510818,2594592626,1427256713
dimwishlist:item=2914913838&perks=1840239774,3643424744,3300816228,968510818,2594592626,1427256713
dimwishlist:item=2914913838&perks=839105230,3643424744,3300816228,968510818,2594592626,1427256713
dimwishlist:item=2914913838&perks=3643424744,3300816228,968510818,2594592626,1427256713

// Loaded Question
//notes:S-Tier. variety of refill perks + standard high-impact damage perks, nothing else though. Origin: Problem Solver
dimwishlist:item=3125454907&perks=1840239774,839105230,689005463,3643424744,3300816228,968510818,2594592626,1427256713
dimwishlist:item=3125454907&perks=1840239774,689005463,3643424744,3300816228,968510818,2594592626,1427256713
dimwishlist:item=3125454907&perks=839105230,689005463,3643424744,3300816228,968510818,2594592626,1427256713
dimwishlist:item=3125454907&perks=1840239774,839105230,3643424744,3300816228,968510818,2594592626,1427256713
dimwishlist:item=3125454907&perks=689005463,3643424744,3300816228,968510818,2594592626,1427256713
dimwishlist:item=3125454907&perks=1840239774,3643424744,3300816228,968510818,2594592626,1427256713
dimwishlist:item=3125454907&perks=839105230,3643424744,3300816228,968510818,2594592626,1427256713
dimwishlist:item=3125454907&perks=3643424744,3300816228,968510818,2594592626,1427256713

// Loaded Question
//notes:S-Tier. variety of refill perks + standard high-impact damage perks, nothing else though. Origin: Problem Solver
dimwishlist:item=580961571&perks=3300816228,1427256713

// Loaded Question
//notes:S-Tier. variety of refill perks + standard high-impact damage perks, nothing else though. Origin: Problem Solver
dimwishlist:item=852069910&perks=1840239774,839105230,689005463,3643424744,3300816228,968510818,2594592626,1427256713,3454102905
dimwishlist:item=852069910&perks=1840239774,689005463,3643424744,3300816228,968510818,2594592626,1427256713,3454102905
dimwishlist:item=852069910&perks=839105230,689005463,3643424744,3300816228,968510818,2594592626,1427256713,3454102905
dimwishlist:item=852069910&perks=1840239774,839105230,3643424744,3300816228,968510818,2594592626,1427256713,3454102905
dimwishlist:item=852069910&perks=1840239774,839105230,689005463,3643424744,3300816228,968510818,2594592626,1427256713
dimwishlist:item=852069910&perks=689005463,3643424744,3300816228,968510818,2594592626,1427256713,3454102905
dimwishlist:item=852069910&perks=1840239774,3643424744,3300816228,968510818,2594592626,1427256713,3454102905
dimwishlist:item=852069910&perks=839105230,3643424744,3300816228,968510818,2594592626,1427256713,3454102905
dimwishlist:item=852069910&perks=1840239774,689005463,3643424744,3300816228,968510818,2594592626,1427256713
dimwishlist:item=852069910&perks=839105230,689005463,3643424744,3300816228,968510818,2594592626,1427256713
dimwishlist:item=852069910&perks=1840239774,839105230,3643424744,3300816228,968510818,2594592626,1427256713
dimwishlist:item=852069910&perks=3643424744,3300816228,968510818,2594592626,1427256713,3454102905
dimwishlist:item=852069910&perks=689005463,3643424744,3300816228,968510818,2594592626,1427256713
dimwishlist:item=852069910&perks=1840239774,3643424744,3300816228,968510818,2594592626,1427256713
dimwishlist:item=852069910&perks=839105230,3643424744,3300816228,968510818,2594592626,1427256713
dimwishlist:item=852069910&perks=3643424744,3300816228,968510818,2594592626,1427256713

// Perfect Paradox
//notes:S-Tier. BiS shotgun for most common shotgun use case. Origin: Cast No Shadows
dimwishlist:item=3393519051&perks=1300023272,106909392,2679249093,2360754333
dimwishlist:item=3393519051&perks=106909392,2679249093,2360754333
dimwishlist:item=3393519051&perks=1300023272,2679249093,2360754333
dimwishlist:item=3393519051&perks=2679249093,2360754333

// Perfect Paradox
//notes:S-Tier. BiS shotgun for most common shotgun use case. Origin: Cast No Shadows
dimwishlist:item=4108648762&perks=1300023272,106909392,691659142,1517798362,2289534249,2679249093,2360754333,1226351311,2838996248
dimwishlist:item=4108648762&perks=106909392,691659142,1517798362,2289534249,2679249093,2360754333,1226351311,2838996248
dimwishlist:item=4108648762&perks=1300023272,691659142,1517798362,2289534249,2679249093,2360754333,1226351311,2838996248
dimwishlist:item=4108648762&perks=1300023272,106909392,691659142,1517798362,2289534249,2679249093,2360754333,1226351311
dimwishlist:item=4108648762&perks=691659142,1517798362,2289534249,2679249093,2360754333,1226351311,2838996248
dimwishlist:item=4108648762&perks=106909392,691659142,1517798362,2289534249,2679249093,2360754333,1226351311
dimwishlist:item=4108648762&perks=1300023272,691659142,1517798362,2289534249,2679249093,2360754333,1226351311
dimwishlist:item=4108648762&perks=691659142,1517798362,2289534249,2679249093,2360754333,1226351311

// Perfect Paradox
//notes:S-Tier. BiS shotgun for most common shotgun use case. Origin: Cast No Shadows
dimwishlist:item=1298672084&perks=1300023272,106909392,691659142,2679249093,2360754333,2838996248
dimwishlist:item=1298672084&perks=106909392,691659142,2679249093,2360754333,2838996248
dimwishlist:item=1298672084&perks=1300023272,691659142,2679249093,2360754333,2838996248
dimwishlist:item=1298672084&perks=1300023272,106909392,691659142,2679249093,2360754333
dimwishlist:item=1298672084&perks=691659142,2679249093,2360754333,2838996248
dimwishlist:item=1298672084&perks=106909392,691659142,2679249093,2360754333
dimwishlist:item=1298672084&perks=1300023272,691659142,2679249093,2360754333
dimwishlist:item=1298672084&perks=691659142,2679249093,2360754333

// Heritage
//notes:S-Tier. highest burst shotgun in the game. Origin: Bray Inheritance
dimwishlist:item=4248569242&perks=1840239774,791862061,3201496230,1523832109,3523296417,469285294,3764420437,3751912585,766321425
dimwishlist:item=4248569242&perks=791862061,3201496230,1523832109,3523296417,469285294,3764420437,3751912585,766321425
dimwishlist:item=4248569242&perks=1840239774,3201496230,1523832109,3523296417,469285294,3764420437,3751912585,766321425
dimwishlist:item=4248569242&perks=1840239774,791862061,3201496230,1523832109,3523296417,469285294,3764420437,3751912585
dimwishlist:item=4248569242&perks=3201496230,1523832109,3523296417,469285294,3764420437,3751912585,766321425
dimwishlist:item=4248569242&perks=791862061,3201496230,1523832109,3523296417,469285294,3764420437,3751912585
dimwishlist:item=4248569242&perks=1840239774,3201496230,1523832109,3523296417,469285294,3764420437,3751912585
dimwishlist:item=4248569242&perks=3201496230,1523832109,3523296417,469285294,3764420437,3751912585

// Unvoiced
//notes:S-Tier. niche Redirection burst + total damage slug. Origin: Subjugation
dimwishlist:item=2213885190&perks=1840239774,791862061,3201496230,1354429876,3078487919,1546637391,1298135794
dimwishlist:item=2213885190&perks=791862061,3201496230,1354429876,3078487919,1546637391,1298135794
dimwishlist:item=2213885190&perks=1840239774,3201496230,1354429876,3078487919,1546637391,1298135794
dimwishlist:item=2213885190&perks=1840239774,791862061,3201496230,1354429876,3078487919,1546637391
dimwishlist:item=2213885190&perks=3201496230,1354429876,3078487919,1546637391,1298135794
dimwishlist:item=2213885190&perks=791862061,3201496230,1354429876,3078487919,1546637391
dimwishlist:item=2213885190&perks=1840239774,3201496230,1354429876,3078487919,1546637391
dimwishlist:item=2213885190&perks=3201496230,1354429876,3078487919,1546637391

// Unvoiced
//notes:S-Tier. niche Redirection burst + total damage slug. Origin: Subjugation
dimwishlist:item=3360937899&perks=1840239774,791862061,3201496230,1354429876,3078487919,1546637391,1298135794
dimwishlist:item=3360937899&perks=791862061,3201496230,1354429876,3078487919,1546637391,1298135794
dimwishlist:item=3360937899&perks=1840239774,3201496230,1354429876,3078487919,1546637391,1298135794
dimwishlist:item=3360937899&perks=1840239774,791862061,3201496230,1354429876,3078487919,1546637391
dimwishlist:item=3360937899&perks=3201496230,1354429876,3078487919,1546637391,1298135794
dimwishlist:item=3360937899&perks=791862061,3201496230,1354429876,3078487919,1546637391
dimwishlist:item=3360937899&perks=1840239774,3201496230,1354429876,3078487919,1546637391
dimwishlist:item=3360937899&perks=3201496230,1354429876,3078487919,1546637391

// Found Verdict
//notes:S-Tier. best Trench double damage spam aggressive. Origin: Timelost Magazine
dimwishlist:item=694500607&perks=1300023272,791862061,3764420437,3978468247,2360754333,1089671869,654512643,2589407652
dimwishlist:item=694500607&perks=791862061,3764420437,3978468247,2360754333,1089671869,654512643,2589407652
dimwishlist:item=694500607&perks=1300023272,3764420437,3978468247,2360754333,1089671869,654512643,2589407652
dimwishlist:item=694500607&perks=1300023272,791862061,3764420437,3978468247,2360754333,1089671869,654512643
dimwishlist:item=694500607&perks=3764420437,3978468247,2360754333,1089671869,654512643,2589407652
dimwishlist:item=694500607&perks=791862061,3764420437,3978468247,2360754333,1089671869,654512643
dimwishlist:item=694500607&perks=1300023272,3764420437,3978468247,2360754333,1089671869,654512643
dimwishlist:item=694500607&perks=3764420437,3978468247,2360754333,1089671869,654512643

// Found Verdict
//notes:S-Tier. best Trench double damage spam aggressive. Origin: Timelost Magazine
dimwishlist:item=851296754&perks=1300023272,791862061,3764420437,3978468247,2360754333,1089671869,654512643,2589407652
dimwishlist:item=851296754&perks=791862061,3764420437,3978468247,2360754333,1089671869,654512643,2589407652
dimwishlist:item=851296754&perks=1300023272,3764420437,3978468247,2360754333,1089671869,654512643,2589407652
dimwishlist:item=851296754&perks=1300023272,791862061,3764420437,3978468247,2360754333,1089671869,654512643
dimwishlist:item=851296754&perks=3764420437,3978468247,2360754333,1089671869,654512643,2589407652
dimwishlist:item=851296754&perks=791862061,3764420437,3978468247,2360754333,1089671869,654512643
dimwishlist:item=851296754&perks=1300023272,3764420437,3978468247,2360754333,1089671869,654512643
dimwishlist:item=851296754&perks=3764420437,3978468247,2360754333,1089671869,654512643

// Basso Ostinato
//notes:S-Tier. free damage on origin, best energy 12P option, Discord alternative. Origin: Nanotech Tracer Missiles
dimwishlist:item=2353274446&perks=1300023272,106909392,1631667848,3978468247,3523296417,2679249093,2048641572,2360754333,164468655
dimwishlist:item=2353274446&perks=106909392,1631667848,3978468247,3523296417,2679249093,2048641572,2360754333,164468655
dimwishlist:item=2353274446&perks=1300023272,1631667848,3978468247,3523296417,2679249093,2048641572,2360754333,164468655
dimwishlist:item=2353274446&perks=1300023272,106909392,1631667848,3978468247,3523296417,2679249093,2048641572,2360754333
dimwishlist:item=2353274446&perks=1631667848,3978468247,3523296417,2679249093,2048641572,2360754333,164468655
dimwishlist:item=2353274446&perks=106909392,1631667848,3978468247,3523296417,2679249093,2048641572,2360754333
dimwishlist:item=2353274446&perks=1300023272,1631667848,3978468247,3523296417,2679249093,2048641572,2360754333
dimwishlist:item=2353274446&perks=1631667848,3978468247,3523296417,2679249093,2048641572,2360754333

// Basso Ostinato
//notes:S-Tier. free damage on origin, best energy 12P option, Discord alternative. Origin: Nanotech Tracer Missiles
dimwishlist:item=2573900604&perks=1300023272,106909392,1631667848,2679249093,2048641572,2360754333,164468655
dimwishlist:item=2573900604&perks=106909392,1631667848,2679249093,2048641572,2360754333,164468655
dimwishlist:item=2573900604&perks=1300023272,1631667848,2679249093,2048641572,2360754333,164468655
dimwishlist:item=2573900604&perks=1300023272,106909392,1631667848,2679249093,2048641572,2360754333
dimwishlist:item=2573900604&perks=1631667848,2679249093,2048641572,2360754333,164468655
dimwishlist:item=2573900604&perks=106909392,1631667848,2679249093,2048641572,2360754333
dimwishlist:item=2573900604&perks=1300023272,1631667848,2679249093,2048641572,2360754333
dimwishlist:item=2573900604&perks=1631667848,2679249093,2048641572,2360754333

// One Small Step
//notes:S-Tier. Perfect Paradox alternative. Origin: Loss
dimwishlist:item=2527058296&perks=1300023272,106909392,1631667848,1556840489,2679249093,2360754333,993575936
dimwishlist:item=2527058296&perks=106909392,1631667848,1556840489,2679249093,2360754333,993575936
dimwishlist:item=2527058296&perks=1300023272,1631667848,1556840489,2679249093,2360754333,993575936
dimwishlist:item=2527058296&perks=1300023272,106909392,1631667848,1556840489,2679249093,2360754333
dimwishlist:item=2527058296&perks=1631667848,1556840489,2679249093,2360754333,993575936
dimwishlist:item=2527058296&perks=106909392,1631667848,1556840489,2679249093,2360754333
dimwishlist:item=2527058296&perks=1300023272,1631667848,1556840489,2679249093,2360754333
dimwishlist:item=2527058296&perks=1631667848,1556840489,2679249093,2360754333

// One Small Step
//notes:S-Tier. Perfect Paradox alternative. Origin: Loss
dimwishlist:item=1016668089&perks=1300023272,106909392,1631667848,1556840489,2679249093,2360754333
dimwishlist:item=1016668089&perks=106909392,1631667848,1556840489,2679249093,2360754333
dimwishlist:item=1016668089&perks=1300023272,1631667848,1556840489,2679249093,2360754333
dimwishlist:item=1016668089&perks=1631667848,1556840489,2679249093,2360754333

// Threat Level
//notes:S-Tier. BiS kinetic pellet dump and 1 mag melee-based damage. Origin: Elliptical Orbit
dimwishlist:item=950894542&perks=1300023272,106909392,1631667848,2679249093,3751912585,3640170453,2360754333,1089671869,642688932
dimwishlist:item=950894542&perks=106909392,1631667848,2679249093,3751912585,3640170453,2360754333,1089671869,642688932
dimwishlist:item=950894542&perks=1300023272,1631667848,2679249093,3751912585,3640170453,2360754333,1089671869,642688932
dimwishlist:item=950894542&perks=1300023272,106909392,1631667848,2679249093,3751912585,3640170453,2360754333,1089671869
dimwishlist:item=950894542&perks=1631667848,2679249093,3751912585,3640170453,2360754333,1089671869,642688932
dimwishlist:item=950894542&perks=106909392,1631667848,2679249093,3751912585,3640170453,2360754333,1089671869
dimwishlist:item=950894542&perks=1300023272,1631667848,2679249093,3751912585,3640170453,2360754333,1089671869
dimwishlist:item=950894542&perks=1631667848,2679249093,3751912585,3640170453,2360754333,1089671869

// Threat Level
//notes:S-Tier. BiS kinetic pellet dump and 1 mag melee-based damage. Origin: Elliptical Orbit
dimwishlist:item=1523151869&perks=1300023272,106909392,1631667848,2679249093,3751912585,3640170453,2360754333,1089671869,642688932
dimwishlist:item=1523151869&perks=106909392,1631667848,2679249093,3751912585,3640170453,2360754333,1089671869,642688932
dimwishlist:item=1523151869&perks=1300023272,1631667848,2679249093,3751912585,3640170453,2360754333,1089671869,642688932
dimwishlist:item=1523151869&perks=1300023272,106909392,1631667848,2679249093,3751912585,3640170453,2360754333,1089671869
dimwishlist:item=1523151869&perks=1631667848,2679249093,3751912585,3640170453,2360754333,1089671869,642688932
dimwishlist:item=1523151869&perks=106909392,1631667848,2679249093,3751912585,3640170453,2360754333,1089671869
dimwishlist:item=1523151869&perks=1300023272,1631667848,2679249093,3751912585,3640170453,2360754333,1089671869
dimwishlist:item=1523151869&perks=1631667848,2679249093,3751912585,3640170453,2360754333,1089671869

// Threat Level
//notes:S-Tier. BiS kinetic pellet dump and 1 mag melee-based damage. Origin: Elliptical Orbit
dimwishlist:item=1664372054&perks=1300023272,106909392,1631667848,2360754333
dimwishlist:item=1664372054&perks=106909392,1631667848,2360754333
dimwishlist:item=1664372054&perks=1300023272,1631667848,2360754333
dimwishlist:item=1664372054&perks=1631667848,2360754333

// IKELOS_SG_v1.0.3
//notes:S-Tier. excellent perks for 12P and roam. Origin: Rasputin's Arsenal
dimwishlist:item=1168625549&perks=1300023272,106909392,1631667848,4071163871,691659142,2679249093,3708227201,3751912585,566815328
dimwishlist:item=1168625549&perks=106909392,1631667848,4071163871,691659142,2679249093,3708227201,3751912585,566815328
dimwishlist:item=1168625549&perks=1300023272,1631667848,4071163871,691659142,2679249093,3708227201,3751912585,566815328
dimwishlist:item=1168625549&perks=1300023272,106909392,1631667848,4071163871,691659142,2679249093,3708227201,3751912585
dimwishlist:item=1168625549&perks=1631667848,4071163871,691659142,2679249093,3708227201,3751912585,566815328
dimwishlist:item=1168625549&perks=106909392,1631667848,4071163871,691659142,2679249093,3708227201,3751912585
dimwishlist:item=1168625549&perks=1300023272,1631667848,4071163871,691659142,2679249093,3708227201,3751912585
dimwishlist:item=1168625549&perks=1631667848,4071163871,691659142,2679249093,3708227201,3751912585

// Praedyth's Revenge
//notes:S-Tier. insane origin synergy with FTTC and BiS perks all around. Origin: Timelost Magazine
dimwishlist:item=2362652544&perks=1840239774,106909392,1354429876,3891536761,1089671869,3078487919,3824105627,2589407652
dimwishlist:item=2362652544&perks=106909392,1354429876,3891536761,1089671869,3078487919,3824105627,2589407652
dimwishlist:item=2362652544&perks=1840239774,1354429876,3891536761,1089671869,3078487919,3824105627,2589407652
dimwishlist:item=2362652544&perks=1840239774,106909392,1354429876,3891536761,1089671869,3078487919,3824105627
dimwishlist:item=2362652544&perks=1354429876,3891536761,1089671869,3078487919,3824105627,2589407652
dimwishlist:item=2362652544&perks=106909392,1354429876,3891536761,1089671869,3078487919,3824105627
dimwishlist:item=2362652544&perks=1840239774,1354429876,3891536761,1089671869,3078487919,3824105627
dimwishlist:item=2362652544&perks=1354429876,3891536761,1089671869,3078487919,3824105627

// Praedyth's Revenge
//notes:S-Tier. insane origin synergy with FTTC and BiS perks all around. Origin: Timelost Magazine
dimwishlist:item=1987769101&perks=1840239774,106909392,3824105627
dimwishlist:item=1987769101&perks=106909392,3824105627
dimwishlist:item=1987769101&perks=1840239774,3824105627
dimwishlist:item=1987769101&perks=3824105627

// Praedyth's Revenge
//notes:S-Tier. insane origin synergy with FTTC and BiS perks all around. Origin: Timelost Magazine
dimwishlist:item=3653573172&perks=1840239774,106909392,3824105627
dimwishlist:item=3653573172&perks=106909392,3824105627
dimwishlist:item=3653573172&perks=1840239774,3824105627
dimwishlist:item=3653573172&perks=3824105627

// Praedyth's Revenge
//notes:S-Tier. insane origin synergy with FTTC and BiS perks all around. Origin: Timelost Magazine
dimwishlist:item=3844610113&perks=1840239774,106909392,1354429876,3891536761,1089671869,3078487919,3824105627,2589407652
dimwishlist:item=3844610113&perks=106909392,1354429876,3891536761,1089671869,3078487919,3824105627,2589407652
dimwishlist:item=3844610113&perks=1840239774,1354429876,3891536761,1089671869,3078487919,3824105627,2589407652
dimwishlist:item=3844610113&perks=1840239774,106909392,1354429876,3891536761,1089671869,3078487919,3824105627
dimwishlist:item=3844610113&perks=1354429876,3891536761,1089671869,3078487919,3824105627,2589407652
dimwishlist:item=3844610113&perks=106909392,1354429876,3891536761,1089671869,3078487919,3824105627
dimwishlist:item=3844610113&perks=1840239774,1354429876,3891536761,1089671869,3078487919,3824105627
dimwishlist:item=3844610113&perks=1354429876,3891536761,1089671869,3078487919,3824105627

// Conspiracy Honed
//notes:S-Tier. double perk fast vent style burst sniper, no ammo gen perk though. Origin: Imperial Allegiance
dimwishlist:item=4062069077&perks=1840239774,807993149,1092016998,1546637391,3078487919,1164078247
dimwishlist:item=4062069077&perks=1840239774,807993149,1546637391,3078487919,1164078247
dimwishlist:item=4062069077&perks=807993149,1092016998,1546637391,3078487919,1164078247
dimwishlist:item=4062069077&perks=1840239774,1092016998,1546637391,3078487919,1164078247
dimwishlist:item=4062069077&perks=1840239774,807993149,1092016998,1546637391,3078487919
dimwishlist:item=4062069077&perks=807993149,1546637391,3078487919,1164078247
dimwishlist:item=4062069077&perks=1840239774,1546637391,3078487919,1164078247
dimwishlist:item=4062069077&perks=1092016998,1546637391,3078487919,1164078247
dimwishlist:item=4062069077&perks=1840239774,807993149,1546637391,3078487919
dimwishlist:item=4062069077&perks=807993149,1092016998,1546637391,3078487919
dimwishlist:item=4062069077&perks=1840239774,1092016998,1546637391,3078487919
dimwishlist:item=4062069077&perks=1546637391,3078487919,1164078247
dimwishlist:item=4062069077&perks=807993149,1546637391,3078487919
dimwishlist:item=4062069077&perks=1840239774,1546637391,3078487919
dimwishlist:item=4062069077&perks=1092016998,1546637391,3078487919
dimwishlist:item=4062069077&perks=1546637391,3078487919

// Lance Ephemeral
//notes:S-Tier. similar to Praedyth's but more burst-specialized, less applicable. Origin: Frame of Reference
dimwishlist:item=688593230&perks=1840239774,106909392,1354429876,3987942396,1556840489,3078487919,1089671869,3201496230,2597494435
dimwishlist:item=688593230&perks=106909392,1354429876,3987942396,1556840489,3078487919,1089671869,3201496230,2597494435
dimwishlist:item=688593230&perks=1840239774,1354429876,3987942396,1556840489,3078487919,1089671869,3201496230,2597494435
dimwishlist:item=688593230&perks=1840239774,106909392,1354429876,3987942396,1556840489,3078487919,1089671869,3201496230
dimwishlist:item=688593230&perks=1354429876,3987942396,1556840489,3078487919,1089671869,3201496230,2597494435
dimwishlist:item=688593230&perks=106909392,1354429876,3987942396,1556840489,3078487919,1089671869,3201496230
dimwishlist:item=688593230&perks=1840239774,1354429876,3987942396,1556840489,3078487919,1089671869,3201496230
dimwishlist:item=688593230&perks=1354429876,3987942396,1556840489,3078487919,1089671869,3201496230

// Rapid Growth
//notes:S-Tier. BiS energy dump sniper. Origin: Dream Work
dimwishlist:item=3448712083&perks=1840239774,106909392,1354429876,3764420437,654512643,1380061575
dimwishlist:item=3448712083&perks=106909392,1354429876,3764420437,654512643,1380061575
dimwishlist:item=3448712083&perks=1840239774,1354429876,3764420437,654512643,1380061575
dimwishlist:item=3448712083&perks=1840239774,106909392,1354429876,3764420437,654512643
dimwishlist:item=3448712083&perks=1354429876,3764420437,654512643,1380061575
dimwishlist:item=3448712083&perks=106909392,1354429876,3764420437,654512643
dimwishlist:item=3448712083&perks=1840239774,1354429876,3764420437,654512643
dimwishlist:item=3448712083&perks=1354429876,3764420437,654512643

// Rapid Growth
//notes:S-Tier. BiS energy dump sniper. Origin: Dream Work
dimwishlist:item=3856342856&perks=1840239774,106909392,1354429876,3764420437,654512643,1380061575
dimwishlist:item=3856342856&perks=106909392,1354429876,3764420437,654512643,1380061575
dimwishlist:item=3856342856&perks=1840239774,1354429876,3764420437,654512643,1380061575
dimwishlist:item=3856342856&perks=1840239774,106909392,1354429876,3764420437,654512643
dimwishlist:item=3856342856&perks=1354429876,3764420437,654512643,1380061575
dimwishlist:item=3856342856&perks=106909392,1354429876,3764420437,654512643
dimwishlist:item=3856342856&perks=1840239774,1354429876,3764420437,654512643
dimwishlist:item=3856342856&perks=1354429876,3764420437,654512643

// Omniscient Eye
//notes:S-Tier. solar alternative to Rapid Growth. Origin: Photoinhibition
dimwishlist:item=147444292&perks=1840239774,106909392,1354429876,3987942396,1089671869,555281244,511914882
dimwishlist:item=147444292&perks=106909392,1354429876,3987942396,1089671869,555281244,511914882
dimwishlist:item=147444292&perks=1840239774,1354429876,3987942396,1089671869,555281244,511914882
dimwishlist:item=147444292&perks=1840239774,106909392,1354429876,3987942396,1089671869,555281244
dimwishlist:item=147444292&perks=1354429876,3987942396,1089671869,555281244,511914882
dimwishlist:item=147444292&perks=106909392,1354429876,3987942396,1089671869,555281244
dimwishlist:item=147444292&perks=1840239774,1354429876,3987942396,1089671869,555281244
dimwishlist:item=147444292&perks=1354429876,3987942396,1089671869,555281244

// Something Something
//notes:S-Tier. better than Succession due to Accelerated Assault. Origin: Accelerated Assault
dimwishlist:item=3421075982&perks=1840239774,2420895100,3400784728,3978468247,1089671869,1226351311,3252937884
dimwishlist:item=3421075982&perks=2420895100,3400784728,3978468247,1089671869,1226351311,3252937884
dimwishlist:item=3421075982&perks=1840239774,3400784728,3978468247,1089671869,1226351311,3252937884
dimwishlist:item=3421075982&perks=3400784728,3978468247,1089671869,1226351311,3252937884

// Something Something
//notes:S-Tier. better than Succession due to Accelerated Assault. Origin: Accelerated Assault
dimwishlist:item=690412397&perks=1840239774,2420895100,3400784728,3978468247,1089671869,1226351311,3252937884,3713579091
dimwishlist:item=690412397&perks=2420895100,3400784728,3978468247,1089671869,1226351311,3252937884,3713579091
dimwishlist:item=690412397&perks=1840239774,3400784728,3978468247,1089671869,1226351311,3252937884,3713579091
dimwishlist:item=690412397&perks=1840239774,2420895100,3400784728,3978468247,1089671869,1226351311,3252937884
dimwishlist:item=690412397&perks=3400784728,3978468247,1089671869,1226351311,3252937884,3713579091
dimwishlist:item=690412397&perks=2420895100,3400784728,3978468247,1089671869,1226351311,3252937884
dimwishlist:item=690412397&perks=1840239774,3400784728,3978468247,1089671869,1226351311,3252937884
dimwishlist:item=690412397&perks=3400784728,3978468247,1089671869,1226351311,3252937884

// The Helmsman
//notes:NEED TESTING. Origin: Accelerated Assault
dimwishlist:item=2325078119&perks=1840239774,2420895100,3038247973,3978468247,1089671869,654512643
dimwishlist:item=2325078119&perks=2420895100,3038247973,3978468247,1089671869,654512643
dimwishlist:item=2325078119&perks=1840239774,3038247973,3978468247,1089671869,654512643
dimwishlist:item=2325078119&perks=3038247973,3978468247,1089671869,654512643

// The Helmsman
//notes:NEED TESTING. Origin: Accelerated Assault
dimwishlist:item=3215649176&perks=1840239774,2420895100,3038247973,3978468247,1089671869,654512643,2697390518
dimwishlist:item=3215649176&perks=2420895100,3038247973,3978468247,1089671869,654512643,2697390518
dimwishlist:item=3215649176&perks=1840239774,3038247973,3978468247,1089671869,654512643,2697390518
dimwishlist:item=3215649176&perks=1840239774,2420895100,3038247973,3978468247,1089671869,654512643
dimwishlist:item=3215649176&perks=3038247973,3978468247,1089671869,654512643,2697390518
dimwishlist:item=3215649176&perks=2420895100,3038247973,3978468247,1089671869,654512643
dimwishlist:item=3215649176&perks=1840239774,3038247973,3978468247,1089671869,654512643
dimwishlist:item=3215649176&perks=3038247973,3978468247,1089671869,654512643

// Lotus-Eater
//notes:S-Tier. best elemental perk combo, some other utility options as well. Origin: Vanguard Determination
dimwishlist:item=2697143634&perks=3525010810,1478423395,3230963543,776531651,2048641572,1134488199
dimwishlist:item=2697143634&perks=3525010810,3230963543,776531651,2048641572,1134488199
dimwishlist:item=2697143634&perks=1478423395,3230963543,776531651,2048641572,1134488199
dimwishlist:item=2697143634&perks=3525010810,1478423395,776531651,2048641572,1134488199
dimwishlist:item=2697143634&perks=3230963543,776531651,2048641572,1134488199
dimwishlist:item=2697143634&perks=3525010810,776531651,2048641572,1134488199
dimwishlist:item=2697143634&perks=1478423395,776531651,2048641572,1134488199
dimwishlist:item=2697143634&perks=776531651,2048641572,1134488199

// Lotus-Eater
//notes:S-Tier. best elemental perk combo, some other utility options as well. Origin: Vanguard Determination
dimwishlist:item=3922217119&perks=3525010810,1478423395,3230963543,776531651,2048641572,1134488199
dimwishlist:item=3922217119&perks=3525010810,3230963543,776531651,2048641572,1134488199
dimwishlist:item=3922217119&perks=1478423395,3230963543,776531651,2048641572,1134488199
dimwishlist:item=3922217119&perks=3525010810,1478423395,776531651,2048641572,1134488199
dimwishlist:item=3922217119&perks=3230963543,776531651,2048641572,1134488199
dimwishlist:item=3922217119&perks=3525010810,776531651,2048641572,1134488199
dimwishlist:item=3922217119&perks=1478423395,776531651,2048641572,1134488199
dimwishlist:item=3922217119&perks=776531651,2048641572,1134488199

// Lotus-Eater
//notes:S-Tier. best elemental perk combo, some other utility options as well. Origin: Vanguard Determination
dimwishlist:item=837298567&perks=3525010810,1478423395,3230963543,776531651,3182497402,1421772400,2048641572,1134488199,3708227201,3846229553
dimwishlist:item=837298567&perks=3525010810,3230963543,776531651,3182497402,1421772400,2048641572,1134488199,3708227201,3846229553
dimwishlist:item=837298567&perks=1478423395,3230963543,776531651,3182497402,1421772400,2048641572,1134488199,3708227201,3846229553
dimwishlist:item=837298567&perks=3525010810,1478423395,776531651,3182497402,1421772400,2048641572,1134488199,3708227201,3846229553
dimwishlist:item=837298567&perks=3525010810,1478423395,3230963543,776531651,3182497402,1421772400,2048641572,1134488199,3708227201
dimwishlist:item=837298567&perks=3230963543,776531651,3182497402,1421772400,2048641572,1134488199,3708227201,3846229553
dimwishlist:item=837298567&perks=3525010810,776531651,3182497402,1421772400,2048641572,1134488199,3708227201,3846229553
dimwishlist:item=837298567&perks=1478423395,776531651,3182497402,1421772400,2048641572,1134488199,3708227201,3846229553
dimwishlist:item=837298567&perks=3525010810,3230963543,776531651,3182497402,1421772400,2048641572,1134488199,3708227201
dimwishlist:item=837298567&perks=1478423395,3230963543,776531651,3182497402,1421772400,2048641572,1134488199,3708227201
dimwishlist:item=837298567&perks=3525010810,1478423395,776531651,3182497402,1421772400,2048641572,1134488199,3708227201
dimwishlist:item=837298567&perks=776531651,3182497402,1421772400,2048641572,1134488199,3708227201,3846229553
dimwishlist:item=837298567&perks=3230963543,776531651,3182497402,1421772400,2048641572,1134488199,3708227201
dimwishlist:item=837298567&perks=3525010810,776531651,3182497402,1421772400,2048641572,1134488199,3708227201
dimwishlist:item=837298567&perks=1478423395,776531651,3182497402,1421772400,2048641572,1134488199,3708227201
dimwishlist:item=837298567&perks=776531651,3182497402,1421772400,2048641572,1134488199,3708227201

// Lotus-Eater
//notes:S-Tier. best elemental perk combo, some other utility options as well. Origin: Vanguard Determination
dimwishlist:item=924095500&perks=3525010810,1478423395,3230963543,776531651,3182497402,1421772400,2048641572,1134488199,3708227201,3846229553
dimwishlist:item=924095500&perks=3525010810,3230963543,776531651,3182497402,1421772400,2048641572,1134488199,3708227201,3846229553
dimwishlist:item=924095500&perks=1478423395,3230963543,776531651,3182497402,1421772400,2048641572,1134488199,3708227201,3846229553
dimwishlist:item=924095500&perks=3525010810,1478423395,776531651,3182497402,1421772400,2048641572,1134488199,3708227201,3846229553
dimwishlist:item=924095500&perks=3525010810,1478423395,3230963543,776531651,3182497402,1421772400,2048641572,1134488199,3708227201
dimwishlist:item=924095500&perks=3230963543,776531651,3182497402,1421772400,2048641572,1134488199,3708227201,3846229553
dimwishlist:item=924095500&perks=3525010810,776531651,3182497402,1421772400,2048641572,1134488199,3708227201,3846229553
dimwishlist:item=924095500&perks=1478423395,776531651,3182497402,1421772400,2048641572,1134488199,3708227201,3846229553
dimwishlist:item=924095500&perks=3525010810,3230963543,776531651,3182497402,1421772400,2048641572,1134488199,3708227201
dimwishlist:item=924095500&perks=1478423395,3230963543,776531651,3182497402,1421772400,2048641572,1134488199,3708227201
dimwishlist:item=924095500&perks=3525010810,1478423395,776531651,3182497402,1421772400,2048641572,1134488199,3708227201
dimwishlist:item=924095500&perks=776531651,3182497402,1421772400,2048641572,1134488199,3708227201,3846229553
dimwishlist:item=924095500&perks=3230963543,776531651,3182497402,1421772400,2048641572,1134488199,3708227201
dimwishlist:item=924095500&perks=3525010810,776531651,3182497402,1421772400,2048641572,1134488199,3708227201
dimwishlist:item=924095500&perks=1478423395,776531651,3182497402,1421772400,2048641572,1134488199,3708227201
dimwishlist:item=924095500&perks=776531651,3182497402,1421772400,2048641572,1134488199,3708227201

// Returned Memory
//notes:S-Tier. excellent perks all around with solid origin. Origin: Tenacity
dimwishlist:item=4049127142&perks=3525010810,1478423395,106909392,1380253176,3230963543,3017780555,1556840489,2360347339,4293542123,3201496230,2109543898,3911709647
dimwishlist:item=4049127142&perks=3525010810,1478423395,106909392,1380253176,3017780555,1556840489,2360347339,4293542123,3201496230,2109543898,3911709647
dimwishlist:item=4049127142&perks=3525010810,1478423395,106909392,3230963543,3017780555,1556840489,2360347339,4293542123,3201496230,2109543898,3911709647
dimwishlist:item=4049127142&perks=3525010810,1478423395,1380253176,3230963543,3017780555,1556840489,2360347339,4293542123,3201496230,2109543898,3911709647
dimwishlist:item=4049127142&perks=3525010810,106909392,1380253176,3017780555,1556840489,2360347339,4293542123,3201496230,2109543898,3911709647
dimwishlist:item=4049127142&perks=3525010810,1478423395,106909392,3017780555,1556840489,2360347339,4293542123,3201496230,2109543898,3911709647
dimwishlist:item=4049127142&perks=3525010810,106909392,3230963543,3017780555,1556840489,2360347339,4293542123,3201496230,2109543898,3911709647
dimwishlist:item=4049127142&perks=1478423395,106909392,1380253176,3017780555,1556840489,2360347339,4293542123,3201496230,2109543898,3911709647
dimwishlist:item=4049127142&perks=3525010810,1478423395,1380253176,3017780555,1556840489,2360347339,4293542123,3201496230,2109543898,3911709647
dimwishlist:item=4049127142&perks=3525010810,1380253176,3230963543,3017780555,1556840489,2360347339,4293542123,3201496230,2109543898,3911709647
dimwishlist:item=4049127142&perks=1478423395,106909392,3230963543,3017780555,1556840489,2360347339,4293542123,3201496230,2109543898,3911709647
dimwishlist:item=4049127142&perks=3525010810,1478423395,3230963543,3017780555,1556840489,2360347339,4293542123,3201496230,2109543898,3911709647
dimwishlist:item=4049127142&perks=1478423395,1380253176,3230963543,3017780555,1556840489,2360347339,4293542123,3201496230,2109543898,3911709647
dimwishlist:item=4049127142&perks=3525010810,1478423395,106909392,1380253176,3017780555,1556840489,2360347339,4293542123,3201496230,2109543898
dimwishlist:item=4049127142&perks=3525010810,1478423395,106909392,3230963543,3017780555,1556840489,2360347339,4293542123,3201496230,2109543898
dimwishlist:item=4049127142&perks=3525010810,1478423395,1380253176,3230963543,3017780555,1556840489,2360347339,4293542123,3201496230,2109543898
dimwishlist:item=4049127142&perks=3525010810,106909392,3017780555,1556840489,2360347339,4293542123,3201496230,2109543898,3911709647
dimwishlist:item=4049127142&perks=106909392,1380253176,3017780555,1556840489,2360347339,4293542123,3201496230,2109543898,3911709647
dimwishlist:item=4049127142&perks=3525010810,1380253176,3017780555,1556840489,2360347339,4293542123,3201496230,2109543898,3911709647
dimwishlist:item=4049127142&perks=1478423395,106909392,3017780555,1556840489,2360347339,4293542123,3201496230,2109543898,3911709647
dimwishlist:item=4049127142&perks=3525010810,1478423395,3017780555,1556840489,2360347339,4293542123,3201496230,2109543898,3911709647
dimwishlist:item=4049127142&perks=106909392,3230963543,3017780555,1556840489,2360347339,4293542123,3201496230,2109543898,3911709647
dimwishlist:item=4049127142&perks=3525010810,3230963543,3017780555,1556840489,2360347339,4293542123,3201496230,2109543898,3911709647
dimwishlist:item=4049127142&perks=1478423395,1380253176,3017780555,1556840489,2360347339,4293542123,3201496230,2109543898,3911709647
dimwishlist:item=4049127142&perks=1380253176,3230963543,3017780555,1556840489,2360347339,4293542123,3201496230,2109543898,3911709647
dimwishlist:item=4049127142&perks=1478423395,3230963543,3017780555,1556840489,2360347339,4293542123,3201496230,2109543898,3911709647
dimwishlist:item=4049127142&perks=3525010810,106909392,1380253176,3017780555,1556840489,2360347339,4293542123,3201496230,2109543898
dimwishlist:item=4049127142&perks=3525010810,1478423395,106909392,3017780555,1556840489,2360347339,4293542123,3201496230,2109543898
dimwishlist:item=4049127142&perks=3525010810,106909392,3230963543,3017780555,1556840489,2360347339,4293542123,3201496230,2109543898
dimwishlist:item=4049127142&perks=1478423395,106909392,1380253176,3017780555,1556840489,2360347339,4293542123,3201496230,2109543898
dimwishlist:item=4049127142&perks=3525010810,1478423395,1380253176,3017780555,1556840489,2360347339,4293542123,3201496230,2109543898
dimwishlist:item=4049127142&perks=3525010810,1380253176,3230963543,3017780555,1556840489,2360347339,4293542123,3201496230,2109543898
dimwishlist:item=4049127142&perks=1478423395,106909392,3230963543,3017780555,1556840489,2360347339,4293542123,3201496230,2109543898
dimwishlist:item=4049127142&perks=3525010810,1478423395,3230963543,3017780555,1556840489,2360347339,4293542123,3201496230,2109543898
dimwishlist:item=4049127142&perks=1478423395,1380253176,3230963543,3017780555,1556840489,2360347339,4293542123,3201496230,2109543898
dimwishlist:item=4049127142&perks=106909392,3017780555,1556840489,2360347339,4293542123,3201496230,2109543898,3911709647
dimwishlist:item=4049127142&perks=3525010810,3017780555,1556840489,2360347339,4293542123,3201496230,2109543898,3911709647
dimwishlist:item=4049127142&perks=1380253176,3017780555,1556840489,2360347339,4293542123,3201496230,2109543898,3911709647
dimwishlist:item=4049127142&perks=1478423395,3017780555,1556840489,2360347339,4293542123,3201496230,2109543898,3911709647
dimwishlist:item=4049127142&perks=3230963543,3017780555,1556840489,2360347339,4293542123,3201496230,2109543898,3911709647
dimwishlist:item=4049127142&perks=3525010810,106909392,3017780555,1556840489,2360347339,4293542123,3201496230,2109543898
dimwishlist:item=4049127142&perks=106909392,1380253176,3017780555,1556840489,2360347339,4293542123,3201496230,2109543898
dimwishlist:item=4049127142&perks=3525010810,1380253176,3017780555,1556840489,2360347339,4293542123,3201496230,2109543898
dimwishlist:item=4049127142&perks=1478423395,106909392,3017780555,1556840489,2360347339,4293542123,3201496230,2109543898
dimwishlist:item=4049127142&perks=3525010810,1478423395,3017780555,1556840489,2360347339,4293542123,3201496230,2109543898
dimwishlist:item=4049127142&perks=106909392,3230963543,3017780555,1556840489,2360347339,4293542123,3201496230,2109543898
dimwishlist:item=4049127142&perks=3525010810,3230963543,3017780555,1556840489,2360347339,4293542123,3201496230,2109543898
dimwishlist:item=4049127142&perks=1478423395,1380253176,3017780555,1556840489,2360347339,4293542123,3201496230,2109543898
dimwishlist:item=4049127142&perks=1380253176,3230963543,3017780555,1556840489,2360347339,4293542123,3201496230,2109543898
dimwishlist:item=4049127142&perks=1478423395,3230963543,3017780555,1556840489,2360347339,4293542123,3201496230,2109543898
dimwishlist:item=4049127142&perks=3017780555,1556840489,2360347339,4293542123,3201496230,2109543898,3911709647
dimwishlist:item=4049127142&perks=106909392,3017780555,1556840489,2360347339,4293542123,3201496230,2109543898
dimwishlist:item=4049127142&perks=3525010810,3017780555,1556840489,2360347339,4293542123,3201496230,2109543898
dimwishlist:item=4049127142&perks=1380253176,3017780555,1556840489,2360347339,4293542123,3201496230,2109543898
dimwishlist:item=4049127142&perks=1478423395,3017780555,1556840489,2360347339,4293542123,3201496230,2109543898
dimwishlist:item=4049127142&perks=3230963543,3017780555,1556840489,2360347339,4293542123,3201496230,2109543898
dimwishlist:item=4049127142&perks=3017780555,1556840489,2360347339,4293542123,3201496230,2109543898

// High Albedo
//notes:S-Tier. Ancillary Ordinance also good, very solid perk spread. Origin: Winterized Gear
dimwishlist:item=2662459958&perks=3525010810,1478423395,106909392,1556840489,1517798362,1017229899,3891536761,1226351311,469285294,1588586136
dimwishlist:item=2662459958&perks=3525010810,106909392,1556840489,1517798362,1017229899,3891536761,1226351311,469285294,1588586136
dimwishlist:item=2662459958&perks=1478423395,106909392,1556840489,1517798362,1017229899,3891536761,1226351311,469285294,1588586136
dimwishlist:item=2662459958&perks=3525010810,1478423395,1556840489,1517798362,1017229899,3891536761,1226351311,469285294,1588586136
dimwishlist:item=2662459958&perks=3525010810,1478423395,106909392,1556840489,1517798362,1017229899,3891536761,1226351311,469285294
dimwishlist:item=2662459958&perks=106909392,1556840489,1517798362,1017229899,3891536761,1226351311,469285294,1588586136
dimwishlist:item=2662459958&perks=3525010810,1556840489,1517798362,1017229899,3891536761,1226351311,469285294,1588586136
dimwishlist:item=2662459958&perks=1478423395,1556840489,1517798362,1017229899,3891536761,1226351311,469285294,1588586136
dimwishlist:item=2662459958&perks=3525010810,106909392,1556840489,1517798362,1017229899,3891536761,1226351311,469285294
dimwishlist:item=2662459958&perks=1478423395,106909392,1556840489,1517798362,1017229899,3891536761,1226351311,469285294
dimwishlist:item=2662459958&perks=3525010810,1478423395,1556840489,1517798362,1017229899,3891536761,1226351311,469285294
dimwishlist:item=2662459958&perks=1556840489,1517798362,1017229899,3891536761,1226351311,469285294,1588586136
dimwishlist:item=2662459958&perks=106909392,1556840489,1517798362,1017229899,3891536761,1226351311,469285294
dimwishlist:item=2662459958&perks=3525010810,1556840489,1517798362,1017229899,3891536761,1226351311,469285294
dimwishlist:item=2662459958&perks=1478423395,1556840489,1517798362,1017229899,3891536761,1226351311,469285294
dimwishlist:item=2662459958&perks=1556840489,1517798362,1017229899,3891536761,1226351311,469285294

// Aberrant Action
//notes:S-Tier. better origin than Returned but worse alternative perks. Origin: Radiolaria Transposer
dimwishlist:item=2198166292&perks=3525010810,1478423395,1380253176,3017780555,2869569095,4293542123,3523296417,253121539
dimwishlist:item=2198166292&perks=3525010810,1380253176,3017780555,2869569095,4293542123,3523296417,253121539
dimwishlist:item=2198166292&perks=1478423395,1380253176,3017780555,2869569095,4293542123,3523296417,253121539
dimwishlist:item=2198166292&perks=3525010810,1478423395,3017780555,2869569095,4293542123,3523296417,253121539
dimwishlist:item=2198166292&perks=3525010810,1478423395,1380253176,3017780555,2869569095,4293542123,3523296417
dimwishlist:item=2198166292&perks=1380253176,3017780555,2869569095,4293542123,3523296417,253121539
dimwishlist:item=2198166292&perks=3525010810,3017780555,2869569095,4293542123,3523296417,253121539
dimwishlist:item=2198166292&perks=1478423395,3017780555,2869569095,4293542123,3523296417,253121539
dimwishlist:item=2198166292&perks=3525010810,1380253176,3017780555,2869569095,4293542123,3523296417
dimwishlist:item=2198166292&perks=1478423395,1380253176,3017780555,2869569095,4293542123,3523296417
dimwishlist:item=2198166292&perks=3525010810,1478423395,3017780555,2869569095,4293542123,3523296417
dimwishlist:item=2198166292&perks=3017780555,2869569095,4293542123,3523296417,253121539
dimwishlist:item=2198166292&perks=1380253176,3017780555,2869569095,4293542123,3523296417
dimwishlist:item=2198166292&perks=3525010810,3017780555,2869569095,4293542123,3523296417
dimwishlist:item=2198166292&perks=1478423395,3017780555,2869569095,4293542123,3523296417
dimwishlist:item=2198166292&perks=3017780555,2869569095,4293542123,3523296417

// The Call
//notes:S-Tier. only Slice rocket sidearm, good origin and utility perks. Origin: Dealer's Choice
dimwishlist:item=3947966653&perks=3525010810,1478423395,106909392,923806249,1556840489,951095735,3640170453,831391274,1988485648
dimwishlist:item=3947966653&perks=3525010810,106909392,923806249,1556840489,951095735,3640170453,831391274,1988485648
dimwishlist:item=3947966653&perks=1478423395,106909392,923806249,1556840489,951095735,3640170453,831391274,1988485648
dimwishlist:item=3947966653&perks=3525010810,1478423395,923806249,1556840489,951095735,3640170453,831391274,1988485648
dimwishlist:item=3947966653&perks=3525010810,1478423395,106909392,923806249,1556840489,951095735,3640170453,831391274
dimwishlist:item=3947966653&perks=106909392,923806249,1556840489,951095735,3640170453,831391274,1988485648
dimwishlist:item=3947966653&perks=3525010810,923806249,1556840489,951095735,3640170453,831391274,1988485648
dimwishlist:item=3947966653&perks=1478423395,923806249,1556840489,951095735,3640170453,831391274,1988485648
dimwishlist:item=3947966653&perks=3525010810,106909392,923806249,1556840489,951095735,3640170453,831391274
dimwishlist:item=3947966653&perks=1478423395,106909392,923806249,1556840489,951095735,3640170453,831391274
dimwishlist:item=3947966653&perks=3525010810,1478423395,923806249,1556840489,951095735,3640170453,831391274
dimwishlist:item=3947966653&perks=923806249,1556840489,951095735,3640170453,831391274,1988485648
dimwishlist:item=3947966653&perks=106909392,923806249,1556840489,951095735,3640170453,831391274
dimwishlist:item=3947966653&perks=3525010810,923806249,1556840489,951095735,3640170453,831391274
dimwishlist:item=3947966653&perks=1478423395,923806249,1556840489,951095735,3640170453,831391274
dimwishlist:item=3947966653&perks=923806249,1556840489,951095735,3640170453,831391274

// Tinasha's Mastery
//notes:S-Tier. great ammo generator, solid perks and decent origin. Origin: Skulking Wolf
dimwishlist:item=247984828&perks=3525010810,1478423395,1380253176,1421772400,951095735,1119449540,2978966579,3708227201,2109543898,3989629871
dimwishlist:item=247984828&perks=3525010810,1380253176,1421772400,951095735,1119449540,2978966579,3708227201,2109543898,3989629871
dimwishlist:item=247984828&perks=1478423395,1380253176,1421772400,951095735,1119449540,2978966579,3708227201,2109543898,3989629871
dimwishlist:item=247984828&perks=3525010810,1478423395,1421772400,951095735,1119449540,2978966579,3708227201,2109543898,3989629871
dimwishlist:item=247984828&perks=3525010810,1478423395,1380253176,1421772400,951095735,1119449540,2978966579,3708227201,2109543898
dimwishlist:item=247984828&perks=1380253176,1421772400,951095735,1119449540,2978966579,3708227201,2109543898,3989629871
dimwishlist:item=247984828&perks=3525010810,1421772400,951095735,1119449540,2978966579,3708227201,2109543898,3989629871
dimwishlist:item=247984828&perks=1478423395,1421772400,951095735,1119449540,2978966579,3708227201,2109543898,3989629871
dimwishlist:item=247984828&perks=3525010810,1380253176,1421772400,951095735,1119449540,2978966579,3708227201,2109543898
dimwishlist:item=247984828&perks=1478423395,1380253176,1421772400,951095735,1119449540,2978966579,3708227201,2109543898
dimwishlist:item=247984828&perks=3525010810,1478423395,1421772400,951095735,1119449540,2978966579,3708227201,2109543898
dimwishlist:item=247984828&perks=1421772400,951095735,1119449540,2978966579,3708227201,2109543898,3989629871
dimwishlist:item=247984828&perks=1380253176,1421772400,951095735,1119449540,2978966579,3708227201,2109543898
dimwishlist:item=247984828&perks=3525010810,1421772400,951095735,1119449540,2978966579,3708227201,2109543898
dimwishlist:item=247984828&perks=1478423395,1421772400,951095735,1119449540,2978966579,3708227201,2109543898
dimwishlist:item=247984828&perks=1421772400,951095735,1119449540,2978966579,3708227201,2109543898

// Tinasha's Mastery
//notes:S-Tier. great ammo generator, solid perks and decent origin. Origin: Skulking Wolf
dimwishlist:item=480368036&perks=3525010810,1478423395,1380253176,1421772400,951095735,1119449540,2978966579,3708227201,2109543898,3989629871
dimwishlist:item=480368036&perks=3525010810,1380253176,1421772400,951095735,1119449540,2978966579,3708227201,2109543898,3989629871
dimwishlist:item=480368036&perks=1478423395,1380253176,1421772400,951095735,1119449540,2978966579,3708227201,2109543898,3989629871
dimwishlist:item=480368036&perks=3525010810,1478423395,1421772400,951095735,1119449540,2978966579,3708227201,2109543898,3989629871
dimwishlist:item=480368036&perks=3525010810,1478423395,1380253176,1421772400,951095735,1119449540,2978966579,3708227201,2109543898
dimwishlist:item=480368036&perks=1380253176,1421772400,951095735,1119449540,2978966579,3708227201,2109543898,3989629871
dimwishlist:item=480368036&perks=3525010810,1421772400,951095735,1119449540,2978966579,3708227201,2109543898,3989629871
dimwishlist:item=480368036&perks=1478423395,1421772400,951095735,1119449540,2978966579,3708227201,2109543898,3989629871
dimwishlist:item=480368036&perks=3525010810,1380253176,1421772400,951095735,1119449540,2978966579,3708227201,2109543898
dimwishlist:item=480368036&perks=1478423395,1380253176,1421772400,951095735,1119449540,2978966579,3708227201,2109543898
dimwishlist:item=480368036&perks=3525010810,1478423395,1421772400,951095735,1119449540,2978966579,3708227201,2109543898
dimwishlist:item=480368036&perks=1421772400,951095735,1119449540,2978966579,3708227201,2109543898,3989629871
dimwishlist:item=480368036&perks=1380253176,1421772400,951095735,1119449540,2978966579,3708227201,2109543898
dimwishlist:item=480368036&perks=3525010810,1421772400,951095735,1119449540,2978966579,3708227201,2109543898
dimwishlist:item=480368036&perks=1478423395,1421772400,951095735,1119449540,2978966579,3708227201,2109543898
dimwishlist:item=480368036&perks=1421772400,951095735,1119449540,2978966579,3708227201,2109543898

// Indebted Kindness
//notes:S-Tier. good Voltshot user, Lead also appreciated, situational origin. Origin: Sundering
dimwishlist:item=2554513694&perks=3525010810,1478423395,1380253176,1421772400,2859149211,3993379141,2173046394,2396489472,654512643,220689851
dimwishlist:item=2554513694&perks=3525010810,1380253176,1421772400,2859149211,3993379141,2173046394,2396489472,654512643,220689851
dimwishlist:item=2554513694&perks=1478423395,1380253176,1421772400,2859149211,3993379141,2173046394,2396489472,654512643,220689851
dimwishlist:item=2554513694&perks=3525010810,1478423395,1421772400,2859149211,3993379141,2173046394,2396489472,654512643,220689851
dimwishlist:item=2554513694&perks=3525010810,1478423395,1380253176,1421772400,2859149211,3993379141,2173046394,2396489472,654512643
dimwishlist:item=2554513694&perks=1380253176,1421772400,2859149211,3993379141,2173046394,2396489472,654512643,220689851
dimwishlist:item=2554513694&perks=3525010810,1421772400,2859149211,3993379141,2173046394,2396489472,654512643,220689851
dimwishlist:item=2554513694&perks=1478423395,1421772400,2859149211,3993379141,2173046394,2396489472,654512643,220689851
dimwishlist:item=2554513694&perks=3525010810,1380253176,1421772400,2859149211,3993379141,2173046394,2396489472,654512643
dimwishlist:item=2554513694&perks=1478423395,1380253176,1421772400,2859149211,3993379141,2173046394,2396489472,654512643
dimwishlist:item=2554513694&perks=3525010810,1478423395,1421772400,2859149211,3993379141,2173046394,2396489472,654512643
dimwishlist:item=2554513694&perks=1421772400,2859149211,3993379141,2173046394,2396489472,654512643,220689851
dimwishlist:item=2554513694&perks=1380253176,1421772400,2859149211,3993379141,2173046394,2396489472,654512643
dimwishlist:item=2554513694&perks=3525010810,1421772400,2859149211,3993379141,2173046394,2396489472,654512643
dimwishlist:item=2554513694&perks=1478423395,1421772400,2859149211,3993379141,2173046394,2396489472,654512643
dimwishlist:item=2554513694&perks=1421772400,2859149211,3993379141,2173046394,2396489472,654512643

// Indebted Kindness
//notes:S-Tier. good Voltshot user, Lead also appreciated, situational origin. Origin: Sundering
dimwishlist:item=3381450498&perks=3525010810,1478423395,1380253176,2859149211,3993379141,2173046394,220689851
dimwishlist:item=3381450498&perks=3525010810,1380253176,2859149211,3993379141,2173046394,220689851
dimwishlist:item=3381450498&perks=1478423395,1380253176,2859149211,3993379141,2173046394,220689851
dimwishlist:item=3381450498&perks=3525010810,1478423395,2859149211,3993379141,2173046394,220689851
dimwishlist:item=3381450498&perks=3525010810,1478423395,1380253176,2859149211,3993379141,2173046394
dimwishlist:item=3381450498&perks=1380253176,2859149211,3993379141,2173046394,220689851
dimwishlist:item=3381450498&perks=3525010810,2859149211,3993379141,2173046394,220689851
dimwishlist:item=3381450498&perks=1478423395,2859149211,3993379141,2173046394,220689851
dimwishlist:item=3381450498&perks=3525010810,1380253176,2859149211,3993379141,2173046394
dimwishlist:item=3381450498&perks=1478423395,1380253176,2859149211,3993379141,2173046394
dimwishlist:item=3381450498&perks=3525010810,1478423395,2859149211,3993379141,2173046394
dimwishlist:item=3381450498&perks=2859149211,3993379141,2173046394,220689851
dimwishlist:item=3381450498&perks=1380253176,2859149211,3993379141,2173046394
dimwishlist:item=3381450498&perks=3525010810,2859149211,3993379141,2173046394
dimwishlist:item=3381450498&perks=1478423395,2859149211,3993379141,2173046394
dimwishlist:item=3381450498&perks=2859149211,3993379141,2173046394

// Unsworn
//notes:S-Tier. probably as good as it gets for the kinetic slot, perks + origin excellent. Origin: Subjugation
dimwishlist:item=3462679024&perks=1840239774,2680121939,3700496672,960997401,1888882410,3640170453,4198902903,831391274,1298135794
dimwishlist:item=3462679024&perks=2680121939,3700496672,960997401,1888882410,3640170453,4198902903,831391274,1298135794
dimwishlist:item=3462679024&perks=1840239774,3700496672,960997401,1888882410,3640170453,4198902903,831391274,1298135794
dimwishlist:item=3462679024&perks=1840239774,2680121939,3700496672,960997401,1888882410,3640170453,4198902903,831391274
dimwishlist:item=3462679024&perks=3700496672,960997401,1888882410,3640170453,4198902903,831391274,1298135794
dimwishlist:item=3462679024&perks=2680121939,3700496672,960997401,1888882410,3640170453,4198902903,831391274
dimwishlist:item=3462679024&perks=1840239774,3700496672,960997401,1888882410,3640170453,4198902903,831391274
dimwishlist:item=3462679024&perks=3700496672,960997401,1888882410,3640170453,4198902903,831391274

// Unsworn
//notes:S-Tier. probably as good as it gets for the kinetic slot, perks + origin excellent. Origin: Subjugation
dimwishlist:item=1303313141&perks=1840239774,2680121939,3700496672,960997401,4198902903,831391274,1298135794
dimwishlist:item=1303313141&perks=2680121939,3700496672,960997401,4198902903,831391274,1298135794
dimwishlist:item=1303313141&perks=1840239774,3700496672,960997401,4198902903,831391274,1298135794
dimwishlist:item=1303313141&perks=1840239774,2680121939,3700496672,960997401,4198902903,831391274
dimwishlist:item=1303313141&perks=3700496672,960997401,4198902903,831391274,1298135794
dimwishlist:item=1303313141&perks=2680121939,3700496672,960997401,4198902903,831391274
dimwishlist:item=1303313141&perks=1840239774,3700496672,960997401,4198902903,831391274
dimwishlist:item=1303313141&perks=3700496672,960997401,4198902903,831391274

// Chronophage
//notes:S-Tier. StL + utility/splash options, great origin trait for low-tier content. Origin: Radiolaria Transposer
dimwishlist:item=1886840007&perks=1840239774,2680121939,3700496672,776531651,2048641572,3523296417,2109543898,253121539
dimwishlist:item=1886840007&perks=2680121939,3700496672,776531651,2048641572,3523296417,2109543898,253121539
dimwishlist:item=1886840007&perks=1840239774,3700496672,776531651,2048641572,3523296417,2109543898,253121539
dimwishlist:item=1886840007&perks=1840239774,2680121939,3700496672,776531651,2048641572,3523296417,2109543898
dimwishlist:item=1886840007&perks=3700496672,776531651,2048641572,3523296417,2109543898,253121539
dimwishlist:item=1886840007&perks=2680121939,3700496672,776531651,2048641572,3523296417,2109543898
dimwishlist:item=1886840007&perks=1840239774,3700496672,776531651,2048641572,3523296417,2109543898
dimwishlist:item=1886840007&perks=3700496672,776531651,2048641572,3523296417,2109543898

// Keraunios
//notes:S-Tier. StL + Chain best overall trace roll, also FTTC + TL for "damage". Origin: Classy Contender
dimwishlist:item=2386208942&perks=1840239774,2680121939,3700496672,1354429876,2396489472,3218042543,4198902903,1702976605
dimwishlist:item=2386208942&perks=2680121939,3700496672,1354429876,2396489472,3218042543,4198902903,1702976605
dimwishlist:item=2386208942&perks=1840239774,3700496672,1354429876,2396489472,3218042543,4198902903,1702976605
dimwishlist:item=2386208942&perks=1840239774,2680121939,3700496672,1354429876,2396489472,3218042543,4198902903
dimwishlist:item=2386208942&perks=3700496672,1354429876,2396489472,3218042543,4198902903,1702976605
dimwishlist:item=2386208942&perks=2680121939,3700496672,1354429876,2396489472,3218042543,4198902903
dimwishlist:item=2386208942&perks=1840239774,3700496672,1354429876,2396489472,3218042543,4198902903
dimwishlist:item=2386208942&perks=3700496672,1354429876,2396489472,3218042543,4198902903

// Keraunios
//notes:S-Tier. StL + Chain best overall trace roll, also FTTC + TL for "damage". Origin: Classy Contender
dimwishlist:item=981450701&perks=1840239774,2680121939,3700496672,1354429876,2396489472,3218042543,4198902903,1702976605
dimwishlist:item=981450701&perks=2680121939,3700496672,1354429876,2396489472,3218042543,4198902903,1702976605
dimwishlist:item=981450701&perks=1840239774,3700496672,1354429876,2396489472,3218042543,4198902903,1702976605
dimwishlist:item=981450701&perks=1840239774,2680121939,3700496672,1354429876,2396489472,3218042543,4198902903
dimwishlist:item=981450701&perks=3700496672,1354429876,2396489472,3218042543,4198902903,1702976605
dimwishlist:item=981450701&perks=2680121939,3700496672,1354429876,2396489472,3218042543,4198902903
dimwishlist:item=981450701&perks=1840239774,3700496672,1354429876,2396489472,3218042543,4198902903
dimwishlist:item=981450701&perks=3700496672,1354429876,2396489472,3218042543,4198902903

// Keraunios
//notes:S-Tier. StL + Chain best overall trace roll, also FTTC + TL for "damage". Origin: Classy Contender
dimwishlist:item=2029899814&perks=1840239774,2680121939,3218042543,4198902903,1702976605
dimwishlist:item=2029899814&perks=2680121939,3218042543,4198902903,1702976605
dimwishlist:item=2029899814&perks=1840239774,3218042543,4198902903,1702976605
dimwishlist:item=2029899814&perks=1840239774,2680121939,3218042543,4198902903
dimwishlist:item=2029899814&perks=3218042543,4198902903,1702976605
dimwishlist:item=2029899814&perks=2680121939,3218042543,4198902903
dimwishlist:item=2029899814&perks=1840239774,3218042543,4198902903
dimwishlist:item=2029899814&perks=3218042543,4198902903

// VS Chill Inhibitor
//notes:S-Tier. almost every possible BiS perk on a heavy GL, origin decent too. Origin: Bray Legacy
dimwishlist:item=2452936817&perks=3525010810,3301904089,3987942396,3751912585,2978966579,3764420437,1089671869,3708227201,4139916815
dimwishlist:item=2452936817&perks=3301904089,3987942396,3751912585,2978966579,3764420437,1089671869,3708227201,4139916815
dimwishlist:item=2452936817&perks=3525010810,3987942396,3751912585,2978966579,3764420437,1089671869,3708227201,4139916815
dimwishlist:item=2452936817&perks=3525010810,3301904089,3987942396,3751912585,2978966579,3764420437,1089671869,3708227201
dimwishlist:item=2452936817&perks=3987942396,3751912585,2978966579,3764420437,1089671869,3708227201,4139916815
dimwishlist:item=2452936817&perks=3301904089,3987942396,3751912585,2978966579,3764420437,1089671869,3708227201
dimwishlist:item=2452936817&perks=3525010810,3987942396,3751912585,2978966579,3764420437,1089671869,3708227201
dimwishlist:item=2452936817&perks=3987942396,3751912585,2978966579,3764420437,1089671869,3708227201

// VS Chill Inhibitor
//notes:S-Tier. almost every possible BiS perk on a heavy GL, origin decent too. Origin: Bray Legacy
dimwishlist:item=1762785662&perks=3525010810,3301904089,3987942396,3751912585,2978966579,3708227201,4139916815
dimwishlist:item=1762785662&perks=3301904089,3987942396,3751912585,2978966579,3708227201,4139916815
dimwishlist:item=1762785662&perks=3525010810,3987942396,3751912585,2978966579,3708227201,4139916815
dimwishlist:item=1762785662&perks=3525010810,3301904089,3987942396,3751912585,2978966579,3708227201
dimwishlist:item=1762785662&perks=3987942396,3751912585,2978966579,3708227201,4139916815
dimwishlist:item=1762785662&perks=3301904089,3987942396,3751912585,2978966579,3708227201
dimwishlist:item=1762785662&perks=3525010810,3987942396,3751912585,2978966579,3708227201
dimwishlist:item=1762785662&perks=3987942396,3751912585,2978966579,3708227201

// Edge Transit
BRAVE version
//notes:S-Tier. has sticky + EL access, also Cascade. Origin: Indomitability
dimwishlist:item=2228325504&perks=3525010810,3301904089,3373736292,3751912585,2396489472,3194351027,3078487919,2489430594
dimwishlist:item=2228325504&perks=3525010810,3301904089,3751912585,2396489472,3194351027,3078487919,2489430594
dimwishlist:item=2228325504&perks=3301904089,3373736292,3751912585,2396489472,3194351027,3078487919,2489430594
dimwishlist:item=2228325504&perks=3525010810,3373736292,3751912585,2396489472,3194351027,3078487919,2489430594
dimwishlist:item=2228325504&perks=3525010810,3301904089,3373736292,3751912585,2396489472,3194351027,3078487919
dimwishlist:item=2228325504&perks=3301904089,3751912585,2396489472,3194351027,3078487919,2489430594
dimwishlist:item=2228325504&perks=3525010810,3751912585,2396489472,3194351027,3078487919,2489430594
dimwishlist:item=2228325504&perks=3373736292,3751912585,2396489472,3194351027,3078487919,2489430594
dimwishlist:item=2228325504&perks=3525010810,3301904089,3751912585,2396489472,3194351027,3078487919
dimwishlist:item=2228325504&perks=3301904089,3373736292,3751912585,2396489472,3194351027,3078487919
dimwishlist:item=2228325504&perks=3525010810,3373736292,3751912585,2396489472,3194351027,3078487919
dimwishlist:item=2228325504&perks=3751912585,2396489472,3194351027,3078487919,2489430594
dimwishlist:item=2228325504&perks=3301904089,3751912585,2396489472,3194351027,3078487919
dimwishlist:item=2228325504&perks=3525010810,3751912585,2396489472,3194351027,3078487919
dimwishlist:item=2228325504&perks=3373736292,3751912585,2396489472,3194351027,3078487919
dimwishlist:item=2228325504&perks=3751912585,2396489472,3194351027,3078487919

// Edge Transit
BRAVE version
//notes:S-Tier. has sticky + EL access, also Cascade. Origin: Indomitability
dimwishlist:item=3736001863&perks=3525010810,3301904089,3373736292,3987942396,3751912585,2396489472,1089671869,3194351027,3078487919,2489430594
dimwishlist:item=3736001863&perks=3525010810,3301904089,3987942396,3751912585,2396489472,1089671869,3194351027,3078487919,2489430594
dimwishlist:item=3736001863&perks=3301904089,3373736292,3987942396,3751912585,2396489472,1089671869,3194351027,3078487919,2489430594
dimwishlist:item=3736001863&perks=3525010810,3373736292,3987942396,3751912585,2396489472,1089671869,3194351027,3078487919,2489430594
dimwishlist:item=3736001863&perks=3525010810,3301904089,3373736292,3987942396,3751912585,2396489472,1089671869,3194351027,3078487919
dimwishlist:item=3736001863&perks=3301904089,3987942396,3751912585,2396489472,1089671869,3194351027,3078487919,2489430594
dimwishlist:item=3736001863&perks=3525010810,3987942396,3751912585,2396489472,1089671869,3194351027,3078487919,2489430594
dimwishlist:item=3736001863&perks=3373736292,3987942396,3751912585,2396489472,1089671869,3194351027,3078487919,2489430594
dimwishlist:item=3736001863&perks=3525010810,3301904089,3987942396,3751912585,2396489472,1089671869,3194351027,3078487919
dimwishlist:item=3736001863&perks=3301904089,3373736292,3987942396,3751912585,2396489472,1089671869,3194351027,3078487919
dimwishlist:item=3736001863&perks=3525010810,3373736292,3987942396,3751912585,2396489472,1089671869,3194351027,3078487919
dimwishlist:item=3736001863&perks=3987942396,3751912585,2396489472,1089671869,3194351027,3078487919,2489430594
dimwishlist:item=3736001863&perks=3301904089,3987942396,3751912585,2396489472,1089671869,3194351027,3078487919
dimwishlist:item=3736001863&perks=3525010810,3987942396,3751912585,2396489472,1089671869,3194351027,3078487919
dimwishlist:item=3736001863&perks=3373736292,3987942396,3751912585,2396489472,1089671869,3194351027,3078487919
dimwishlist:item=3736001863&perks=3987942396,3751912585,2396489472,1089671869,3194351027,3078487919

// Edge Transit
BRAVE version
//notes:S-Tier. has sticky + EL access, also Cascade. Origin: Indomitability
dimwishlist:item=568611923&perks=3525010810,3301904089,3373736292,3751912585,2396489472,3194351027,3078487919,2489430594
dimwishlist:item=568611923&perks=3525010810,3301904089,3751912585,2396489472,3194351027,3078487919,2489430594
dimwishlist:item=568611923&perks=3301904089,3373736292,3751912585,2396489472,3194351027,3078487919,2489430594
dimwishlist:item=568611923&perks=3525010810,3373736292,3751912585,2396489472,3194351027,3078487919,2489430594
dimwishlist:item=568611923&perks=3525010810,3301904089,3373736292,3751912585,2396489472,3194351027,3078487919
dimwishlist:item=568611923&perks=3301904089,3751912585,2396489472,3194351027,3078487919,2489430594
dimwishlist:item=568611923&perks=3525010810,3751912585,2396489472,3194351027,3078487919,2489430594
dimwishlist:item=568611923&perks=3373736292,3751912585,2396489472,3194351027,3078487919,2489430594
dimwishlist:item=568611923&perks=3525010810,3301904089,3751912585,2396489472,3194351027,3078487919
dimwishlist:item=568611923&perks=3301904089,3373736292,3751912585,2396489472,3194351027,3078487919
dimwishlist:item=568611923&perks=3525010810,3373736292,3751912585,2396489472,3194351027,3078487919
dimwishlist:item=568611923&perks=3751912585,2396489472,3194351027,3078487919,2489430594
dimwishlist:item=568611923&perks=3301904089,3751912585,2396489472,3194351027,3078487919
dimwishlist:item=568611923&perks=3525010810,3751912585,2396489472,3194351027,3078487919
dimwishlist:item=568611923&perks=3373736292,3751912585,2396489472,3194351027,3078487919
dimwishlist:item=568611923&perks=3751912585,2396489472,3194351027,3078487919

// The Ever-Present
//notes:S-Tier. best non-Cascade + damage perk rapid HGL option. Origin: Frame of Reference
dimwishlist:item=3177074192&perks=3525010810,3301904089,332133599,3987942396,3764420437,3078487919,1089671869,2597494435
dimwishlist:item=3177074192&perks=3525010810,3301904089,3987942396,3764420437,3078487919,1089671869,2597494435
dimwishlist:item=3177074192&perks=3301904089,332133599,3987942396,3764420437,3078487919,1089671869,2597494435
dimwishlist:item=3177074192&perks=3525010810,332133599,3987942396,3764420437,3078487919,1089671869,2597494435
dimwishlist:item=3177074192&perks=3525010810,3301904089,332133599,3987942396,3764420437,3078487919,1089671869
dimwishlist:item=3177074192&perks=3301904089,3987942396,3764420437,3078487919,1089671869,2597494435
dimwishlist:item=3177074192&perks=3525010810,3987942396,3764420437,3078487919,1089671869,2597494435
dimwishlist:item=3177074192&perks=332133599,3987942396,3764420437,3078487919,1089671869,2597494435
dimwishlist:item=3177074192&perks=3525010810,3301904089,3987942396,3764420437,3078487919,1089671869
dimwishlist:item=3177074192&perks=3301904089,332133599,3987942396,3764420437,3078487919,1089671869
dimwishlist:item=3177074192&perks=3525010810,332133599,3987942396,3764420437,3078487919,1089671869
dimwishlist:item=3177074192&perks=3987942396,3764420437,3078487919,1089671869,2597494435
dimwishlist:item=3177074192&perks=3301904089,3987942396,3764420437,3078487919,1089671869
dimwishlist:item=3177074192&perks=3525010810,3987942396,3764420437,3078487919,1089671869
dimwishlist:item=3177074192&perks=332133599,3987942396,3764420437,3078487919,1089671869
dimwishlist:item=3177074192&perks=3987942396,3764420437,3078487919,1089671869

// Koraxis's Distress
//notes:S-Tier. solid overall dump GL, not really missing anything. Origin: Harmonic Resonance
dimwishlist:item=2972949637&perks=3525010810,3301904089,332133599,3987942396,2396489472,3078487919,3640170453,3708227201,3186078099
dimwishlist:item=2972949637&perks=3525010810,3301904089,3987942396,2396489472,3078487919,3640170453,3708227201,3186078099
dimwishlist:item=2972949637&perks=3301904089,332133599,3987942396,2396489472,3078487919,3640170453,3708227201,3186078099
dimwishlist:item=2972949637&perks=3525010810,332133599,3987942396,2396489472,3078487919,3640170453,3708227201,3186078099
dimwishlist:item=2972949637&perks=3525010810,3301904089,332133599,3987942396,2396489472,3078487919,3640170453,3708227201
dimwishlist:item=2972949637&perks=3301904089,3987942396,2396489472,3078487919,3640170453,3708227201,3186078099
dimwishlist:item=2972949637&perks=3525010810,3987942396,2396489472,3078487919,3640170453,3708227201,3186078099
dimwishlist:item=2972949637&perks=332133599,3987942396,2396489472,3078487919,3640170453,3708227201,3186078099
dimwishlist:item=2972949637&perks=3525010810,3301904089,3987942396,2396489472,3078487919,3640170453,3708227201
dimwishlist:item=2972949637&perks=3301904089,332133599,3987942396,2396489472,3078487919,3640170453,3708227201
dimwishlist:item=2972949637&perks=3525010810,332133599,3987942396,2396489472,3078487919,3640170453,3708227201
dimwishlist:item=2972949637&perks=3987942396,2396489472,3078487919,3640170453,3708227201,3186078099
dimwishlist:item=2972949637&perks=3301904089,3987942396,2396489472,3078487919,3640170453,3708227201
dimwishlist:item=2972949637&perks=3525010810,3987942396,2396489472,3078487919,3640170453,3708227201
dimwishlist:item=2972949637&perks=332133599,3987942396,2396489472,3078487919,3640170453,3708227201
dimwishlist:item=2972949637&perks=3987942396,2396489472,3078487919,3640170453,3708227201

// Koraxis's Distress
//notes:S-Tier. solid overall dump GL, not really missing anything. Origin: Harmonic Resonance
dimwishlist:item=495442100&perks=3525010810,3301904089,332133599,3987942396,2396489472,3078487919,3640170453,3708227201,3186078099
dimwishlist:item=495442100&perks=3525010810,3301904089,3987942396,2396489472,3078487919,3640170453,3708227201,3186078099
dimwishlist:item=495442100&perks=3301904089,332133599,3987942396,2396489472,3078487919,3640170453,3708227201,3186078099
dimwishlist:item=495442100&perks=3525010810,332133599,3987942396,2396489472,3078487919,3640170453,3708227201,3186078099
dimwishlist:item=495442100&perks=3525010810,3301904089,332133599,3987942396,2396489472,3078487919,3640170453,3708227201
dimwishlist:item=495442100&perks=3301904089,3987942396,2396489472,3078487919,3640170453,3708227201,3186078099
dimwishlist:item=495442100&perks=3525010810,3987942396,2396489472,3078487919,3640170453,3708227201,3186078099
dimwishlist:item=495442100&perks=332133599,3987942396,2396489472,3078487919,3640170453,3708227201,3186078099
dimwishlist:item=495442100&perks=3525010810,3301904089,3987942396,2396489472,3078487919,3640170453,3708227201
dimwishlist:item=495442100&perks=3301904089,332133599,3987942396,2396489472,3078487919,3640170453,3708227201
dimwishlist:item=495442100&perks=3525010810,332133599,3987942396,2396489472,3078487919,3640170453,3708227201
dimwishlist:item=495442100&perks=3987942396,2396489472,3078487919,3640170453,3708227201,3186078099
dimwishlist:item=495442100&perks=3301904089,3987942396,2396489472,3078487919,3640170453,3708227201
dimwishlist:item=495442100&perks=3525010810,3987942396,2396489472,3078487919,3640170453,3708227201
dimwishlist:item=495442100&perks=332133599,3987942396,2396489472,3078487919,3640170453,3708227201
dimwishlist:item=495442100&perks=3987942396,2396489472,3078487919,3640170453,3708227201

// Outrageous Fortune
//notes:S-Tier. free exhaust origin + solid damage perks + good archetype. Origin: Problem Solver
dimwishlist:item=4146673634&perks=3525010810,3301904089,3987942396,4293542123,3078487919,3194351027,2396489472,3454102905
dimwishlist:item=4146673634&perks=3301904089,3987942396,4293542123,3078487919,3194351027,2396489472,3454102905
dimwishlist:item=4146673634&perks=3525010810,3987942396,4293542123,3078487919,3194351027,2396489472,3454102905
dimwishlist:item=4146673634&perks=3525010810,3301904089,3987942396,4293542123,3078487919,3194351027,2396489472
dimwishlist:item=4146673634&perks=3987942396,4293542123,3078487919,3194351027,2396489472,3454102905
dimwishlist:item=4146673634&perks=3301904089,3987942396,4293542123,3078487919,3194351027,2396489472
dimwishlist:item=4146673634&perks=3525010810,3987942396,4293542123,3078487919,3194351027,2396489472
dimwishlist:item=4146673634&perks=3987942396,4293542123,3078487919,3194351027,2396489472

// Love and Death
//notes:S-Tier. great staple perk pool, alt perks for add clear. Origin: Loss
dimwishlist:item=3482299617&perks=3525010810,2822142346,3987942396,3751912585,2360347339,3764420437,1089671869,2396489472,993575936
dimwishlist:item=3482299617&perks=2822142346,3987942396,3751912585,2360347339,3764420437,1089671869,2396489472,993575936
dimwishlist:item=3482299617&perks=3525010810,3987942396,3751912585,2360347339,3764420437,1089671869,2396489472,993575936
dimwishlist:item=3482299617&perks=3525010810,2822142346,3987942396,3751912585,2360347339,3764420437,1089671869,2396489472
dimwishlist:item=3482299617&perks=3987942396,3751912585,2360347339,3764420437,1089671869,2396489472,993575936
dimwishlist:item=3482299617&perks=2822142346,3987942396,3751912585,2360347339,3764420437,1089671869,2396489472
dimwishlist:item=3482299617&perks=3525010810,3987942396,3751912585,2360347339,3764420437,1089671869,2396489472
dimwishlist:item=3482299617&perks=3987942396,3751912585,2360347339,3764420437,1089671869,2396489472

// Love and Death
//notes:S-Tier. great staple perk pool, alt perks for add clear. Origin: Loss
dimwishlist:item=3690523502&perks=3525010810,2822142346,2396489472
dimwishlist:item=3690523502&perks=2822142346,2396489472
dimwishlist:item=3690523502&perks=3525010810,2396489472
dimwishlist:item=3690523502&perks=2396489472

// Eyes Unveiled
//notes:S-Tier. excellent perks and origin for LFR damage. Origin: Heretical Behavior
dimwishlist:item=4147428506&perks=1840239774,689005463,2680121939,1354429876,2305480722,1089671869,816963252
dimwishlist:item=4147428506&perks=1840239774,689005463,1354429876,2305480722,1089671869,816963252
dimwishlist:item=4147428506&perks=689005463,2680121939,1354429876,2305480722,1089671869,816963252
dimwishlist:item=4147428506&perks=1840239774,2680121939,1354429876,2305480722,1089671869,816963252
dimwishlist:item=4147428506&perks=1840239774,689005463,2680121939,1354429876,2305480722,1089671869
dimwishlist:item=4147428506&perks=689005463,1354429876,2305480722,1089671869,816963252
dimwishlist:item=4147428506&perks=1840239774,1354429876,2305480722,1089671869,816963252
dimwishlist:item=4147428506&perks=2680121939,1354429876,2305480722,1089671869,816963252
dimwishlist:item=4147428506&perks=1840239774,689005463,1354429876,2305480722,1089671869
dimwishlist:item=4147428506&perks=689005463,2680121939,1354429876,2305480722,1089671869
dimwishlist:item=4147428506&perks=1840239774,2680121939,1354429876,2305480722,1089671869
dimwishlist:item=4147428506&perks=1354429876,2305480722,1089671869,816963252
dimwishlist:item=4147428506&perks=689005463,1354429876,2305480722,1089671869
dimwishlist:item=4147428506&perks=1840239774,1354429876,2305480722,1089671869
dimwishlist:item=4147428506&perks=2680121939,1354429876,2305480722,1089671869
dimwishlist:item=4147428506&perks=1354429876,2305480722,1089671869

// Cataclysmic
//notes:S-Tier. excellent damage perk spread for a precision linear. Origin: Souldrinker
dimwishlist:item=2886339027&perks=1840239774,689005463,2680121939,1354429876,3764420437,1089671869,3078487919,3363267119
dimwishlist:item=2886339027&perks=1840239774,689005463,1354429876,3764420437,1089671869,3078487919,3363267119
dimwishlist:item=2886339027&perks=689005463,2680121939,1354429876,3764420437,1089671869,3078487919,3363267119
dimwishlist:item=2886339027&perks=1840239774,2680121939,1354429876,3764420437,1089671869,3078487919,3363267119
dimwishlist:item=2886339027&perks=1840239774,689005463,2680121939,1354429876,3764420437,1089671869,3078487919
dimwishlist:item=2886339027&perks=689005463,1354429876,3764420437,1089671869,3078487919,3363267119
dimwishlist:item=2886339027&perks=1840239774,1354429876,3764420437,1089671869,3078487919,3363267119
dimwishlist:item=2886339027&perks=2680121939,1354429876,3764420437,1089671869,3078487919,3363267119
dimwishlist:item=2886339027&perks=1840239774,689005463,1354429876,3764420437,1089671869,3078487919
dimwishlist:item=2886339027&perks=689005463,2680121939,1354429876,3764420437,1089671869,3078487919
dimwishlist:item=2886339027&perks=1840239774,2680121939,1354429876,3764420437,1089671869,3078487919
dimwishlist:item=2886339027&perks=1354429876,3764420437,1089671869,3078487919,3363267119
dimwishlist:item=2886339027&perks=689005463,1354429876,3764420437,1089671869,3078487919
dimwishlist:item=2886339027&perks=1840239774,1354429876,3764420437,1089671869,3078487919
dimwishlist:item=2886339027&perks=2680121939,1354429876,3764420437,1089671869,3078487919
dimwishlist:item=2886339027&perks=1354429876,3764420437,1089671869,3078487919

// Cataclysmic
//notes:S-Tier. excellent damage perk spread for a precision linear. Origin: Souldrinker
dimwishlist:item=999767358&perks=1840239774,689005463,2680121939,1354429876,3764420437,1089671869,3078487919,3363267119
dimwishlist:item=999767358&perks=1840239774,689005463,1354429876,3764420437,1089671869,3078487919,3363267119
dimwishlist:item=999767358&perks=689005463,2680121939,1354429876,3764420437,1089671869,3078487919,3363267119
dimwishlist:item=999767358&perks=1840239774,2680121939,1354429876,3764420437,1089671869,3078487919,3363267119
dimwishlist:item=999767358&perks=1840239774,689005463,2680121939,1354429876,3764420437,1089671869,3078487919
dimwishlist:item=999767358&perks=689005463,1354429876,3764420437,1089671869,3078487919,3363267119
dimwishlist:item=999767358&perks=1840239774,1354429876,3764420437,1089671869,3078487919,3363267119
dimwishlist:item=999767358&perks=2680121939,1354429876,3764420437,1089671869,3078487919,3363267119
dimwishlist:item=999767358&perks=1840239774,689005463,1354429876,3764420437,1089671869,3078487919
dimwishlist:item=999767358&perks=689005463,2680121939,1354429876,3764420437,1089671869,3078487919
dimwishlist:item=999767358&perks=1840239774,2680121939,1354429876,3764420437,1089671869,3078487919
dimwishlist:item=999767358&perks=1354429876,3764420437,1089671869,3078487919,3363267119
dimwishlist:item=999767358&perks=689005463,1354429876,3764420437,1089671869,3078487919
dimwishlist:item=999767358&perks=1840239774,1354429876,3764420437,1089671869,3078487919
dimwishlist:item=999767358&perks=2680121939,1354429876,3764420437,1089671869,3078487919
dimwishlist:item=999767358&perks=1354429876,3764420437,1089671869,3078487919

// Briar's Contempt
//notes:S-Tier. best adaptive burst linear. Origin: Harmonic Resonance
dimwishlist:item=2890082420&perks=839105230,689005463,2680121939,3418782618,3764420437,3640170453,3708227201,3186078099
dimwishlist:item=2890082420&perks=839105230,689005463,3418782618,3764420437,3640170453,3708227201,3186078099
dimwishlist:item=2890082420&perks=689005463,2680121939,3418782618,3764420437,3640170453,3708227201,3186078099
dimwishlist:item=2890082420&perks=839105230,2680121939,3418782618,3764420437,3640170453,3708227201,3186078099
dimwishlist:item=2890082420&perks=839105230,689005463,2680121939,3418782618,3764420437,3640170453,3708227201
dimwishlist:item=2890082420&perks=689005463,3418782618,3764420437,3640170453,3708227201,3186078099
dimwishlist:item=2890082420&perks=839105230,3418782618,3764420437,3640170453,3708227201,3186078099
dimwishlist:item=2890082420&perks=2680121939,3418782618,3764420437,3640170453,3708227201,3186078099
dimwishlist:item=2890082420&perks=839105230,689005463,3418782618,3764420437,3640170453,3708227201
dimwishlist:item=2890082420&perks=689005463,2680121939,3418782618,3764420437,3640170453,3708227201
dimwishlist:item=2890082420&perks=839105230,2680121939,3418782618,3764420437,3640170453,3708227201
dimwishlist:item=2890082420&perks=3418782618,3764420437,3640170453,3708227201,3186078099
dimwishlist:item=2890082420&perks=689005463,3418782618,3764420437,3640170453,3708227201
dimwishlist:item=2890082420&perks=839105230,3418782618,3764420437,3640170453,3708227201
dimwishlist:item=2890082420&perks=2680121939,3418782618,3764420437,3640170453,3708227201
dimwishlist:item=2890082420&perks=3418782618,3764420437,3640170453,3708227201

// Briar's Contempt
//notes:S-Tier. best adaptive burst linear. Origin: Harmonic Resonance
dimwishlist:item=1491665733&perks=839105230,689005463,2680121939,3418782618,3764420437,3640170453,3708227201,3186078099
dimwishlist:item=1491665733&perks=839105230,689005463,3418782618,3764420437,3640170453,3708227201,3186078099
dimwishlist:item=1491665733&perks=689005463,2680121939,3418782618,3764420437,3640170453,3708227201,3186078099
dimwishlist:item=1491665733&perks=839105230,2680121939,3418782618,3764420437,3640170453,3708227201,3186078099
dimwishlist:item=1491665733&perks=839105230,689005463,2680121939,3418782618,3764420437,3640170453,3708227201
dimwishlist:item=1491665733&perks=689005463,3418782618,3764420437,3640170453,3708227201,3186078099
dimwishlist:item=1491665733&perks=839105230,3418782618,3764420437,3640170453,3708227201,3186078099
dimwishlist:item=1491665733&perks=2680121939,3418782618,3764420437,3640170453,3708227201,3186078099
dimwishlist:item=1491665733&perks=839105230,689005463,3418782618,3764420437,3640170453,3708227201
dimwishlist:item=1491665733&perks=689005463,2680121939,3418782618,3764420437,3640170453,3708227201
dimwishlist:item=1491665733&perks=839105230,2680121939,3418782618,3764420437,3640170453,3708227201
dimwishlist:item=1491665733&perks=3418782618,3764420437,3640170453,3708227201,3186078099
dimwishlist:item=1491665733&perks=689005463,3418782618,3764420437,3640170453,3708227201
dimwishlist:item=1491665733&perks=839105230,3418782618,3764420437,3640170453,3708227201
dimwishlist:item=1491665733&perks=2680121939,3418782618,3764420437,3640170453,3708227201
dimwishlist:item=1491665733&perks=3418782618,3764420437,3640170453,3708227201

// Scintillation
//notes:S-Tier. basically perfect LFR roll, maybe Honing one day. Origin: Veist Stinger
dimwishlist:item=2591257541&perks=839105230,689005463,2680121939,3418782618,1799762209,3078487919,3708227201,3988215619
dimwishlist:item=2591257541&perks=839105230,689005463,3418782618,1799762209,3078487919,3708227201,3988215619
dimwishlist:item=2591257541&perks=689005463,2680121939,3418782618,1799762209,3078487919,3708227201,3988215619
dimwishlist:item=2591257541&perks=839105230,2680121939,3418782618,1799762209,3078487919,3708227201,3988215619
dimwishlist:item=2591257541&perks=839105230,689005463,2680121939,3418782618,1799762209,3078487919,3708227201
dimwishlist:item=2591257541&perks=689005463,3418782618,1799762209,3078487919,3708227201,3988215619
dimwishlist:item=2591257541&perks=839105230,3418782618,1799762209,3078487919,3708227201,3988215619
dimwishlist:item=2591257541&perks=2680121939,3418782618,1799762209,3078487919,3708227201,3988215619
dimwishlist:item=2591257541&perks=839105230,689005463,3418782618,1799762209,3078487919,3708227201
dimwishlist:item=2591257541&perks=689005463,2680121939,3418782618,1799762209,3078487919,3708227201
dimwishlist:item=2591257541&perks=839105230,2680121939,3418782618,1799762209,3078487919,3708227201
dimwishlist:item=2591257541&perks=3418782618,1799762209,3078487919,3708227201,3988215619
dimwishlist:item=2591257541&perks=689005463,3418782618,1799762209,3078487919,3708227201
dimwishlist:item=2591257541&perks=839105230,3418782618,1799762209,3078487919,3708227201
dimwishlist:item=2591257541&perks=2680121939,3418782618,1799762209,3078487919,3708227201
dimwishlist:item=2591257541&perks=3418782618,1799762209,3078487919,3708227201

// Scintillation
//notes:S-Tier. basically perfect LFR roll, maybe Honing one day. Origin: Veist Stinger
dimwishlist:item=1207321710&perks=839105230,689005463,2680121939,3418782618,1799762209,3078487919,3708227201,3988215619
dimwishlist:item=1207321710&perks=839105230,689005463,3418782618,1799762209,3078487919,3708227201,3988215619
dimwishlist:item=1207321710&perks=689005463,2680121939,3418782618,1799762209,3078487919,3708227201,3988215619
dimwishlist:item=1207321710&perks=839105230,2680121939,3418782618,1799762209,3078487919,3708227201,3988215619
dimwishlist:item=1207321710&perks=839105230,689005463,2680121939,3418782618,1799762209,3078487919,3708227201
dimwishlist:item=1207321710&perks=689005463,3418782618,1799762209,3078487919,3708227201,3988215619
dimwishlist:item=1207321710&perks=839105230,3418782618,1799762209,3078487919,3708227201,3988215619
dimwishlist:item=1207321710&perks=2680121939,3418782618,1799762209,3078487919,3708227201,3988215619
dimwishlist:item=1207321710&perks=839105230,689005463,3418782618,1799762209,3078487919,3708227201
dimwishlist:item=1207321710&perks=689005463,2680121939,3418782618,1799762209,3078487919,3708227201
dimwishlist:item=1207321710&perks=839105230,2680121939,3418782618,1799762209,3078487919,3708227201
dimwishlist:item=1207321710&perks=3418782618,1799762209,3078487919,3708227201,3988215619
dimwishlist:item=1207321710&perks=689005463,3418782618,1799762209,3078487919,3708227201
dimwishlist:item=1207321710&perks=839105230,3418782618,1799762209,3078487919,3708227201
dimwishlist:item=1207321710&perks=2680121939,3418782618,1799762209,3078487919,3708227201
dimwishlist:item=1207321710&perks=3418782618,1799762209,3078487919,3708227201

// Scintillation
//notes:S-Tier. basically perfect LFR roll, maybe Honing one day. Origin: Veist Stinger
dimwishlist:item=1492522228&perks=839105230,689005463,2680121939,3418782618,1799762209,3078487919,3708227201,3988215619
dimwishlist:item=1492522228&perks=839105230,689005463,3418782618,1799762209,3078487919,3708227201,3988215619
dimwishlist:item=1492522228&perks=689005463,2680121939,3418782618,1799762209,3078487919,3708227201,3988215619
dimwishlist:item=1492522228&perks=839105230,2680121939,3418782618,1799762209,3078487919,3708227201,3988215619
dimwishlist:item=1492522228&perks=839105230,689005463,2680121939,3418782618,1799762209,3078487919,3708227201
dimwishlist:item=1492522228&perks=689005463,3418782618,1799762209,3078487919,3708227201,3988215619
dimwishlist:item=1492522228&perks=839105230,3418782618,1799762209,3078487919,3708227201,3988215619
dimwishlist:item=1492522228&perks=2680121939,3418782618,1799762209,3078487919,3708227201,3988215619
dimwishlist:item=1492522228&perks=839105230,689005463,3418782618,1799762209,3078487919,3708227201
dimwishlist:item=1492522228&perks=689005463,2680121939,3418782618,1799762209,3078487919,3708227201
dimwishlist:item=1492522228&perks=839105230,2680121939,3418782618,1799762209,3078487919,3708227201
dimwishlist:item=1492522228&perks=3418782618,1799762209,3078487919,3708227201,3988215619
dimwishlist:item=1492522228&perks=689005463,3418782618,1799762209,3078487919,3708227201
dimwishlist:item=1492522228&perks=839105230,3418782618,1799762209,3078487919,3708227201
dimwishlist:item=1492522228&perks=2680121939,3418782618,1799762209,3078487919,3708227201
dimwishlist:item=1492522228&perks=3418782618,1799762209,3078487919,3708227201

// Mistral Lift
//notes:S-Tier. Arsenal worse than Rewind for dump-style weapon. Origin: Veist Stinger
dimwishlist:item=3483485727&perks=839105230,689005463,2680121939,3987942396,1523832109,1134488199,3078487919,555281244,3988215619
dimwishlist:item=3483485727&perks=839105230,689005463,3987942396,1523832109,1134488199,3078487919,555281244,3988215619
dimwishlist:item=3483485727&perks=689005463,2680121939,3987942396,1523832109,1134488199,3078487919,555281244,3988215619
dimwishlist:item=3483485727&perks=839105230,2680121939,3987942396,1523832109,1134488199,3078487919,555281244,3988215619
dimwishlist:item=3483485727&perks=839105230,689005463,2680121939,3987942396,1523832109,1134488199,3078487919,555281244
dimwishlist:item=3483485727&perks=689005463,3987942396,1523832109,1134488199,3078487919,555281244,3988215619
dimwishlist:item=3483485727&perks=839105230,3987942396,1523832109,1134488199,3078487919,555281244,3988215619
dimwishlist:item=3483485727&perks=2680121939,3987942396,1523832109,1134488199,3078487919,555281244,3988215619
dimwishlist:item=3483485727&perks=839105230,689005463,3987942396,1523832109,1134488199,3078487919,555281244
dimwishlist:item=3483485727&perks=689005463,2680121939,3987942396,1523832109,1134488199,3078487919,555281244
dimwishlist:item=3483485727&perks=839105230,2680121939,3987942396,1523832109,1134488199,3078487919,555281244
dimwishlist:item=3483485727&perks=3987942396,1523832109,1134488199,3078487919,555281244,3988215619
dimwishlist:item=3483485727&perks=689005463,3987942396,1523832109,1134488199,3078487919,555281244
dimwishlist:item=3483485727&perks=839105230,3987942396,1523832109,1134488199,3078487919,555281244
dimwishlist:item=3483485727&perks=2680121939,3987942396,1523832109,1134488199,3078487919,555281244
dimwishlist:item=3483485727&perks=3987942396,1523832109,1134488199,3078487919,555281244

// Mistral Lift
//notes:S-Tier. Arsenal worse than Rewind for dump-style weapon. Origin: Veist Stinger
dimwishlist:item=270610849&perks=839105230,689005463,2680121939,3987942396,1523832109,1134488199,3078487919,555281244,3988215619
dimwishlist:item=270610849&perks=839105230,689005463,3987942396,1523832109,1134488199,3078487919,555281244,3988215619
dimwishlist:item=270610849&perks=689005463,2680121939,3987942396,1523832109,1134488199,3078487919,555281244,3988215619
dimwishlist:item=270610849&perks=839105230,2680121939,3987942396,1523832109,1134488199,3078487919,555281244,3988215619
dimwishlist:item=270610849&perks=839105230,689005463,2680121939,3987942396,1523832109,1134488199,3078487919,555281244
dimwishlist:item=270610849&perks=689005463,3987942396,1523832109,1134488199,3078487919,555281244,3988215619
dimwishlist:item=270610849&perks=839105230,3987942396,1523832109,1134488199,3078487919,555281244,3988215619
dimwishlist:item=270610849&perks=2680121939,3987942396,1523832109,1134488199,3078487919,555281244,3988215619
dimwishlist:item=270610849&perks=839105230,689005463,3987942396,1523832109,1134488199,3078487919,555281244
dimwishlist:item=270610849&perks=689005463,2680121939,3987942396,1523832109,1134488199,3078487919,555281244
dimwishlist:item=270610849&perks=839105230,2680121939,3987942396,1523832109,1134488199,3078487919,555281244
dimwishlist:item=270610849&perks=3987942396,1523832109,1134488199,3078487919,555281244,3988215619
dimwishlist:item=270610849&perks=689005463,3987942396,1523832109,1134488199,3078487919,555281244
dimwishlist:item=270610849&perks=839105230,3987942396,1523832109,1134488199,3078487919,555281244
dimwishlist:item=270610849&perks=2680121939,3987942396,1523832109,1134488199,3078487919,555281244
dimwishlist:item=270610849&perks=3987942396,1523832109,1134488199,3078487919,555281244

// Mistral Lift
//notes:S-Tier. Arsenal worse than Rewind for dump-style weapon. Origin: Veist Stinger
dimwishlist:item=766122634&perks=839105230,689005463,2680121939,3987942396,1523832109,1134488199,3078487919,555281244,3988215619
dimwishlist:item=766122634&perks=839105230,689005463,3987942396,1523832109,1134488199,3078487919,555281244,3988215619
dimwishlist:item=766122634&perks=689005463,2680121939,3987942396,1523832109,1134488199,3078487919,555281244,3988215619
dimwishlist:item=766122634&perks=839105230,2680121939,3987942396,1523832109,1134488199,3078487919,555281244,3988215619
dimwishlist:item=766122634&perks=839105230,689005463,2680121939,3987942396,1523832109,1134488199,3078487919,555281244
dimwishlist:item=766122634&perks=689005463,3987942396,1523832109,1134488199,3078487919,555281244,3988215619
dimwishlist:item=766122634&perks=839105230,3987942396,1523832109,1134488199,3078487919,555281244,3988215619
dimwishlist:item=766122634&perks=2680121939,3987942396,1523832109,1134488199,3078487919,555281244,3988215619
dimwishlist:item=766122634&perks=839105230,689005463,3987942396,1523832109,1134488199,3078487919,555281244
dimwishlist:item=766122634&perks=689005463,2680121939,3987942396,1523832109,1134488199,3078487919,555281244
dimwishlist:item=766122634&perks=839105230,2680121939,3987942396,1523832109,1134488199,3078487919,555281244
dimwishlist:item=766122634&perks=3987942396,1523832109,1134488199,3078487919,555281244,3988215619
dimwishlist:item=766122634&perks=689005463,3987942396,1523832109,1134488199,3078487919,555281244
dimwishlist:item=766122634&perks=839105230,3987942396,1523832109,1134488199,3078487919,555281244
dimwishlist:item=766122634&perks=2680121939,3987942396,1523832109,1134488199,3078487919,555281244
dimwishlist:item=766122634&perks=3987942396,1523832109,1134488199,3078487919,555281244

// Song of Ir Yût
//notes:S-Tier. excellent origin trait and great neutral perks. Origin: Cursed Thrall
dimwishlist:item=2828278545&perks=839105230,1840239774,1087426260,3523296417,1523832109,3966416502,2305480722,2319119708,3078487919,1156201379
dimwishlist:item=2828278545&perks=839105230,1087426260,3523296417,1523832109,3966416502,2305480722,2319119708,3078487919,1156201379
dimwishlist:item=2828278545&perks=1840239774,1087426260,3523296417,1523832109,3966416502,2305480722,2319119708,3078487919,1156201379
dimwishlist:item=2828278545&perks=839105230,1840239774,3523296417,1523832109,3966416502,2305480722,2319119708,3078487919,1156201379
dimwishlist:item=2828278545&perks=839105230,1840239774,1087426260,3523296417,1523832109,3966416502,2305480722,2319119708,3078487919
dimwishlist:item=2828278545&perks=1087426260,3523296417,1523832109,3966416502,2305480722,2319119708,3078487919,1156201379
dimwishlist:item=2828278545&perks=839105230,3523296417,1523832109,3966416502,2305480722,2319119708,3078487919,1156201379
dimwishlist:item=2828278545&perks=1840239774,3523296417,1523832109,3966416502,2305480722,2319119708,3078487919,1156201379
dimwishlist:item=2828278545&perks=839105230,1087426260,3523296417,1523832109,3966416502,2305480722,2319119708,3078487919
dimwishlist:item=2828278545&perks=1840239774,1087426260,3523296417,1523832109,3966416502,2305480722,2319119708,3078487919
dimwishlist:item=2828278545&perks=839105230,1840239774,3523296417,1523832109,3966416502,2305480722,2319119708,3078487919
dimwishlist:item=2828278545&perks=3523296417,1523832109,3966416502,2305480722,2319119708,3078487919,1156201379
dimwishlist:item=2828278545&perks=1087426260,3523296417,1523832109,3966416502,2305480722,2319119708,3078487919
dimwishlist:item=2828278545&perks=839105230,3523296417,1523832109,3966416502,2305480722,2319119708,3078487919
dimwishlist:item=2828278545&perks=1840239774,3523296417,1523832109,3966416502,2305480722,2319119708,3078487919
dimwishlist:item=2828278545&perks=3523296417,1523832109,3966416502,2305480722,2319119708,3078487919

// Song of Ir Yût
//notes:S-Tier. excellent origin trait and great neutral perks. Origin: Cursed Thrall
dimwishlist:item=407511664&perks=839105230,1840239774,1087426260,3523296417,1523832109,3966416502,2305480722,2319119708,3078487919,1156201379
dimwishlist:item=407511664&perks=839105230,1087426260,3523296417,1523832109,3966416502,2305480722,2319119708,3078487919,1156201379
dimwishlist:item=407511664&perks=1840239774,1087426260,3523296417,1523832109,3966416502,2305480722,2319119708,3078487919,1156201379
dimwishlist:item=407511664&perks=839105230,1840239774,3523296417,1523832109,3966416502,2305480722,2319119708,3078487919,1156201379
dimwishlist:item=407511664&perks=839105230,1840239774,1087426260,3523296417,1523832109,3966416502,2305480722,2319119708,3078487919
dimwishlist:item=407511664&perks=1087426260,3523296417,1523832109,3966416502,2305480722,2319119708,3078487919,1156201379
dimwishlist:item=407511664&perks=839105230,3523296417,1523832109,3966416502,2305480722,2319119708,3078487919,1156201379
dimwishlist:item=407511664&perks=1840239774,3523296417,1523832109,3966416502,2305480722,2319119708,3078487919,1156201379
dimwishlist:item=407511664&perks=839105230,1087426260,3523296417,1523832109,3966416502,2305480722,2319119708,3078487919
dimwishlist:item=407511664&perks=1840239774,1087426260,3523296417,1523832109,3966416502,2305480722,2319119708,3078487919
dimwishlist:item=407511664&perks=839105230,1840239774,3523296417,1523832109,3966416502,2305480722,2319119708,3078487919
dimwishlist:item=407511664&perks=3523296417,1523832109,3966416502,2305480722,2319119708,3078487919,1156201379
dimwishlist:item=407511664&perks=1087426260,3523296417,1523832109,3966416502,2305480722,2319119708,3078487919
dimwishlist:item=407511664&perks=839105230,3523296417,1523832109,3966416502,2305480722,2319119708,3078487919
dimwishlist:item=407511664&perks=1840239774,3523296417,1523832109,3966416502,2305480722,2319119708,3078487919
dimwishlist:item=407511664&perks=3523296417,1523832109,3966416502,2305480722,2319119708,3078487919

// Qua Vinctus IV
//notes:S-Tier. great overall perk combo, archetype is decent. Origin: Accelerated Assault
dimwishlist:item=4176551594&perks=839105230,1840239774,2420895100,3523296417,831391274,923806249,657025441,557221067,3713579091
dimwishlist:item=4176551594&perks=839105230,2420895100,3523296417,831391274,923806249,657025441,557221067,3713579091
dimwishlist:item=4176551594&perks=1840239774,2420895100,3523296417,831391274,923806249,657025441,557221067,3713579091
dimwishlist:item=4176551594&perks=839105230,1840239774,3523296417,831391274,923806249,657025441,557221067,3713579091
dimwishlist:item=4176551594&perks=839105230,1840239774,2420895100,3523296417,831391274,923806249,657025441,557221067
dimwishlist:item=4176551594&perks=2420895100,3523296417,831391274,923806249,657025441,557221067,3713579091
dimwishlist:item=4176551594&perks=839105230,3523296417,831391274,923806249,657025441,557221067,3713579091
dimwishlist:item=4176551594&perks=1840239774,3523296417,831391274,923806249,657025441,557221067,3713579091
dimwishlist:item=4176551594&perks=839105230,2420895100,3523296417,831391274,923806249,657025441,557221067
dimwishlist:item=4176551594&perks=1840239774,2420895100,3523296417,831391274,923806249,657025441,557221067
dimwishlist:item=4176551594&perks=839105230,1840239774,3523296417,831391274,923806249,657025441,557221067
dimwishlist:item=4176551594&perks=3523296417,831391274,923806249,657025441,557221067,3713579091
dimwishlist:item=4176551594&perks=2420895100,3523296417,831391274,923806249,657025441,557221067
dimwishlist:item=4176551594&perks=839105230,3523296417,831391274,923806249,657025441,557221067
dimwishlist:item=4176551594&perks=1840239774,3523296417,831391274,923806249,657025441,557221067
dimwishlist:item=4176551594&perks=3523296417,831391274,923806249,657025441,557221067

// Qua Vinctus IV
//notes:S-Tier. great overall perk combo, archetype is decent. Origin: Accelerated Assault
dimwishlist:item=337893613&perks=839105230,1840239774,2420895100,3523296417,831391274,923806249,657025441,557221067
dimwishlist:item=337893613&perks=839105230,2420895100,3523296417,831391274,923806249,657025441,557221067
dimwishlist:item=337893613&perks=1840239774,2420895100,3523296417,831391274,923806249,657025441,557221067
dimwishlist:item=337893613&perks=839105230,1840239774,3523296417,831391274,923806249,657025441,557221067
dimwishlist:item=337893613&perks=2420895100,3523296417,831391274,923806249,657025441,557221067
dimwishlist:item=337893613&perks=839105230,3523296417,831391274,923806249,657025441,557221067
dimwishlist:item=337893613&perks=1840239774,3523296417,831391274,923806249,657025441,557221067
dimwishlist:item=337893613&perks=3523296417,831391274,923806249,657025441,557221067

// Thermal Erosion
//notes:S-Tier. very solid overall, just needs better origin. Origin: Winterized Gear
dimwishlist:item=642545454&perks=839105230,1840239774,1087426260,3523296417,4293542123,657025441,2890807135,2305480722,1588586136
dimwishlist:item=642545454&perks=839105230,1087426260,3523296417,4293542123,657025441,2890807135,2305480722,1588586136
dimwishlist:item=642545454&perks=1840239774,1087426260,3523296417,4293542123,657025441,2890807135,2305480722,1588586136
dimwishlist:item=642545454&perks=839105230,1840239774,3523296417,4293542123,657025441,2890807135,2305480722,1588586136
dimwishlist:item=642545454&perks=839105230,1840239774,1087426260,3523296417,4293542123,657025441,2890807135,2305480722
dimwishlist:item=642545454&perks=1087426260,3523296417,4293542123,657025441,2890807135,2305480722,1588586136
dimwishlist:item=642545454&perks=839105230,3523296417,4293542123,657025441,2890807135,2305480722,1588586136
dimwishlist:item=642545454&perks=1840239774,3523296417,4293542123,657025441,2890807135,2305480722,1588586136
dimwishlist:item=642545454&perks=839105230,1087426260,3523296417,4293542123,657025441,2890807135,2305480722
dimwishlist:item=642545454&perks=1840239774,1087426260,3523296417,4293542123,657025441,2890807135,2305480722
dimwishlist:item=642545454&perks=839105230,1840239774,3523296417,4293542123,657025441,2890807135,2305480722
dimwishlist:item=642545454&perks=3523296417,4293542123,657025441,2890807135,2305480722,1588586136
dimwishlist:item=642545454&perks=1087426260,3523296417,4293542123,657025441,2890807135,2305480722
dimwishlist:item=642545454&perks=839105230,3523296417,4293542123,657025441,2890807135,2305480722
dimwishlist:item=642545454&perks=1840239774,3523296417,4293542123,657025441,2890807135,2305480722
dimwishlist:item=642545454&perks=3523296417,4293542123,657025441,2890807135,2305480722

// Thermal Erosion
//notes:S-Tier. very solid overall, just needs better origin. Origin: Winterized Gear
dimwishlist:item=1766088024&perks=839105230,1840239774,1087426260,3523296417
dimwishlist:item=1766088024&perks=839105230,1087426260,3523296417
dimwishlist:item=1766088024&perks=1840239774,1087426260,3523296417
dimwishlist:item=1766088024&perks=839105230,1840239774,3523296417
dimwishlist:item=1766088024&perks=1087426260,3523296417
dimwishlist:item=1766088024&perks=839105230,3523296417
dimwishlist:item=1766088024&perks=1840239774,3523296417
dimwishlist:item=1766088024&perks=3523296417

// Pro Memoria
//notes:S-Tier. solid origin and great neutral perks. Origin: Dealer's Choice
dimwishlist:item=3605603507&perks=839105230,1840239774,2420895100,3523296417,1523832109,960997401,2109543898,3078487919,2305480722,1988485648
dimwishlist:item=3605603507&perks=839105230,2420895100,3523296417,1523832109,960997401,2109543898,3078487919,2305480722,1988485648
dimwishlist:item=3605603507&perks=1840239774,2420895100,3523296417,1523832109,960997401,2109543898,3078487919,2305480722,1988485648
dimwishlist:item=3605603507&perks=839105230,1840239774,3523296417,1523832109,960997401,2109543898,3078487919,2305480722,1988485648
dimwishlist:item=3605603507&perks=839105230,1840239774,2420895100,3523296417,1523832109,960997401,2109543898,3078487919,2305480722
dimwishlist:item=3605603507&perks=2420895100,3523296417,1523832109,960997401,2109543898,3078487919,2305480722,1988485648
dimwishlist:item=3605603507&perks=839105230,3523296417,1523832109,960997401,2109543898,3078487919,2305480722,1988485648
dimwishlist:item=3605603507&perks=1840239774,3523296417,1523832109,960997401,2109543898,3078487919,2305480722,1988485648
dimwishlist:item=3605603507&perks=839105230,2420895100,3523296417,1523832109,960997401,2109543898,3078487919,2305480722
dimwishlist:item=3605603507&perks=1840239774,2420895100,3523296417,1523832109,960997401,2109543898,3078487919,2305480722
dimwishlist:item=3605603507&perks=839105230,1840239774,3523296417,1523832109,960997401,2109543898,3078487919,2305480722
dimwishlist:item=3605603507&perks=3523296417,1523832109,960997401,2109543898,3078487919,2305480722,1988485648
dimwishlist:item=3605603507&perks=2420895100,3523296417,1523832109,960997401,2109543898,3078487919,2305480722
dimwishlist:item=3605603507&perks=839105230,3523296417,1523832109,960997401,2109543898,3078487919,2305480722
dimwishlist:item=3605603507&perks=1840239774,3523296417,1523832109,960997401,2109543898,3078487919,2305480722
dimwishlist:item=3605603507&perks=3523296417,1523832109,960997401,2109543898,3078487919,2305480722

// Circular Logic
//notes:S-Tier. solid origin, probably best manual reload LMG option, still has Demo. Origin: Nanotech Tracer Missiles
dimwishlist:item=2187717691&perks=839105230,1840239774,2420895100,3523296417,831391274,164468655
dimwishlist:item=2187717691&perks=839105230,2420895100,3523296417,831391274,164468655
dimwishlist:item=2187717691&perks=1840239774,2420895100,3523296417,831391274,164468655
dimwishlist:item=2187717691&perks=839105230,1840239774,3523296417,831391274,164468655
dimwishlist:item=2187717691&perks=839105230,1840239774,2420895100,3523296417,831391274
dimwishlist:item=2187717691&perks=2420895100,3523296417,831391274,164468655
dimwishlist:item=2187717691&perks=839105230,3523296417,831391274,164468655
dimwishlist:item=2187717691&perks=1840239774,3523296417,831391274,164468655
dimwishlist:item=2187717691&perks=839105230,2420895100,3523296417,831391274
dimwishlist:item=2187717691&perks=1840239774,2420895100,3523296417,831391274
dimwishlist:item=2187717691&perks=839105230,1840239774,3523296417,831391274
dimwishlist:item=2187717691&perks=3523296417,831391274,164468655
dimwishlist:item=2187717691&perks=2420895100,3523296417,831391274
dimwishlist:item=2187717691&perks=839105230,3523296417,831391274
dimwishlist:item=2187717691&perks=1840239774,3523296417,831391274
dimwishlist:item=2187717691&perks=3523296417,831391274

// Circular Logic
//notes:S-Tier. solid origin, probably best manual reload LMG option, still has Demo. Origin: Nanotech Tracer Missiles
dimwishlist:item=2528793321&perks=839105230,1840239774,2420895100,3824105627,3523296417,1354429876,2305480722,831391274,2109543898,164468655
dimwishlist:item=2528793321&perks=839105230,2420895100,3824105627,3523296417,1354429876,2305480722,831391274,2109543898,164468655
dimwishlist:item=2528793321&perks=1840239774,2420895100,3824105627,3523296417,1354429876,2305480722,831391274,2109543898,164468655
dimwishlist:item=2528793321&perks=839105230,1840239774,3824105627,3523296417,1354429876,2305480722,831391274,2109543898,164468655
dimwishlist:item=2528793321&perks=839105230,1840239774,2420895100,3824105627,3523296417,1354429876,2305480722,831391274,2109543898
dimwishlist:item=2528793321&perks=2420895100,3824105627,3523296417,1354429876,2305480722,831391274,2109543898,164468655
dimwishlist:item=2528793321&perks=839105230,3824105627,3523296417,1354429876,2305480722,831391274,2109543898,164468655
dimwishlist:item=2528793321&perks=1840239774,3824105627,3523296417,1354429876,2305480722,831391274,2109543898,164468655
dimwishlist:item=2528793321&perks=839105230,2420895100,3824105627,3523296417,1354429876,2305480722,831391274,2109543898
dimwishlist:item=2528793321&perks=1840239774,2420895100,3824105627,3523296417,1354429876,2305480722,831391274,2109543898
dimwishlist:item=2528793321&perks=839105230,1840239774,3824105627,3523296417,1354429876,2305480722,831391274,2109543898
dimwishlist:item=2528793321&perks=3824105627,3523296417,1354429876,2305480722,831391274,2109543898,164468655
dimwishlist:item=2528793321&perks=2420895100,3824105627,3523296417,1354429876,2305480722,831391274,2109543898
dimwishlist:item=2528793321&perks=839105230,3824105627,3523296417,1354429876,2305480722,831391274,2109543898
dimwishlist:item=2528793321&perks=1840239774,3824105627,3523296417,1354429876,2305480722,831391274,2109543898
dimwishlist:item=2528793321&perks=3824105627,3523296417,1354429876,2305480722,831391274,2109543898

// Ulterior Observation
//notes:S-Tier. solid origin and great neutral perks. Origin: Exhaustive Research
dimwishlist:item=1079872540&perks=839105230,1840239774,2420895100,3523296417,124408337,3987942396,2848615171,1955165503,557221067,1906137414
dimwishlist:item=1079872540&perks=839105230,2420895100,3523296417,124408337,3987942396,2848615171,1955165503,557221067,1906137414
dimwishlist:item=1079872540&perks=1840239774,2420895100,3523296417,124408337,3987942396,2848615171,1955165503,557221067,1906137414
dimwishlist:item=1079872540&perks=839105230,1840239774,3523296417,124408337,3987942396,2848615171,1955165503,557221067,1906137414
dimwishlist:item=1079872540&perks=839105230,1840239774,2420895100,3523296417,124408337,3987942396,2848615171,1955165503,557221067
dimwishlist:item=1079872540&perks=2420895100,3523296417,124408337,3987942396,2848615171,1955165503,557221067,1906137414
dimwishlist:item=1079872540&perks=839105230,3523296417,124408337,3987942396,2848615171,1955165503,557221067,1906137414
dimwishlist:item=1079872540&perks=1840239774,3523296417,124408337,3987942396,2848615171,1955165503,557221067,1906137414
dimwishlist:item=1079872540&perks=839105230,2420895100,3523296417,124408337,3987942396,2848615171,1955165503,557221067
dimwishlist:item=1079872540&perks=1840239774,2420895100,3523296417,124408337,3987942396,2848615171,1955165503,557221067
dimwishlist:item=1079872540&perks=839105230,1840239774,3523296417,124408337,3987942396,2848615171,1955165503,557221067
dimwishlist:item=1079872540&perks=3523296417,124408337,3987942396,2848615171,1955165503,557221067,1906137414
dimwishlist:item=1079872540&perks=2420895100,3523296417,124408337,3987942396,2848615171,1955165503,557221067
dimwishlist:item=1079872540&perks=839105230,3523296417,124408337,3987942396,2848615171,1955165503,557221067
dimwishlist:item=1079872540&perks=1840239774,3523296417,124408337,3987942396,2848615171,1955165503,557221067
dimwishlist:item=1079872540&perks=3523296417,124408337,3987942396,2848615171,1955165503,557221067

// Corrective Measure
//notes:S-Tier. great origin and good neutral perks with option for double splash/damage. Origin: Timelost Magazine
dimwishlist:item=2334480463&perks=839105230,1840239774,106909392,2048641572,3824105627,3523296417,4049631843,1464081238,557221067,2589407652
dimwishlist:item=2334480463&perks=839105230,106909392,2048641572,3824105627,3523296417,4049631843,1464081238,557221067,2589407652
dimwishlist:item=2334480463&perks=1840239774,106909392,2048641572,3824105627,3523296417,4049631843,1464081238,557221067,2589407652
dimwishlist:item=2334480463&perks=839105230,1840239774,2048641572,3824105627,3523296417,4049631843,1464081238,557221067,2589407652
dimwishlist:item=2334480463&perks=839105230,1840239774,106909392,2048641572,3824105627,3523296417,4049631843,1464081238,557221067
dimwishlist:item=2334480463&perks=106909392,2048641572,3824105627,3523296417,4049631843,1464081238,557221067,2589407652
dimwishlist:item=2334480463&perks=839105230,2048641572,3824105627,3523296417,4049631843,1464081238,557221067,2589407652
dimwishlist:item=2334480463&perks=1840239774,2048641572,3824105627,3523296417,4049631843,1464081238,557221067,2589407652
dimwishlist:item=2334480463&perks=839105230,106909392,2048641572,3824105627,3523296417,4049631843,1464081238,557221067
dimwishlist:item=2334480463&perks=1840239774,106909392,2048641572,3824105627,3523296417,4049631843,1464081238,557221067
dimwishlist:item=2334480463&perks=839105230,1840239774,2048641572,3824105627,3523296417,4049631843,1464081238,557221067
dimwishlist:item=2334480463&perks=2048641572,3824105627,3523296417,4049631843,1464081238,557221067,2589407652
dimwishlist:item=2334480463&perks=106909392,2048641572,3824105627,3523296417,4049631843,1464081238,557221067
dimwishlist:item=2334480463&perks=839105230,2048641572,3824105627,3523296417,4049631843,1464081238,557221067
dimwishlist:item=2334480463&perks=1840239774,2048641572,3824105627,3523296417,4049631843,1464081238,557221067
dimwishlist:item=2334480463&perks=2048641572,3824105627,3523296417,4049631843,1464081238,557221067

// Corrective Measure
//notes:S-Tier. great origin and good neutral perks with option for double splash/damage. Origin: Timelost Magazine
dimwishlist:item=3796510434&perks=839105230,1840239774,106909392,3824105627,3523296417,4049631843
dimwishlist:item=3796510434&perks=839105230,106909392,3824105627,3523296417,4049631843
dimwishlist:item=3796510434&perks=1840239774,106909392,3824105627,3523296417,4049631843
dimwishlist:item=3796510434&perks=839105230,1840239774,3824105627,3523296417,4049631843
dimwishlist:item=3796510434&perks=106909392,3824105627,3523296417,4049631843
dimwishlist:item=3796510434&perks=839105230,3824105627,3523296417,4049631843
dimwishlist:item=3796510434&perks=1840239774,3824105627,3523296417,4049631843
dimwishlist:item=3796510434&perks=3824105627,3523296417,4049631843

// Corrective Measure
//notes:S-Tier. great origin and good neutral perks with option for double splash/damage. Origin: Timelost Magazine
dimwishlist:item=3654744298&perks=839105230,1840239774,106909392,2048641572,3824105627,3523296417,4049631843,1464081238,557221067,2589407652
dimwishlist:item=3654744298&perks=839105230,106909392,2048641572,3824105627,3523296417,4049631843,1464081238,557221067,2589407652
dimwishlist:item=3654744298&perks=1840239774,106909392,2048641572,3824105627,3523296417,4049631843,1464081238,557221067,2589407652
dimwishlist:item=3654744298&perks=839105230,1840239774,2048641572,3824105627,3523296417,4049631843,1464081238,557221067,2589407652
dimwishlist:item=3654744298&perks=839105230,1840239774,106909392,2048641572,3824105627,3523296417,4049631843,1464081238,557221067
dimwishlist:item=3654744298&perks=106909392,2048641572,3824105627,3523296417,4049631843,1464081238,557221067,2589407652
dimwishlist:item=3654744298&perks=839105230,2048641572,3824105627,3523296417,4049631843,1464081238,557221067,2589407652
dimwishlist:item=3654744298&perks=1840239774,2048641572,3824105627,3523296417,4049631843,1464081238,557221067,2589407652
dimwishlist:item=3654744298&perks=839105230,106909392,2048641572,3824105627,3523296417,4049631843,1464081238,557221067
dimwishlist:item=3654744298&perks=1840239774,106909392,2048641572,3824105627,3523296417,4049631843,1464081238,557221067
dimwishlist:item=3654744298&perks=839105230,1840239774,2048641572,3824105627,3523296417,4049631843,1464081238,557221067
dimwishlist:item=3654744298&perks=2048641572,3824105627,3523296417,4049631843,1464081238,557221067,2589407652
dimwishlist:item=3654744298&perks=106909392,2048641572,3824105627,3523296417,4049631843,1464081238,557221067
dimwishlist:item=3654744298&perks=839105230,2048641572,3824105627,3523296417,4049631843,1464081238,557221067
dimwishlist:item=3654744298&perks=1840239774,2048641572,3824105627,3523296417,4049631843,1464081238,557221067
dimwishlist:item=3654744298&perks=2048641572,3824105627,3523296417,4049631843,1464081238,557221067

// Corrective Measure
//notes:S-Tier. great origin and good neutral perks with option for double splash/damage. Origin: Timelost Magazine
dimwishlist:item=471518543&perks=839105230,1840239774,106909392,3824105627,3523296417,4049631843
dimwishlist:item=471518543&perks=839105230,106909392,3824105627,3523296417,4049631843
dimwishlist:item=471518543&perks=1840239774,106909392,3824105627,3523296417,4049631843
dimwishlist:item=471518543&perks=839105230,1840239774,3824105627,3523296417,4049631843
dimwishlist:item=471518543&perks=106909392,3824105627,3523296417,4049631843
dimwishlist:item=471518543&perks=839105230,3824105627,3523296417,4049631843
dimwishlist:item=471518543&perks=1840239774,3824105627,3523296417,4049631843
dimwishlist:item=471518543&perks=3824105627,3523296417,4049631843

// Chain of Command
//notes:S-Tier. decent double splash, good origin, option for Demo reload. Origin: Wild Card
dimwishlist:item=3105930175&perks=839105230,3523296417
dimwishlist:item=3105930175&perks=3523296417

// Chain of Command
//notes:S-Tier. decent double splash, good origin, option for Demo reload. Origin: Wild Card
dimwishlist:item=1716620044&perks=839105230,1840239774,2420895100,124408337,3643424744,657025441,3523296417,2109543898,1050127423
dimwishlist:item=1716620044&perks=839105230,2420895100,124408337,3643424744,657025441,3523296417,2109543898,1050127423
dimwishlist:item=1716620044&perks=1840239774,2420895100,124408337,3643424744,657025441,3523296417,2109543898,1050127423
dimwishlist:item=1716620044&perks=839105230,1840239774,124408337,3643424744,657025441,3523296417,2109543898,1050127423
dimwishlist:item=1716620044&perks=839105230,1840239774,2420895100,124408337,3643424744,657025441,3523296417,2109543898
dimwishlist:item=1716620044&perks=2420895100,124408337,3643424744,657025441,3523296417,2109543898,1050127423
dimwishlist:item=1716620044&perks=839105230,124408337,3643424744,657025441,3523296417,2109543898,1050127423
dimwishlist:item=1716620044&perks=1840239774,124408337,3643424744,657025441,3523296417,2109543898,1050127423
dimwishlist:item=1716620044&perks=839105230,2420895100,124408337,3643424744,657025441,3523296417,2109543898
dimwishlist:item=1716620044&perks=1840239774,2420895100,124408337,3643424744,657025441,3523296417,2109543898
dimwishlist:item=1716620044&perks=839105230,1840239774,124408337,3643424744,657025441,3523296417,2109543898
dimwishlist:item=1716620044&perks=124408337,3643424744,657025441,3523296417,2109543898,1050127423
dimwishlist:item=1716620044&perks=2420895100,124408337,3643424744,657025441,3523296417,2109543898
dimwishlist:item=1716620044&perks=839105230,124408337,3643424744,657025441,3523296417,2109543898
dimwishlist:item=1716620044&perks=1840239774,124408337,3643424744,657025441,3523296417,2109543898
dimwishlist:item=1716620044&perks=124408337,3643424744,657025441,3523296417,2109543898

// Bane of Sorrow
//notes:S-Tier. best non-Demo LMG. Origin: Elliptical Orbit
dimwishlist:item=2601084711&perks=839105230,1840239774,2420895100,2048641572,3182497402,4019266109,2305480722,657025441,557221067,642688932
dimwishlist:item=2601084711&perks=839105230,2420895100,2048641572,3182497402,4019266109,2305480722,657025441,557221067,642688932
dimwishlist:item=2601084711&perks=1840239774,2420895100,2048641572,3182497402,4019266109,2305480722,657025441,557221067,642688932
dimwishlist:item=2601084711&perks=839105230,1840239774,2048641572,3182497402,4019266109,2305480722,657025441,557221067,642688932
dimwishlist:item=2601084711&perks=839105230,1840239774,2420895100,2048641572,3182497402,4019266109,2305480722,657025441,557221067
dimwishlist:item=2601084711&perks=2420895100,2048641572,3182497402,4019266109,2305480722,657025441,557221067,642688932
dimwishlist:item=2601084711&perks=839105230,2048641572,3182497402,4019266109,2305480722,657025441,557221067,642688932
dimwishlist:item=2601084711&perks=1840239774,2048641572,3182497402,4019266109,2305480722,657025441,557221067,642688932
dimwishlist:item=2601084711&perks=839105230,2420895100,2048641572,3182497402,4019266109,2305480722,657025441,557221067
dimwishlist:item=2601084711&perks=1840239774,2420895100,2048641572,3182497402,4019266109,2305480722,657025441,557221067
dimwishlist:item=2601084711&perks=839105230,1840239774,2048641572,3182497402,4019266109,2305480722,657025441,557221067
dimwishlist:item=2601084711&perks=2048641572,3182497402,4019266109,2305480722,657025441,557221067,642688932
dimwishlist:item=2601084711&perks=2420895100,2048641572,3182497402,4019266109,2305480722,657025441,557221067
dimwishlist:item=2601084711&perks=839105230,2048641572,3182497402,4019266109,2305480722,657025441,557221067
dimwishlist:item=2601084711&perks=1840239774,2048641572,3182497402,4019266109,2305480722,657025441,557221067
dimwishlist:item=2601084711&perks=2048641572,3182497402,4019266109,2305480722,657025441,557221067

// Bane of Sorrow
//notes:S-Tier. best non-Demo LMG. Origin: Elliptical Orbit
dimwishlist:item=3779290676&perks=839105230,1840239774,2420895100,2048641572,3182497402,4019266109,2305480722,657025441,557221067,642688932
dimwishlist:item=3779290676&perks=839105230,2420895100,2048641572,3182497402,4019266109,2305480722,657025441,557221067,642688932
dimwishlist:item=3779290676&perks=1840239774,2420895100,2048641572,3182497402,4019266109,2305480722,657025441,557221067,642688932
dimwishlist:item=3779290676&perks=839105230,1840239774,2048641572,3182497402,4019266109,2305480722,657025441,557221067,642688932
dimwishlist:item=3779290676&perks=839105230,1840239774,2420895100,2048641572,3182497402,4019266109,2305480722,657025441,557221067
dimwishlist:item=3779290676&perks=2420895100,2048641572,3182497402,4019266109,2305480722,657025441,557221067,642688932
dimwishlist:item=3779290676&perks=839105230,2048641572,3182497402,4019266109,2305480722,657025441,557221067,642688932
dimwishlist:item=3779290676&perks=1840239774,2048641572,3182497402,4019266109,2305480722,657025441,557221067,642688932
dimwishlist:item=3779290676&perks=839105230,2420895100,2048641572,3182497402,4019266109,2305480722,657025441,557221067
dimwishlist:item=3779290676&perks=1840239774,2420895100,2048641572,3182497402,4019266109,2305480722,657025441,557221067
dimwishlist:item=3779290676&perks=839105230,1840239774,2048641572,3182497402,4019266109,2305480722,657025441,557221067
dimwishlist:item=3779290676&perks=2048641572,3182497402,4019266109,2305480722,657025441,557221067,642688932
dimwishlist:item=3779290676&perks=2420895100,2048641572,3182497402,4019266109,2305480722,657025441,557221067
dimwishlist:item=3779290676&perks=839105230,2048641572,3182497402,4019266109,2305480722,657025441,557221067
dimwishlist:item=3779290676&perks=1840239774,2048641572,3182497402,4019266109,2305480722,657025441,557221067
dimwishlist:item=3779290676&perks=2048641572,3182497402,4019266109,2305480722,657025441,557221067

// Qullim's Terminus
//notes:S-Tier. finally got usable 1st column, solid package otherwise. Origin: Runneth Over
dimwishlist:item=3248429089&perks=839105230,1840239774,106909392,3523296417,2305480722,2922950962,124408337,120721526
dimwishlist:item=3248429089&perks=839105230,106909392,3523296417,2305480722,2922950962,124408337,120721526
dimwishlist:item=3248429089&perks=1840239774,106909392,3523296417,2305480722,2922950962,124408337,120721526
dimwishlist:item=3248429089&perks=839105230,1840239774,3523296417,2305480722,2922950962,124408337,120721526
dimwishlist:item=3248429089&perks=839105230,1840239774,106909392,3523296417,2305480722,2922950962,124408337
dimwishlist:item=3248429089&perks=106909392,3523296417,2305480722,2922950962,124408337,120721526
dimwishlist:item=3248429089&perks=839105230,3523296417,2305480722,2922950962,124408337,120721526
dimwishlist:item=3248429089&perks=1840239774,3523296417,2305480722,2922950962,124408337,120721526
dimwishlist:item=3248429089&perks=839105230,106909392,3523296417,2305480722,2922950962,124408337
dimwishlist:item=3248429089&perks=1840239774,106909392,3523296417,2305480722,2922950962,124408337
dimwishlist:item=3248429089&perks=839105230,1840239774,3523296417,2305480722,2922950962,124408337
dimwishlist:item=3248429089&perks=3523296417,2305480722,2922950962,124408337,120721526
dimwishlist:item=3248429089&perks=106909392,3523296417,2305480722,2922950962,124408337
dimwishlist:item=3248429089&perks=839105230,3523296417,2305480722,2922950962,124408337
dimwishlist:item=3248429089&perks=1840239774,3523296417,2305480722,2922950962,124408337
dimwishlist:item=3248429089&perks=3523296417,2305480722,2922950962,124408337

// Qullim's Terminus
//notes:S-Tier. finally got usable 1st column, solid package otherwise. Origin: Runneth Over
dimwishlist:item=1321506184&perks=839105230,1840239774,106909392,3523296417,2305480722,2922950962,124408337,120721526
dimwishlist:item=1321506184&perks=839105230,106909392,3523296417,2305480722,2922950962,124408337,120721526
dimwishlist:item=1321506184&perks=1840239774,106909392,3523296417,2305480722,2922950962,124408337,120721526
dimwishlist:item=1321506184&perks=839105230,1840239774,3523296417,2305480722,2922950962,124408337,120721526
dimwishlist:item=1321506184&perks=839105230,1840239774,106909392,3523296417,2305480722,2922950962,124408337
dimwishlist:item=1321506184&perks=106909392,3523296417,2305480722,2922950962,124408337,120721526
dimwishlist:item=1321506184&perks=839105230,3523296417,2305480722,2922950962,124408337,120721526
dimwishlist:item=1321506184&perks=1840239774,3523296417,2305480722,2922950962,124408337,120721526
dimwishlist:item=1321506184&perks=839105230,106909392,3523296417,2305480722,2922950962,124408337
dimwishlist:item=1321506184&perks=1840239774,106909392,3523296417,2305480722,2922950962,124408337
dimwishlist:item=1321506184&perks=839105230,1840239774,3523296417,2305480722,2922950962,124408337
dimwishlist:item=1321506184&perks=3523296417,2305480722,2922950962,124408337,120721526
dimwishlist:item=1321506184&perks=106909392,3523296417,2305480722,2922950962,124408337
dimwishlist:item=1321506184&perks=839105230,3523296417,2305480722,2922950962,124408337
dimwishlist:item=1321506184&perks=1840239774,3523296417,2305480722,2922950962,124408337
dimwishlist:item=1321506184&perks=3523296417,2305480722,2922950962,124408337

// Hezen Vengeance
//notes:S-Tier. double damage options, insane origin, Bipod swap option. Origin: Timelost Magazine
dimwishlist:item=2265407516&perks=3525010810,3796465595,3987942396,1275731761,4019266109,3078487919,3764420437,1439600632,2589407652
dimwishlist:item=2265407516&perks=3796465595,3987942396,1275731761,4019266109,3078487919,3764420437,1439600632,2589407652
dimwishlist:item=2265407516&perks=3525010810,3987942396,1275731761,4019266109,3078487919,3764420437,1439600632,2589407652
dimwishlist:item=2265407516&perks=3525010810,3796465595,3987942396,1275731761,4019266109,3078487919,3764420437,1439600632
dimwishlist:item=2265407516&perks=3987942396,1275731761,4019266109,3078487919,3764420437,1439600632,2589407652
dimwishlist:item=2265407516&perks=3796465595,3987942396,1275731761,4019266109,3078487919,3764420437,1439600632
dimwishlist:item=2265407516&perks=3525010810,3987942396,1275731761,4019266109,3078487919,3764420437,1439600632
dimwishlist:item=2265407516&perks=3987942396,1275731761,4019266109,3078487919,3764420437,1439600632

// Hezen Vengeance
//notes:S-Tier. double damage options, insane origin, Bipod swap option. Origin: Timelost Magazine
dimwishlist:item=4050645223&perks=3525010810,3796465595,1275731761
dimwishlist:item=4050645223&perks=3796465595,1275731761
dimwishlist:item=4050645223&perks=3525010810,1275731761
dimwishlist:item=4050645223&perks=1275731761

// Hezen Vengeance
//notes:S-Tier. double damage options, insane origin, Bipod swap option. Origin: Timelost Magazine
dimwishlist:item=3623686757&perks=3525010810,3796465595,3987942396,1275731761,4019266109,3078487919,3764420437,1439600632,2589407652
dimwishlist:item=3623686757&perks=3796465595,3987942396,1275731761,4019266109,3078487919,3764420437,1439600632,2589407652
dimwishlist:item=3623686757&perks=3525010810,3987942396,1275731761,4019266109,3078487919,3764420437,1439600632,2589407652
dimwishlist:item=3623686757&perks=3525010810,3796465595,3987942396,1275731761,4019266109,3078487919,3764420437,1439600632
dimwishlist:item=3623686757&perks=3987942396,1275731761,4019266109,3078487919,3764420437,1439600632,2589407652
dimwishlist:item=3623686757&perks=3796465595,3987942396,1275731761,4019266109,3078487919,3764420437,1439600632
dimwishlist:item=3623686757&perks=3525010810,3987942396,1275731761,4019266109,3078487919,3764420437,1439600632
dimwishlist:item=3623686757&perks=3987942396,1275731761,4019266109,3078487919,3764420437,1439600632

// Hezen Vengeance
//notes:S-Tier. double damage options, insane origin, Bipod swap option. Origin: Timelost Magazine
dimwishlist:item=1921159786&perks=3525010810,3796465595,1275731761
dimwishlist:item=1921159786&perks=3796465595,1275731761
dimwishlist:item=1921159786&perks=3525010810,1275731761
dimwishlist:item=1921159786&perks=1275731761

// Cynosure
//notes:S-Tier. Envious + decent perks + Accelerated Assault + good frame. Origin: Accelerated Assault
dimwishlist:item=2511482352&perks=3525010810,3796465595,3987942396,3764420437,3078487919,1439600632,2697390518
dimwishlist:item=2511482352&perks=3796465595,3987942396,3764420437,3078487919,1439600632,2697390518
dimwishlist:item=2511482352&perks=3525010810,3987942396,3764420437,3078487919,1439600632,2697390518
dimwishlist:item=2511482352&perks=3525010810,3796465595,3987942396,3764420437,3078487919,1439600632
dimwishlist:item=2511482352&perks=3987942396,3764420437,3078487919,1439600632,2697390518
dimwishlist:item=2511482352&perks=3796465595,3987942396,3764420437,3078487919,1439600632
dimwishlist:item=2511482352&perks=3525010810,3987942396,3764420437,3078487919,1439600632
dimwishlist:item=2511482352&perks=3987942396,3764420437,3078487919,1439600632

// Cynosure
//notes:S-Tier. Envious + decent perks + Accelerated Assault + good frame. Origin: Accelerated Assault
dimwishlist:item=2827141087&perks=3525010810,3796465595,3987942396,3764420437,3078487919,1439600632
dimwishlist:item=2827141087&perks=3796465595,3987942396,3764420437,3078487919,1439600632
dimwishlist:item=2827141087&perks=3525010810,3987942396,3764420437,3078487919,1439600632
dimwishlist:item=2827141087&perks=3987942396,3764420437,3078487919,1439600632

// Cynosure
//notes:S-Tier. Envious + decent perks + Accelerated Assault + good frame. Origin: Accelerated Assault
dimwishlist:item=694275488&perks=3525010810,3796465595,3987942396,1439600632
dimwishlist:item=694275488&perks=3796465595,3987942396,1439600632
dimwishlist:item=694275488&perks=3525010810,3987942396,1439600632
dimwishlist:item=694275488&perks=3987942396,1439600632

// The Hothead
//notes:S-Tier. essentially identical to Cynosure. Origin: Accelerated Assault
dimwishlist:item=3960301269&perks=3525010810,3796465595,3987942396,3764420437,1089671869,1439600632,2697390518
dimwishlist:item=3960301269&perks=3796465595,3987942396,3764420437,1089671869,1439600632,2697390518
dimwishlist:item=3960301269&perks=3525010810,3987942396,3764420437,1089671869,1439600632,2697390518
dimwishlist:item=3960301269&perks=3525010810,3796465595,3987942396,3764420437,1089671869,1439600632
dimwishlist:item=3960301269&perks=3987942396,3764420437,1089671869,1439600632,2697390518
dimwishlist:item=3960301269&perks=3796465595,3987942396,3764420437,1089671869,1439600632
dimwishlist:item=3960301269&perks=3525010810,3987942396,3764420437,1089671869,1439600632
dimwishlist:item=3960301269&perks=3987942396,3764420437,1089671869,1439600632

// The Hothead
//notes:S-Tier. essentially identical to Cynosure. Origin: Accelerated Assault
dimwishlist:item=1692372662&perks=3525010810,3796465595,3987942396,3764420437,1089671869,1439600632
dimwishlist:item=1692372662&perks=3796465595,3987942396,3764420437,1089671869,1439600632
dimwishlist:item=1692372662&perks=3525010810,3987942396,3764420437,1089671869,1439600632
dimwishlist:item=1692372662&perks=3987942396,3764420437,1089671869,1439600632

// The When and Where
//notes:S-Tier. missing Envious but great otherwise as a burst specialist. Origin: Frame of Reference
dimwishlist:item=1090936013&perks=3525010810,3796465595,2284787283,1523832109,3643424744,3078487919,1089671869,1439600632,2597494435
dimwishlist:item=1090936013&perks=3796465595,2284787283,1523832109,3643424744,3078487919,1089671869,1439600632,2597494435
dimwishlist:item=1090936013&perks=3525010810,2284787283,1523832109,3643424744,3078487919,1089671869,1439600632,2597494435
dimwishlist:item=1090936013&perks=3525010810,3796465595,2284787283,1523832109,3643424744,3078487919,1089671869,1439600632
dimwishlist:item=1090936013&perks=2284787283,1523832109,3643424744,3078487919,1089671869,1439600632,2597494435
dimwishlist:item=1090936013&perks=3796465595,2284787283,1523832109,3643424744,3078487919,1089671869,1439600632
dimwishlist:item=1090936013&perks=3525010810,2284787283,1523832109,3643424744,3078487919,1089671869,1439600632
dimwishlist:item=1090936013&perks=2284787283,1523832109,3643424744,3078487919,1089671869,1439600632

// Crux Celeritas IV
//notes:S-Tier. basically The When and Where with worse origin. Origin: Wild Card
dimwishlist:item=2846261712&perks=3525010810,3796465595,1523832109,2284787283,3764420437,1089671869,1439600632,1050127423
dimwishlist:item=2846261712&perks=3796465595,1523832109,2284787283,3764420437,1089671869,1439600632,1050127423
dimwishlist:item=2846261712&perks=3525010810,1523832109,2284787283,3764420437,1089671869,1439600632,1050127423
dimwishlist:item=2846261712&perks=3525010810,3796465595,1523832109,2284787283,3764420437,1089671869,1439600632
dimwishlist:item=2846261712&perks=1523832109,2284787283,3764420437,1089671869,1439600632,1050127423
dimwishlist:item=2846261712&perks=3796465595,1523832109,2284787283,3764420437,1089671869,1439600632
dimwishlist:item=2846261712&perks=3525010810,1523832109,2284787283,3764420437,1089671869,1439600632
dimwishlist:item=2846261712&perks=1523832109,2284787283,3764420437,1089671869,1439600632

// Crux Celeritas IV
//notes:S-Tier. basically The When and Where with worse origin. Origin: Wild Card
dimwishlist:item=391069235&perks=3525010810,3796465595,1523832109,2284787283,3764420437,1089671869,1439600632,1050127423
dimwishlist:item=391069235&perks=3796465595,1523832109,2284787283,3764420437,1089671869,1439600632,1050127423
dimwishlist:item=391069235&perks=3525010810,1523832109,2284787283,3764420437,1089671869,1439600632,1050127423
dimwishlist:item=391069235&perks=3525010810,3796465595,1523832109,2284787283,3764420437,1089671869,1439600632
dimwishlist:item=391069235&perks=1523832109,2284787283,3764420437,1089671869,1439600632,1050127423
dimwishlist:item=391069235&perks=3796465595,1523832109,2284787283,3764420437,1089671869,1439600632
dimwishlist:item=391069235&perks=3525010810,1523832109,2284787283,3764420437,1089671869,1439600632
dimwishlist:item=391069235&perks=1523832109,2284787283,3764420437,1089671869,1439600632

// Bellowing Giant
//notes:S-Tier. good perks but single dump is awkward. Origin: Forge's Kin
dimwishlist:item=412265080&perks=3525010810,3796465595,3927722942,3764420437,113508675,1439600632,2327629476
dimwishlist:item=412265080&perks=3796465595,3927722942,3764420437,113508675,1439600632,2327629476
dimwishlist:item=412265080&perks=3525010810,3927722942,3764420437,113508675,1439600632,2327629476
dimwishlist:item=412265080&perks=3525010810,3796465595,3927722942,3764420437,113508675,1439600632
dimwishlist:item=412265080&perks=3927722942,3764420437,113508675,1439600632,2327629476
dimwishlist:item=412265080&perks=3796465595,3927722942,3764420437,113508675,1439600632
dimwishlist:item=412265080&perks=3525010810,3927722942,3764420437,113508675,1439600632
dimwishlist:item=412265080&perks=3927722942,3764420437,113508675,1439600632

// Bellowing Giant
//notes:S-Tier. good perks but single dump is awkward. Origin: Forge's Kin
dimwishlist:item=1889005379&perks=3525010810,3796465595,3927722942,3764420437,113508675,1439600632,2327629476
dimwishlist:item=1889005379&perks=3796465595,3927722942,3764420437,113508675,1439600632,2327629476
dimwishlist:item=1889005379&perks=3525010810,3927722942,3764420437,113508675,1439600632,2327629476
dimwishlist:item=1889005379&perks=3525010810,3796465595,3927722942,3764420437,113508675,1439600632
dimwishlist:item=1889005379&perks=3927722942,3764420437,113508675,1439600632,2327629476
dimwishlist:item=1889005379&perks=3796465595,3927722942,3764420437,113508675,1439600632
dimwishlist:item=1889005379&perks=3525010810,3927722942,3764420437,113508675,1439600632
dimwishlist:item=1889005379&perks=3927722942,3764420437,113508675,1439600632

// Roar of the Bear
//notes:S-Tier. true double damage perks, need to find a way to dump though. Origin: Skulking Wolf
dimwishlist:item=2881109029&perks=3525010810,3796465595,3194351027,1523832109,113508675,1439600632,3989629871
dimwishlist:item=2881109029&perks=3796465595,3194351027,1523832109,113508675,1439600632,3989629871
dimwishlist:item=2881109029&perks=3525010810,3194351027,1523832109,113508675,1439600632,3989629871
dimwishlist:item=2881109029&perks=3525010810,3796465595,3194351027,1523832109,113508675,1439600632
dimwishlist:item=2881109029&perks=3194351027,1523832109,113508675,1439600632,3989629871
dimwishlist:item=2881109029&perks=3796465595,3194351027,1523832109,113508675,1439600632
dimwishlist:item=2881109029&perks=3525010810,3194351027,1523832109,113508675,1439600632
dimwishlist:item=2881109029&perks=3194351027,1523832109,113508675,1439600632

// Apex Predator
//notes:S-Tier. double damage with Cluster, just worse origin than Hezen. Origin: Explosive Pact
dimwishlist:item=2545083870&perks=3525010810,3796465595,1275731761
dimwishlist:item=2545083870&perks=3796465595,1275731761
dimwishlist:item=2545083870&perks=3525010810,1275731761
dimwishlist:item=2545083870&perks=1275731761

// Apex Predator
//notes:S-Tier. double damage with Cluster, just worse origin than Hezen. Origin: Explosive Pact
dimwishlist:item=1851777734&perks=3525010810,3796465595,1523832109,1275731761,2396489472,3078487919,113508675,1439600632,1489048135
dimwishlist:item=1851777734&perks=3796465595,1523832109,1275731761,2396489472,3078487919,113508675,1439600632,1489048135
dimwishlist:item=1851777734&perks=3525010810,1523832109,1275731761,2396489472,3078487919,113508675,1439600632,1489048135
dimwishlist:item=1851777734&perks=3525010810,3796465595,1523832109,1275731761,2396489472,3078487919,113508675,1439600632
dimwishlist:item=1851777734&perks=1523832109,1275731761,2396489472,3078487919,113508675,1439600632,1489048135
dimwishlist:item=1851777734&perks=3796465595,1523832109,1275731761,2396489472,3078487919,113508675,1439600632
dimwishlist:item=1851777734&perks=3525010810,1523832109,1275731761,2396489472,3078487919,113508675,1439600632
dimwishlist:item=1851777734&perks=1523832109,1275731761,2396489472,3078487919,113508675,1439600632

// Synanceia
//notes:S-Tier. Sharp Harvest with Eager interesting, also great for damage. Origin: Tenacity
dimwishlist:item=2765451288&perks=3666208348,938542991,269888150,2349202967,1749209109,243981275,4132187021,1089671869,2077819806,2890807135,3911709647
dimwishlist:item=2765451288&perks=3666208348,269888150,2349202967,1749209109,243981275,4132187021,1089671869,2077819806,2890807135,3911709647
dimwishlist:item=2765451288&perks=3666208348,938542991,269888150,1749209109,243981275,4132187021,1089671869,2077819806,2890807135,3911709647
dimwishlist:item=2765451288&perks=938542991,269888150,2349202967,1749209109,243981275,4132187021,1089671869,2077819806,2890807135,3911709647
dimwishlist:item=2765451288&perks=3666208348,938542991,2349202967,1749209109,243981275,4132187021,1089671869,2077819806,2890807135,3911709647
dimwishlist:item=2765451288&perks=3666208348,938542991,269888150,2349202967,1749209109,243981275,4132187021,1089671869,2077819806,2890807135
dimwishlist:item=2765451288&perks=3666208348,269888150,1749209109,243981275,4132187021,1089671869,2077819806,2890807135,3911709647
dimwishlist:item=2765451288&perks=269888150,2349202967,1749209109,243981275,4132187021,1089671869,2077819806,2890807135,3911709647
dimwishlist:item=2765451288&perks=3666208348,2349202967,1749209109,243981275,4132187021,1089671869,2077819806,2890807135,3911709647
dimwishlist:item=2765451288&perks=938542991,269888150,1749209109,243981275,4132187021,1089671869,2077819806,2890807135,3911709647
dimwishlist:item=2765451288&perks=3666208348,938542991,1749209109,243981275,4132187021,1089671869,2077819806,2890807135,3911709647
dimwishlist:item=2765451288&perks=938542991,2349202967,1749209109,243981275,4132187021,1089671869,2077819806,2890807135,3911709647
dimwishlist:item=2765451288&perks=3666208348,269888150,2349202967,1749209109,243981275,4132187021,1089671869,2077819806,2890807135
dimwishlist:item=2765451288&perks=3666208348,938542991,269888150,1749209109,243981275,4132187021,1089671869,2077819806,2890807135
dimwishlist:item=2765451288&perks=938542991,269888150,2349202967,1749209109,243981275,4132187021,1089671869,2077819806,2890807135
dimwishlist:item=2765451288&perks=3666208348,938542991,2349202967,1749209109,243981275,4132187021,1089671869,2077819806,2890807135
dimwishlist:item=2765451288&perks=269888150,1749209109,243981275,4132187021,1089671869,2077819806,2890807135,3911709647
dimwishlist:item=2765451288&perks=3666208348,1749209109,243981275,4132187021,1089671869,2077819806,2890807135,3911709647
dimwishlist:item=2765451288&perks=2349202967,1749209109,243981275,4132187021,1089671869,2077819806,2890807135,3911709647
dimwishlist:item=2765451288&perks=938542991,1749209109,243981275,4132187021,1089671869,2077819806,2890807135,3911709647
dimwishlist:item=2765451288&perks=3666208348,269888150,1749209109,243981275,4132187021,1089671869,2077819806,2890807135
dimwishlist:item=2765451288&perks=269888150,2349202967,1749209109,243981275,4132187021,1089671869,2077819806,2890807135
dimwishlist:item=2765451288&perks=3666208348,2349202967,1749209109,243981275,4132187021,1089671869,2077819806,2890807135
dimwishlist:item=2765451288&perks=938542991,269888150,1749209109,243981275,4132187021,1089671869,2077819806,2890807135
dimwishlist:item=2765451288&perks=3666208348,938542991,1749209109,243981275,4132187021,1089671869,2077819806,2890807135
dimwishlist:item=2765451288&perks=938542991,2349202967,1749209109,243981275,4132187021,1089671869,2077819806,2890807135
dimwishlist:item=2765451288&perks=1749209109,243981275,4132187021,1089671869,2077819806,2890807135,3911709647
dimwishlist:item=2765451288&perks=269888150,1749209109,243981275,4132187021,1089671869,2077819806,2890807135
dimwishlist:item=2765451288&perks=3666208348,1749209109,243981275,4132187021,1089671869,2077819806,2890807135
dimwishlist:item=2765451288&perks=2349202967,1749209109,243981275,4132187021,1089671869,2077819806,2890807135
dimwishlist:item=2765451288&perks=938542991,1749209109,243981275,4132187021,1089671869,2077819806,2890807135
dimwishlist:item=2765451288&perks=1749209109,243981275,4132187021,1089671869,2077819806,2890807135

// Synanceia
//notes:S-Tier. Sharp Harvest with Eager interesting, also great for damage. Origin: Tenacity
dimwishlist:item=2765451289&perks=3666208348,938542991,269888150,2349202967,1749209109,243981275,4132187021,1089671869,2077819806,2890807135,3911709647
dimwishlist:item=2765451289&perks=3666208348,269888150,2349202967,1749209109,243981275,4132187021,1089671869,2077819806,2890807135,3911709647
dimwishlist:item=2765451289&perks=3666208348,938542991,269888150,1749209109,243981275,4132187021,1089671869,2077819806,2890807135,3911709647
dimwishlist:item=2765451289&perks=938542991,269888150,2349202967,1749209109,243981275,4132187021,1089671869,2077819806,2890807135,3911709647
dimwishlist:item=2765451289&perks=3666208348,938542991,2349202967,1749209109,243981275,4132187021,1089671869,2077819806,2890807135,3911709647
dimwishlist:item=2765451289&perks=3666208348,938542991,269888150,2349202967,1749209109,243981275,4132187021,1089671869,2077819806,2890807135
dimwishlist:item=2765451289&perks=3666208348,269888150,1749209109,243981275,4132187021,1089671869,2077819806,2890807135,3911709647
dimwishlist:item=2765451289&perks=269888150,2349202967,1749209109,243981275,4132187021,1089671869,2077819806,2890807135,3911709647
dimwishlist:item=2765451289&perks=3666208348,2349202967,1749209109,243981275,4132187021,1089671869,2077819806,2890807135,3911709647
dimwishlist:item=2765451289&perks=938542991,269888150,1749209109,243981275,4132187021,1089671869,2077819806,2890807135,3911709647
dimwishlist:item=2765451289&perks=3666208348,938542991,1749209109,243981275,4132187021,1089671869,2077819806,2890807135,3911709647
dimwishlist:item=2765451289&perks=938542991,2349202967,1749209109,243981275,4132187021,1089671869,2077819806,2890807135,3911709647
dimwishlist:item=2765451289&perks=3666208348,269888150,2349202967,1749209109,243981275,4132187021,1089671869,2077819806,2890807135
dimwishlist:item=2765451289&perks=3666208348,938542991,269888150,1749209109,243981275,4132187021,1089671869,2077819806,2890807135
dimwishlist:item=2765451289&perks=938542991,269888150,2349202967,1749209109,243981275,4132187021,1089671869,2077819806,2890807135
dimwishlist:item=2765451289&perks=3666208348,938542991,2349202967,1749209109,243981275,4132187021,1089671869,2077819806,2890807135
dimwishlist:item=2765451289&perks=269888150,1749209109,243981275,4132187021,1089671869,2077819806,2890807135,3911709647
dimwishlist:item=2765451289&perks=3666208348,1749209109,243981275,4132187021,1089671869,2077819806,2890807135,3911709647
dimwishlist:item=2765451289&perks=2349202967,1749209109,243981275,4132187021,1089671869,2077819806,2890807135,3911709647
dimwishlist:item=2765451289&perks=938542991,1749209109,243981275,4132187021,1089671869,2077819806,2890807135,3911709647
dimwishlist:item=2765451289&perks=3666208348,269888150,1749209109,243981275,4132187021,1089671869,2077819806,2890807135
dimwishlist:item=2765451289&perks=269888150,2349202967,1749209109,243981275,4132187021,1089671869,2077819806,2890807135
dimwishlist:item=2765451289&perks=3666208348,2349202967,1749209109,243981275,4132187021,1089671869,2077819806,2890807135
dimwishlist:item=2765451289&perks=938542991,269888150,1749209109,243981275,4132187021,1089671869,2077819806,2890807135
dimwishlist:item=2765451289&perks=3666208348,938542991,1749209109,243981275,4132187021,1089671869,2077819806,2890807135
dimwishlist:item=2765451289&perks=938542991,2349202967,1749209109,243981275,4132187021,1089671869,2077819806,2890807135
dimwishlist:item=2765451289&perks=1749209109,243981275,4132187021,1089671869,2077819806,2890807135,3911709647
dimwishlist:item=2765451289&perks=269888150,1749209109,243981275,4132187021,1089671869,2077819806,2890807135
dimwishlist:item=2765451289&perks=3666208348,1749209109,243981275,4132187021,1089671869,2077819806,2890807135
dimwishlist:item=2765451289&perks=2349202967,1749209109,243981275,4132187021,1089671869,2077819806,2890807135
dimwishlist:item=2765451289&perks=938542991,1749209109,243981275,4132187021,1089671869,2077819806,2890807135
dimwishlist:item=2765451289&perks=1749209109,243981275,4132187021,1089671869,2077819806,2890807135

// Synanceia
//notes:S-Tier. Sharp Harvest with Eager interesting, also great for damage. Origin: Tenacity
dimwishlist:item=2765451290&perks=3666208348,938542991,269888150,2349202967,1749209109,243981275,4132187021,1089671869,2077819806,2890807135,3911709647
dimwishlist:item=2765451290&perks=3666208348,269888150,2349202967,1749209109,243981275,4132187021,1089671869,2077819806,2890807135,3911709647
dimwishlist:item=2765451290&perks=3666208348,938542991,269888150,1749209109,243981275,4132187021,1089671869,2077819806,2890807135,3911709647
dimwishlist:item=2765451290&perks=938542991,269888150,2349202967,1749209109,243981275,4132187021,1089671869,2077819806,2890807135,3911709647
dimwishlist:item=2765451290&perks=3666208348,938542991,2349202967,1749209109,243981275,4132187021,1089671869,2077819806,2890807135,3911709647
dimwishlist:item=2765451290&perks=3666208348,938542991,269888150,2349202967,1749209109,243981275,4132187021,1089671869,2077819806,2890807135
dimwishlist:item=2765451290&perks=3666208348,269888150,1749209109,243981275,4132187021,1089671869,2077819806,2890807135,3911709647
dimwishlist:item=2765451290&perks=269888150,2349202967,1749209109,243981275,4132187021,1089671869,2077819806,2890807135,3911709647
dimwishlist:item=2765451290&perks=3666208348,2349202967,1749209109,243981275,4132187021,1089671869,2077819806,2890807135,3911709647
dimwishlist:item=2765451290&perks=938542991,269888150,1749209109,243981275,4132187021,1089671869,2077819806,2890807135,3911709647
dimwishlist:item=2765451290&perks=3666208348,938542991,1749209109,243981275,4132187021,1089671869,2077819806,2890807135,3911709647
dimwishlist:item=2765451290&perks=938542991,2349202967,1749209109,243981275,4132187021,1089671869,2077819806,2890807135,3911709647
dimwishlist:item=2765451290&perks=3666208348,269888150,2349202967,1749209109,243981275,4132187021,1089671869,2077819806,2890807135
dimwishlist:item=2765451290&perks=3666208348,938542991,269888150,1749209109,243981275,4132187021,1089671869,2077819806,2890807135
dimwishlist:item=2765451290&perks=938542991,269888150,2349202967,1749209109,243981275,4132187021,1089671869,2077819806,2890807135
dimwishlist:item=2765451290&perks=3666208348,938542991,2349202967,1749209109,243981275,4132187021,1089671869,2077819806,2890807135
dimwishlist:item=2765451290&perks=269888150,1749209109,243981275,4132187021,1089671869,2077819806,2890807135,3911709647
dimwishlist:item=2765451290&perks=3666208348,1749209109,243981275,4132187021,1089671869,2077819806,2890807135,3911709647
dimwishlist:item=2765451290&perks=2349202967,1749209109,243981275,4132187021,1089671869,2077819806,2890807135,3911709647
dimwishlist:item=2765451290&perks=938542991,1749209109,243981275,4132187021,1089671869,2077819806,2890807135,3911709647
dimwishlist:item=2765451290&perks=3666208348,269888150,1749209109,243981275,4132187021,1089671869,2077819806,2890807135
dimwishlist:item=2765451290&perks=269888150,2349202967,1749209109,243981275,4132187021,1089671869,2077819806,2890807135
dimwishlist:item=2765451290&perks=3666208348,2349202967,1749209109,243981275,4132187021,1089671869,2077819806,2890807135
dimwishlist:item=2765451290&perks=938542991,269888150,1749209109,243981275,4132187021,1089671869,2077819806,2890807135
dimwishlist:item=2765451290&perks=3666208348,938542991,1749209109,243981275,4132187021,1089671869,2077819806,2890807135
dimwishlist:item=2765451290&perks=938542991,2349202967,1749209109,243981275,4132187021,1089671869,2077819806,2890807135
dimwishlist:item=2765451290&perks=1749209109,243981275,4132187021,1089671869,2077819806,2890807135,3911709647
dimwishlist:item=2765451290&perks=269888150,1749209109,243981275,4132187021,1089671869,2077819806,2890807135
dimwishlist:item=2765451290&perks=3666208348,1749209109,243981275,4132187021,1089671869,2077819806,2890807135
dimwishlist:item=2765451290&perks=2349202967,1749209109,243981275,4132187021,1089671869,2077819806,2890807135
dimwishlist:item=2765451290&perks=938542991,1749209109,243981275,4132187021,1089671869,2077819806,2890807135
dimwishlist:item=2765451290&perks=1749209109,243981275,4132187021,1089671869,2077819806,2890807135

// Synanceia
//notes:S-Tier. Sharp Harvest with Eager interesting, also great for damage. Origin: Tenacity
dimwishlist:item=2765451291&perks=3666208348,938542991,269888150,2349202967,1749209109,243981275,4132187021,1089671869,2077819806,2890807135,3911709647
dimwishlist:item=2765451291&perks=3666208348,269888150,2349202967,1749209109,243981275,4132187021,1089671869,2077819806,2890807135,3911709647
dimwishlist:item=2765451291&perks=3666208348,938542991,269888150,1749209109,243981275,4132187021,1089671869,2077819806,2890807135,3911709647
dimwishlist:item=2765451291&perks=938542991,269888150,2349202967,1749209109,243981275,4132187021,1089671869,2077819806,2890807135,3911709647
dimwishlist:item=2765451291&perks=3666208348,938542991,2349202967,1749209109,243981275,4132187021,1089671869,2077819806,2890807135,3911709647
dimwishlist:item=2765451291&perks=3666208348,938542991,269888150,2349202967,1749209109,243981275,4132187021,1089671869,2077819806,2890807135
dimwishlist:item=2765451291&perks=3666208348,269888150,1749209109,243981275,4132187021,1089671869,2077819806,2890807135,3911709647
dimwishlist:item=2765451291&perks=269888150,2349202967,1749209109,243981275,4132187021,1089671869,2077819806,2890807135,3911709647
dimwishlist:item=2765451291&perks=3666208348,2349202967,1749209109,243981275,4132187021,1089671869,2077819806,2890807135,3911709647
dimwishlist:item=2765451291&perks=938542991,269888150,1749209109,243981275,4132187021,1089671869,2077819806,2890807135,3911709647
dimwishlist:item=2765451291&perks=3666208348,938542991,1749209109,243981275,4132187021,1089671869,2077819806,2890807135,3911709647
dimwishlist:item=2765451291&perks=938542991,2349202967,1749209109,243981275,4132187021,1089671869,2077819806,2890807135,3911709647
dimwishlist:item=2765451291&perks=3666208348,269888150,2349202967,1749209109,243981275,4132187021,1089671869,2077819806,2890807135
dimwishlist:item=2765451291&perks=3666208348,938542991,269888150,1749209109,243981275,4132187021,1089671869,2077819806,2890807135
dimwishlist:item=2765451291&perks=938542991,269888150,2349202967,1749209109,243981275,4132187021,1089671869,2077819806,2890807135
dimwishlist:item=2765451291&perks=3666208348,938542991,2349202967,1749209109,243981275,4132187021,1089671869,2077819806,2890807135
dimwishlist:item=2765451291&perks=269888150,1749209109,243981275,4132187021,1089671869,2077819806,2890807135,3911709647
dimwishlist:item=2765451291&perks=3666208348,1749209109,243981275,4132187021,1089671869,2077819806,2890807135,3911709647
dimwishlist:item=2765451291&perks=2349202967,1749209109,243981275,4132187021,1089671869,2077819806,2890807135,3911709647
dimwishlist:item=2765451291&perks=938542991,1749209109,243981275,4132187021,1089671869,2077819806,2890807135,3911709647
dimwishlist:item=2765451291&perks=3666208348,269888150,1749209109,243981275,4132187021,1089671869,2077819806,2890807135
dimwishlist:item=2765451291&perks=269888150,2349202967,1749209109,243981275,4132187021,1089671869,2077819806,2890807135
dimwishlist:item=2765451291&perks=3666208348,2349202967,1749209109,243981275,4132187021,1089671869,2077819806,2890807135
dimwishlist:item=2765451291&perks=938542991,269888150,1749209109,243981275,4132187021,1089671869,2077819806,2890807135
dimwishlist:item=2765451291&perks=3666208348,938542991,1749209109,243981275,4132187021,1089671869,2077819806,2890807135
dimwishlist:item=2765451291&perks=938542991,2349202967,1749209109,243981275,4132187021,1089671869,2077819806,2890807135
dimwishlist:item=2765451291&perks=1749209109,243981275,4132187021,1089671869,2077819806,2890807135,3911709647
dimwishlist:item=2765451291&perks=269888150,1749209109,243981275,4132187021,1089671869,2077819806,2890807135
dimwishlist:item=2765451291&perks=3666208348,1749209109,243981275,4132187021,1089671869,2077819806,2890807135
dimwishlist:item=2765451291&perks=2349202967,1749209109,243981275,4132187021,1089671869,2077819806,2890807135
dimwishlist:item=2765451291&perks=938542991,1749209109,243981275,4132187021,1089671869,2077819806,2890807135
dimwishlist:item=2765451291&perks=1749209109,243981275,4132187021,1089671869,2077819806,2890807135

// Synanceia
//notes:S-Tier. Sharp Harvest with Eager interesting, also great for damage. Origin: Tenacity
dimwishlist:item=1823308496&perks=3666208348,938542991,269888150,2349202967,1749209109,243981275,4132187021,1089671869,2077819806,2890807135,3911709647
dimwishlist:item=1823308496&perks=3666208348,269888150,2349202967,1749209109,243981275,4132187021,1089671869,2077819806,2890807135,3911709647
dimwishlist:item=1823308496&perks=3666208348,938542991,269888150,1749209109,243981275,4132187021,1089671869,2077819806,2890807135,3911709647
dimwishlist:item=1823308496&perks=938542991,269888150,2349202967,1749209109,243981275,4132187021,1089671869,2077819806,2890807135,3911709647
dimwishlist:item=1823308496&perks=3666208348,938542991,2349202967,1749209109,243981275,4132187021,1089671869,2077819806,2890807135,3911709647
dimwishlist:item=1823308496&perks=3666208348,938542991,269888150,2349202967,1749209109,243981275,4132187021,1089671869,2077819806,2890807135
dimwishlist:item=1823308496&perks=3666208348,269888150,1749209109,243981275,4132187021,1089671869,2077819806,2890807135,3911709647
dimwishlist:item=1823308496&perks=269888150,2349202967,1749209109,243981275,4132187021,1089671869,2077819806,2890807135,3911709647
dimwishlist:item=1823308496&perks=3666208348,2349202967,1749209109,243981275,4132187021,1089671869,2077819806,2890807135,3911709647
dimwishlist:item=1823308496&perks=938542991,269888150,1749209109,243981275,4132187021,1089671869,2077819806,2890807135,3911709647
dimwishlist:item=1823308496&perks=3666208348,938542991,1749209109,243981275,4132187021,1089671869,2077819806,2890807135,3911709647
dimwishlist:item=1823308496&perks=938542991,2349202967,1749209109,243981275,4132187021,1089671869,2077819806,2890807135,3911709647
dimwishlist:item=1823308496&perks=3666208348,269888150,2349202967,1749209109,243981275,4132187021,1089671869,2077819806,2890807135
dimwishlist:item=1823308496&perks=3666208348,938542991,269888150,1749209109,243981275,4132187021,1089671869,2077819806,2890807135
dimwishlist:item=1823308496&perks=938542991,269888150,2349202967,1749209109,243981275,4132187021,1089671869,2077819806,2890807135
dimwishlist:item=1823308496&perks=3666208348,938542991,2349202967,1749209109,243981275,4132187021,1089671869,2077819806,2890807135
dimwishlist:item=1823308496&perks=269888150,1749209109,243981275,4132187021,1089671869,2077819806,2890807135,3911709647
dimwishlist:item=1823308496&perks=3666208348,1749209109,243981275,4132187021,1089671869,2077819806,2890807135,3911709647
dimwishlist:item=1823308496&perks=2349202967,1749209109,243981275,4132187021,1089671869,2077819806,2890807135,3911709647
dimwishlist:item=1823308496&perks=938542991,1749209109,243981275,4132187021,1089671869,2077819806,2890807135,3911709647
dimwishlist:item=1823308496&perks=3666208348,269888150,1749209109,243981275,4132187021,1089671869,2077819806,2890807135
dimwishlist:item=1823308496&perks=269888150,2349202967,1749209109,243981275,4132187021,1089671869,2077819806,2890807135
dimwishlist:item=1823308496&perks=3666208348,2349202967,1749209109,243981275,4132187021,1089671869,2077819806,2890807135
dimwishlist:item=1823308496&perks=938542991,269888150,1749209109,243981275,4132187021,1089671869,2077819806,2890807135
dimwishlist:item=1823308496&perks=3666208348,938542991,1749209109,243981275,4132187021,1089671869,2077819806,2890807135
dimwishlist:item=1823308496&perks=938542991,2349202967,1749209109,243981275,4132187021,1089671869,2077819806,2890807135
dimwishlist:item=1823308496&perks=1749209109,243981275,4132187021,1089671869,2077819806,2890807135,3911709647
dimwishlist:item=1823308496&perks=269888150,1749209109,243981275,4132187021,1089671869,2077819806,2890807135
dimwishlist:item=1823308496&perks=3666208348,1749209109,243981275,4132187021,1089671869,2077819806,2890807135
dimwishlist:item=1823308496&perks=2349202967,1749209109,243981275,4132187021,1089671869,2077819806,2890807135
dimwishlist:item=1823308496&perks=938542991,1749209109,243981275,4132187021,1089671869,2077819806,2890807135
dimwishlist:item=1823308496&perks=1749209109,243981275,4132187021,1089671869,2077819806,2890807135

// The Slammer
//notes:S-Tier. still best overall Eager sword. Origin: Accelerated Assault
dimwishlist:item=2466028274&perks=3666208348,938542991,269888150,2349202967,2077819806,2396489472,1749209109,3650930298,3640170453,3708227201
dimwishlist:item=2466028274&perks=3666208348,269888150,2349202967,2077819806,2396489472,1749209109,3650930298,3640170453,3708227201
dimwishlist:item=2466028274&perks=3666208348,938542991,269888150,2077819806,2396489472,1749209109,3650930298,3640170453,3708227201
dimwishlist:item=2466028274&perks=938542991,269888150,2349202967,2077819806,2396489472,1749209109,3650930298,3640170453,3708227201
dimwishlist:item=2466028274&perks=3666208348,938542991,2349202967,2077819806,2396489472,1749209109,3650930298,3640170453,3708227201
dimwishlist:item=2466028274&perks=3666208348,269888150,2077819806,2396489472,1749209109,3650930298,3640170453,3708227201
dimwishlist:item=2466028274&perks=269888150,2349202967,2077819806,2396489472,1749209109,3650930298,3640170453,3708227201
dimwishlist:item=2466028274&perks=3666208348,2349202967,2077819806,2396489472,1749209109,3650930298,3640170453,3708227201
dimwishlist:item=2466028274&perks=938542991,269888150,2077819806,2396489472,1749209109,3650930298,3640170453,3708227201
dimwishlist:item=2466028274&perks=3666208348,938542991,2077819806,2396489472,1749209109,3650930298,3640170453,3708227201
dimwishlist:item=2466028274&perks=938542991,2349202967,2077819806,2396489472,1749209109,3650930298,3640170453,3708227201
dimwishlist:item=2466028274&perks=269888150,2077819806,2396489472,1749209109,3650930298,3640170453,3708227201
dimwishlist:item=2466028274&perks=3666208348,2077819806,2396489472,1749209109,3650930298,3640170453,3708227201
dimwishlist:item=2466028274&perks=2349202967,2077819806,2396489472,1749209109,3650930298,3640170453,3708227201
dimwishlist:item=2466028274&perks=938542991,2077819806,2396489472,1749209109,3650930298,3640170453,3708227201
dimwishlist:item=2466028274&perks=2077819806,2396489472,1749209109,3650930298,3640170453,3708227201

// The Slammer
//notes:S-Tier. still best overall Eager sword. Origin: Accelerated Assault
dimwishlist:item=2889501828&perks=3666208348,938542991,269888150,2349202967,2077819806,2396489472,1749209109,3650930298
dimwishlist:item=2889501828&perks=3666208348,269888150,2349202967,2077819806,2396489472,1749209109,3650930298
dimwishlist:item=2889501828&perks=3666208348,938542991,269888150,2077819806,2396489472,1749209109,3650930298
dimwishlist:item=2889501828&perks=938542991,269888150,2349202967,2077819806,2396489472,1749209109,3650930298
dimwishlist:item=2889501828&perks=3666208348,938542991,2349202967,2077819806,2396489472,1749209109,3650930298
dimwishlist:item=2889501828&perks=3666208348,269888150,2077819806,2396489472,1749209109,3650930298
dimwishlist:item=2889501828&perks=269888150,2349202967,2077819806,2396489472,1749209109,3650930298
dimwishlist:item=2889501828&perks=3666208348,2349202967,2077819806,2396489472,1749209109,3650930298
dimwishlist:item=2889501828&perks=938542991,269888150,2077819806,2396489472,1749209109,3650930298
dimwishlist:item=2889501828&perks=3666208348,938542991,2077819806,2396489472,1749209109,3650930298
dimwishlist:item=2889501828&perks=938542991,2349202967,2077819806,2396489472,1749209109,3650930298
dimwishlist:item=2889501828&perks=269888150,2077819806,2396489472,1749209109,3650930298
dimwishlist:item=2889501828&perks=3666208348,2077819806,2396489472,1749209109,3650930298
dimwishlist:item=2889501828&perks=2349202967,2077819806,2396489472,1749209109,3650930298
dimwishlist:item=2889501828&perks=938542991,2077819806,2396489472,1749209109,3650930298
dimwishlist:item=2889501828&perks=2077819806,2396489472,1749209109,3650930298

// The Slammer
//notes:S-Tier. still best overall Eager sword. Origin: Accelerated Assault
dimwishlist:item=189854537&perks=3666208348,938542991,269888150,2349202967,2077819806,2396489472,1749209109,3650930298,3640170453,3708227201,2697390518
dimwishlist:item=189854537&perks=3666208348,269888150,2349202967,2077819806,2396489472,1749209109,3650930298,3640170453,3708227201,2697390518
dimwishlist:item=189854537&perks=3666208348,938542991,269888150,2077819806,2396489472,1749209109,3650930298,3640170453,3708227201,2697390518
dimwishlist:item=189854537&perks=938542991,269888150,2349202967,2077819806,2396489472,1749209109,3650930298,3640170453,3708227201,2697390518
dimwishlist:item=189854537&perks=3666208348,938542991,2349202967,2077819806,2396489472,1749209109,3650930298,3640170453,3708227201,2697390518
dimwishlist:item=189854537&perks=3666208348,938542991,269888150,2349202967,2077819806,2396489472,1749209109,3650930298,3640170453,3708227201
dimwishlist:item=189854537&perks=3666208348,269888150,2077819806,2396489472,1749209109,3650930298,3640170453,3708227201,2697390518
dimwishlist:item=189854537&perks=269888150,2349202967,2077819806,2396489472,1749209109,3650930298,3640170453,3708227201,2697390518
dimwishlist:item=189854537&perks=3666208348,2349202967,2077819806,2396489472,1749209109,3650930298,3640170453,3708227201,2697390518
dimwishlist:item=189854537&perks=938542991,269888150,2077819806,2396489472,1749209109,3650930298,3640170453,3708227201,2697390518
dimwishlist:item=189854537&perks=3666208348,938542991,2077819806,2396489472,1749209109,3650930298,3640170453,3708227201,2697390518
dimwishlist:item=189854537&perks=938542991,2349202967,2077819806,2396489472,1749209109,3650930298,3640170453,3708227201,2697390518
dimwishlist:item=189854537&perks=3666208348,269888150,2349202967,2077819806,2396489472,1749209109,3650930298,3640170453,3708227201
dimwishlist:item=189854537&perks=3666208348,938542991,269888150,2077819806,2396489472,1749209109,3650930298,3640170453,3708227201
dimwishlist:item=189854537&perks=938542991,269888150,2349202967,2077819806,2396489472,1749209109,3650930298,3640170453,3708227201
dimwishlist:item=189854537&perks=3666208348,938542991,2349202967,2077819806,2396489472,1749209109,3650930298,3640170453,3708227201
dimwishlist:item=189854537&perks=269888150,2077819806,2396489472,1749209109,3650930298,3640170453,3708227201,2697390518
dimwishlist:item=189854537&perks=3666208348,2077819806,2396489472,1749209109,3650930298,3640170453,3708227201,2697390518
dimwishlist:item=189854537&perks=2349202967,2077819806,2396489472,1749209109,3650930298,3640170453,3708227201,2697390518
dimwishlist:item=189854537&perks=938542991,2077819806,2396489472,1749209109,3650930298,3640170453,3708227201,2697390518
dimwishlist:item=189854537&perks=3666208348,269888150,2077819806,2396489472,1749209109,3650930298,3640170453,3708227201
dimwishlist:item=189854537&perks=269888150,2349202967,2077819806,2396489472,1749209109,3650930298,3640170453,3708227201
dimwishlist:item=189854537&perks=3666208348,2349202967,2077819806,2396489472,1749209109,3650930298,3640170453,3708227201
dimwishlist:item=189854537&perks=938542991,269888150,2077819806,2396489472,1749209109,3650930298,3640170453,3708227201
dimwishlist:item=189854537&perks=3666208348,938542991,2077819806,2396489472,1749209109,3650930298,3640170453,3708227201
dimwishlist:item=189854537&perks=938542991,2349202967,2077819806,2396489472,1749209109,3650930298,3640170453,3708227201
dimwishlist:item=189854537&perks=2077819806,2396489472,1749209109,3650930298,3640170453,3708227201,2697390518
dimwishlist:item=189854537&perks=269888150,2077819806,2396489472,1749209109,3650930298,3640170453,3708227201
dimwishlist:item=189854537&perks=3666208348,2077819806,2396489472,1749209109,3650930298,3640170453,3708227201
dimwishlist:item=189854537&perks=2349202967,2077819806,2396489472,1749209109,3650930298,3640170453,3708227201
dimwishlist:item=189854537&perks=938542991,2077819806,2396489472,1749209109,3650930298,3640170453,3708227201
dimwishlist:item=189854537&perks=2077819806,2396489472,1749209109,3650930298,3640170453,3708227201

// The Slammer
//notes:S-Tier. still best overall Eager sword. Origin: Accelerated Assault
dimwishlist:item=1354727549&perks=3666208348,938542991,269888150,2349202967,2077819806,2396489472,1749209109,3650930298
dimwishlist:item=1354727549&perks=3666208348,269888150,2349202967,2077819806,2396489472,1749209109,3650930298
dimwishlist:item=1354727549&perks=3666208348,938542991,269888150,2077819806,2396489472,1749209109,3650930298
dimwishlist:item=1354727549&perks=938542991,269888150,2349202967,2077819806,2396489472,1749209109,3650930298
dimwishlist:item=1354727549&perks=3666208348,938542991,2349202967,2077819806,2396489472,1749209109,3650930298
dimwishlist:item=1354727549&perks=3666208348,269888150,2077819806,2396489472,1749209109,3650930298
dimwishlist:item=1354727549&perks=269888150,2349202967,2077819806,2396489472,1749209109,3650930298
dimwishlist:item=1354727549&perks=3666208348,2349202967,2077819806,2396489472,1749209109,3650930298
dimwishlist:item=1354727549&perks=938542991,269888150,2077819806,2396489472,1749209109,3650930298
dimwishlist:item=1354727549&perks=3666208348,938542991,2077819806,2396489472,1749209109,3650930298
dimwishlist:item=1354727549&perks=938542991,2349202967,2077819806,2396489472,1749209109,3650930298
dimwishlist:item=1354727549&perks=269888150,2077819806,2396489472,1749209109,3650930298
dimwishlist:item=1354727549&perks=3666208348,2077819806,2396489472,1749209109,3650930298
dimwishlist:item=1354727549&perks=2349202967,2077819806,2396489472,1749209109,3650930298
dimwishlist:item=1354727549&perks=938542991,2077819806,2396489472,1749209109,3650930298
dimwishlist:item=1354727549&perks=2077819806,2396489472,1749209109,3650930298

// False Idols
//notes:S-Tier. worse utility than Slammer due to no Cold Steel but still good. Origin: Dealer's Choice
dimwishlist:item=4207120603&perks=3666208348,938542991,269888150,2349202967,1749209109,243981275,2077819806,3078487919,3708227201,1089671869,1988485648
dimwishlist:item=4207120603&perks=3666208348,269888150,2349202967,1749209109,243981275,2077819806,3078487919,3708227201,1089671869,1988485648
dimwishlist:item=4207120603&perks=3666208348,938542991,269888150,1749209109,243981275,2077819806,3078487919,3708227201,1089671869,1988485648
dimwishlist:item=4207120603&perks=938542991,269888150,2349202967,1749209109,243981275,2077819806,3078487919,3708227201,1089671869,1988485648
dimwishlist:item=4207120603&perks=3666208348,938542991,2349202967,1749209109,243981275,2077819806,3078487919,3708227201,1089671869,1988485648
dimwishlist:item=4207120603&perks=3666208348,938542991,269888150,2349202967,1749209109,243981275,2077819806,3078487919,3708227201,1089671869
dimwishlist:item=4207120603&perks=3666208348,269888150,1749209109,243981275,2077819806,3078487919,3708227201,1089671869,1988485648
dimwishlist:item=4207120603&perks=269888150,2349202967,1749209109,243981275,2077819806,3078487919,3708227201,1089671869,1988485648
dimwishlist:item=4207120603&perks=3666208348,2349202967,1749209109,243981275,2077819806,3078487919,3708227201,1089671869,1988485648
dimwishlist:item=4207120603&perks=938542991,269888150,1749209109,243981275,2077819806,3078487919,3708227201,1089671869,1988485648
dimwishlist:item=4207120603&perks=3666208348,938542991,1749209109,243981275,2077819806,3078487919,3708227201,1089671869,1988485648
dimwishlist:item=4207120603&perks=938542991,2349202967,1749209109,243981275,2077819806,3078487919,3708227201,1089671869,1988485648
dimwishlist:item=4207120603&perks=3666208348,269888150,2349202967,1749209109,243981275,2077819806,3078487919,3708227201,1089671869
dimwishlist:item=4207120603&perks=3666208348,938542991,269888150,1749209109,243981275,2077819806,3078487919,3708227201,1089671869
dimwishlist:item=4207120603&perks=938542991,269888150,2349202967,1749209109,243981275,2077819806,3078487919,3708227201,1089671869
dimwishlist:item=4207120603&perks=3666208348,938542991,2349202967,1749209109,243981275,2077819806,3078487919,3708227201,1089671869
dimwishlist:item=4207120603&perks=269888150,1749209109,243981275,2077819806,3078487919,3708227201,1089671869,1988485648
dimwishlist:item=4207120603&perks=3666208348,1749209109,243981275,2077819806,3078487919,3708227201,1089671869,1988485648
dimwishlist:item=4207120603&perks=2349202967,1749209109,243981275,2077819806,3078487919,3708227201,1089671869,1988485648
dimwishlist:item=4207120603&perks=938542991,1749209109,243981275,2077819806,3078487919,3708227201,1089671869,1988485648
dimwishlist:item=4207120603&perks=3666208348,269888150,1749209109,243981275,2077819806,3078487919,3708227201,1089671869
dimwishlist:item=4207120603&perks=269888150,2349202967,1749209109,243981275,2077819806,3078487919,3708227201,1089671869
dimwishlist:item=4207120603&perks=3666208348,2349202967,1749209109,243981275,2077819806,3078487919,3708227201,1089671869
dimwishlist:item=4207120603&perks=938542991,269888150,1749209109,243981275,2077819806,3078487919,3708227201,1089671869
dimwishlist:item=4207120603&perks=3666208348,938542991,1749209109,243981275,2077819806,3078487919,3708227201,1089671869
dimwishlist:item=4207120603&perks=938542991,2349202967,1749209109,243981275,2077819806,3078487919,3708227201,1089671869
dimwishlist:item=4207120603&perks=1749209109,243981275,2077819806,3078487919,3708227201,1089671869,1988485648
dimwishlist:item=4207120603&perks=269888150,1749209109,243981275,2077819806,3078487919,3708227201,1089671869
dimwishlist:item=4207120603&perks=3666208348,1749209109,243981275,2077819806,3078487919,3708227201,1089671869
dimwishlist:item=4207120603&perks=2349202967,1749209109,243981275,2077819806,3078487919,3708227201,1089671869
dimwishlist:item=4207120603&perks=938542991,1749209109,243981275,2077819806,3078487919,3708227201,1089671869
dimwishlist:item=4207120603&perks=1749209109,243981275,2077819806,3078487919,3708227201,1089671869

// Sullen Claw
//notes:S-Tier. best light attack neutral + okay damage with bumped impact. Origin: Imperial Allegiance
dimwishlist:item=1085743380&perks=3666208348,938542991,269888150,2349202967,2077819806,1546637391,1749209109,354401740,3913600130,2048641572,1164078247
dimwishlist:item=1085743380&perks=3666208348,269888150,2349202967,2077819806,1546637391,1749209109,354401740,3913600130,2048641572,1164078247
dimwishlist:item=1085743380&perks=3666208348,938542991,269888150,2077819806,1546637391,1749209109,354401740,3913600130,2048641572,1164078247
dimwishlist:item=1085743380&perks=938542991,269888150,2349202967,2077819806,1546637391,1749209109,354401740,3913600130,2048641572,1164078247
dimwishlist:item=1085743380&perks=3666208348,938542991,2349202967,2077819806,1546637391,1749209109,354401740,3913600130,2048641572,1164078247
dimwishlist:item=1085743380&perks=3666208348,938542991,269888150,2349202967,2077819806,1546637391,1749209109,354401740,3913600130,2048641572
dimwishlist:item=1085743380&perks=3666208348,269888150,2077819806,1546637391,1749209109,354401740,3913600130,2048641572,1164078247
dimwishlist:item=1085743380&perks=269888150,2349202967,2077819806,1546637391,1749209109,354401740,3913600130,2048641572,1164078247
dimwishlist:item=1085743380&perks=3666208348,2349202967,2077819806,1546637391,1749209109,354401740,3913600130,2048641572,1164078247
dimwishlist:item=1085743380&perks=938542991,269888150,2077819806,1546637391,1749209109,354401740,3913600130,2048641572,1164078247
dimwishlist:item=1085743380&perks=3666208348,938542991,2077819806,1546637391,1749209109,354401740,3913600130,2048641572,1164078247
dimwishlist:item=1085743380&perks=938542991,2349202967,2077819806,1546637391,1749209109,354401740,3913600130,2048641572,1164078247
dimwishlist:item=1085743380&perks=3666208348,269888150,2349202967,2077819806,1546637391,1749209109,354401740,3913600130,2048641572
dimwishlist:item=1085743380&perks=3666208348,938542991,269888150,2077819806,1546637391,1749209109,354401740,3913600130,2048641572
dimwishlist:item=1085743380&perks=938542991,269888150,2349202967,2077819806,1546637391,1749209109,354401740,3913600130,2048641572
dimwishlist:item=1085743380&perks=3666208348,938542991,2349202967,2077819806,1546637391,1749209109,354401740,3913600130,2048641572
dimwishlist:item=1085743380&perks=269888150,2077819806,1546637391,1749209109,354401740,3913600130,2048641572,1164078247
dimwishlist:item=1085743380&perks=3666208348,2077819806,1546637391,1749209109,354401740,3913600130,2048641572,1164078247
dimwishlist:item=1085743380&perks=2349202967,2077819806,1546637391,1749209109,354401740,3913600130,2048641572,1164078247
dimwishlist:item=1085743380&perks=938542991,2077819806,1546637391,1749209109,354401740,3913600130,2048641572,1164078247
dimwishlist:item=1085743380&perks=3666208348,269888150,2077819806,1546637391,1749209109,354401740,3913600130,2048641572
dimwishlist:item=1085743380&perks=269888150,2349202967,2077819806,1546637391,1749209109,354401740,3913600130,2048641572
dimwishlist:item=1085743380&perks=3666208348,2349202967,2077819806,1546637391,1749209109,354401740,3913600130,2048641572
dimwishlist:item=1085743380&perks=938542991,269888150,2077819806,1546637391,1749209109,354401740,3913600130,2048641572
dimwishlist:item=1085743380&perks=3666208348,938542991,2077819806,1546637391,1749209109,354401740,3913600130,2048641572
dimwishlist:item=1085743380&perks=938542991,2349202967,2077819806,1546637391,1749209109,354401740,3913600130,2048641572
dimwishlist:item=1085743380&perks=2077819806,1546637391,1749209109,354401740,3913600130,2048641572,1164078247
dimwishlist:item=1085743380&perks=269888150,2077819806,1546637391,1749209109,354401740,3913600130,2048641572
dimwishlist:item=1085743380&perks=3666208348,2077819806,1546637391,1749209109,354401740,3913600130,2048641572
dimwishlist:item=1085743380&perks=2349202967,2077819806,1546637391,1749209109,354401740,3913600130,2048641572
dimwishlist:item=1085743380&perks=938542991,2077819806,1546637391,1749209109,354401740,3913600130,2048641572
dimwishlist:item=1085743380&perks=2077819806,1546637391,1749209109,354401740,3913600130,2048641572

// Terciopelo-4bl
//notes:S-Tier. lightweight Eager with novel damage perk combos. Origin: Veist Stinger
dimwishlist:item=2775462168&perks=3666208348,938542991,269888150,2349202967,1749209109,2890807135,2077819806,3640170453,3764420437,3913600130,3988215619
dimwishlist:item=2775462168&perks=3666208348,269888150,2349202967,1749209109,2890807135,2077819806,3640170453,3764420437,3913600130,3988215619
dimwishlist:item=2775462168&perks=3666208348,938542991,269888150,1749209109,2890807135,2077819806,3640170453,3764420437,3913600130,3988215619
dimwishlist:item=2775462168&perks=938542991,269888150,2349202967,1749209109,2890807135,2077819806,3640170453,3764420437,3913600130,3988215619
dimwishlist:item=2775462168&perks=3666208348,938542991,2349202967,1749209109,2890807135,2077819806,3640170453,3764420437,3913600130,3988215619
dimwishlist:item=2775462168&perks=3666208348,938542991,269888150,2349202967,1749209109,2890807135,2077819806,3640170453,3764420437,3913600130
dimwishlist:item=2775462168&perks=3666208348,269888150,1749209109,2890807135,2077819806,3640170453,3764420437,3913600130,3988215619
dimwishlist:item=2775462168&perks=269888150,2349202967,1749209109,2890807135,2077819806,3640170453,3764420437,3913600130,3988215619
dimwishlist:item=2775462168&perks=3666208348,2349202967,1749209109,2890807135,2077819806,3640170453,3764420437,3913600130,3988215619
dimwishlist:item=2775462168&perks=938542991,269888150,1749209109,2890807135,2077819806,3640170453,3764420437,3913600130,3988215619
dimwishlist:item=2775462168&perks=3666208348,938542991,1749209109,2890807135,2077819806,3640170453,3764420437,3913600130,3988215619
dimwishlist:item=2775462168&perks=938542991,2349202967,1749209109,2890807135,2077819806,3640170453,3764420437,3913600130,3988215619
dimwishlist:item=2775462168&perks=3666208348,269888150,2349202967,1749209109,2890807135,2077819806,3640170453,3764420437,3913600130
dimwishlist:item=2775462168&perks=3666208348,938542991,269888150,1749209109,2890807135,2077819806,3640170453,3764420437,3913600130
dimwishlist:item=2775462168&perks=938542991,269888150,2349202967,1749209109,2890807135,2077819806,3640170453,3764420437,3913600130
dimwishlist:item=2775462168&perks=3666208348,938542991,2349202967,1749209109,2890807135,2077819806,3640170453,3764420437,3913600130
dimwishlist:item=2775462168&perks=269888150,1749209109,2890807135,2077819806,3640170453,3764420437,3913600130,3988215619
dimwishlist:item=2775462168&perks=3666208348,1749209109,2890807135,2077819806,3640170453,3764420437,3913600130,3988215619
dimwishlist:item=2775462168&perks=2349202967,1749209109,2890807135,2077819806,3640170453,3764420437,3913600130,3988215619
dimwishlist:item=2775462168&perks=938542991,1749209109,2890807135,2077819806,3640170453,3764420437,3913600130,3988215619
dimwishlist:item=2775462168&perks=3666208348,269888150,1749209109,2890807135,2077819806,3640170453,3764420437,3913600130
dimwishlist:item=2775462168&perks=269888150,2349202967,1749209109,2890807135,2077819806,3640170453,3764420437,3913600130
dimwishlist:item=2775462168&perks=3666208348,2349202967,1749209109,2890807135,2077819806,3640170453,3764420437,3913600130
dimwishlist:item=2775462168&perks=938542991,269888150,1749209109,2890807135,2077819806,3640170453,3764420437,3913600130
dimwishlist:item=2775462168&perks=3666208348,938542991,1749209109,2890807135,2077819806,3640170453,3764420437,3913600130
dimwishlist:item=2775462168&perks=938542991,2349202967,1749209109,2890807135,2077819806,3640170453,3764420437,3913600130
dimwishlist:item=2775462168&perks=1749209109,2890807135,2077819806,3640170453,3764420437,3913600130,3988215619
dimwishlist:item=2775462168&perks=269888150,1749209109,2890807135,2077819806,3640170453,3764420437,3913600130
dimwishlist:item=2775462168&perks=3666208348,1749209109,2890807135,2077819806,3640170453,3764420437,3913600130
dimwishlist:item=2775462168&perks=2349202967,1749209109,2890807135,2077819806,3640170453,3764420437,3913600130
dimwishlist:item=2775462168&perks=938542991,1749209109,2890807135,2077819806,3640170453,3764420437,3913600130
dimwishlist:item=2775462168&perks=1749209109,2890807135,2077819806,3640170453,3764420437,3913600130

// Terciopelo-4bl
//notes:S-Tier. lightweight Eager with novel damage perk combos. Origin: Veist Stinger
dimwishlist:item=393652859&perks=3666208348,938542991,269888150,2349202967,1749209109,2890807135,2077819806,3640170453,3764420437,3913600130,3988215619
dimwishlist:item=393652859&perks=3666208348,269888150,2349202967,1749209109,2890807135,2077819806,3640170453,3764420437,3913600130,3988215619
dimwishlist:item=393652859&perks=3666208348,938542991,269888150,1749209109,2890807135,2077819806,3640170453,3764420437,3913600130,3988215619
dimwishlist:item=393652859&perks=938542991,269888150,2349202967,1749209109,2890807135,2077819806,3640170453,3764420437,3913600130,3988215619
dimwishlist:item=393652859&perks=3666208348,938542991,2349202967,1749209109,2890807135,2077819806,3640170453,3764420437,3913600130,3988215619
dimwishlist:item=393652859&perks=3666208348,938542991,269888150,2349202967,1749209109,2890807135,2077819806,3640170453,3764420437,3913600130
dimwishlist:item=393652859&perks=3666208348,269888150,1749209109,2890807135,2077819806,3640170453,3764420437,3913600130,3988215619
dimwishlist:item=393652859&perks=269888150,2349202967,1749209109,2890807135,2077819806,3640170453,3764420437,3913600130,3988215619
dimwishlist:item=393652859&perks=3666208348,2349202967,1749209109,2890807135,2077819806,3640170453,3764420437,3913600130,3988215619
dimwishlist:item=393652859&perks=938542991,269888150,1749209109,2890807135,2077819806,3640170453,3764420437,3913600130,3988215619
dimwishlist:item=393652859&perks=3666208348,938542991,1749209109,2890807135,2077819806,3640170453,3764420437,3913600130,3988215619
dimwishlist:item=393652859&perks=938542991,2349202967,1749209109,2890807135,2077819806,3640170453,3764420437,3913600130,3988215619
dimwishlist:item=393652859&perks=3666208348,269888150,2349202967,1749209109,2890807135,2077819806,3640170453,3764420437,3913600130
dimwishlist:item=393652859&perks=3666208348,938542991,269888150,1749209109,2890807135,2077819806,3640170453,3764420437,3913600130
dimwishlist:item=393652859&perks=938542991,269888150,2349202967,1749209109,2890807135,2077819806,3640170453,3764420437,3913600130
dimwishlist:item=393652859&perks=3666208348,938542991,2349202967,1749209109,2890807135,2077819806,3640170453,3764420437,3913600130
dimwishlist:item=393652859&perks=269888150,1749209109,2890807135,2077819806,3640170453,3764420437,3913600130,3988215619
dimwishlist:item=393652859&perks=3666208348,1749209109,2890807135,2077819806,3640170453,3764420437,3913600130,3988215619
dimwishlist:item=393652859&perks=2349202967,1749209109,2890807135,2077819806,3640170453,3764420437,3913600130,3988215619
dimwishlist:item=393652859&perks=938542991,1749209109,2890807135,2077819806,3640170453,3764420437,3913600130,3988215619
dimwishlist:item=393652859&perks=3666208348,269888150,1749209109,2890807135,2077819806,3640170453,3764420437,3913600130
dimwishlist:item=393652859&perks=269888150,2349202967,1749209109,2890807135,2077819806,3640170453,3764420437,3913600130
dimwishlist:item=393652859&perks=3666208348,2349202967,1749209109,2890807135,2077819806,3640170453,3764420437,3913600130
dimwishlist:item=393652859&perks=938542991,269888150,1749209109,2890807135,2077819806,3640170453,3764420437,3913600130
dimwishlist:item=393652859&perks=3666208348,938542991,1749209109,2890807135,2077819806,3640170453,3764420437,3913600130
dimwishlist:item=393652859&perks=938542991,2349202967,1749209109,2890807135,2077819806,3640170453,3764420437,3913600130
dimwishlist:item=393652859&perks=1749209109,2890807135,2077819806,3640170453,3764420437,3913600130,3988215619
dimwishlist:item=393652859&perks=269888150,1749209109,2890807135,2077819806,3640170453,3764420437,3913600130
dimwishlist:item=393652859&perks=3666208348,1749209109,2890807135,2077819806,3640170453,3764420437,3913600130
dimwishlist:item=393652859&perks=2349202967,1749209109,2890807135,2077819806,3640170453,3764420437,3913600130
dimwishlist:item=393652859&perks=938542991,1749209109,2890807135,2077819806,3640170453,3764420437,3913600130
dimwishlist:item=393652859&perks=1749209109,2890807135,2077819806,3640170453,3764420437,3913600130

// Bequest
//notes:S-Tier. best Surrounded DPS sword. Origin: Bray Inheritance
dimwishlist:item=3366545721&perks=3666208348,938542991,269888150,2349202967,1749209109,3966416502,3708227201,1089671869,3201496230,766321425
dimwishlist:item=3366545721&perks=3666208348,269888150,2349202967,1749209109,3966416502,3708227201,1089671869,3201496230,766321425
dimwishlist:item=3366545721&perks=3666208348,938542991,269888150,1749209109,3966416502,3708227201,1089671869,3201496230,766321425
dimwishlist:item=3366545721&perks=938542991,269888150,2349202967,1749209109,3966416502,3708227201,1089671869,3201496230,766321425
dimwishlist:item=3366545721&perks=3666208348,938542991,2349202967,1749209109,3966416502,3708227201,1089671869,3201496230,766321425
dimwishlist:item=3366545721&perks=3666208348,938542991,269888150,2349202967,1749209109,3966416502,3708227201,1089671869,3201496230
dimwishlist:item=3366545721&perks=3666208348,269888150,1749209109,3966416502,3708227201,1089671869,3201496230,766321425
dimwishlist:item=3366545721&perks=269888150,2349202967,1749209109,3966416502,3708227201,1089671869,3201496230,766321425
dimwishlist:item=3366545721&perks=3666208348,2349202967,1749209109,3966416502,3708227201,1089671869,3201496230,766321425
dimwishlist:item=3366545721&perks=938542991,269888150,1749209109,3966416502,3708227201,1089671869,3201496230,766321425
dimwishlist:item=3366545721&perks=3666208348,938542991,1749209109,3966416502,3708227201,1089671869,3201496230,766321425
dimwishlist:item=3366545721&perks=938542991,2349202967,1749209109,3966416502,3708227201,1089671869,3201496230,766321425
dimwishlist:item=3366545721&perks=3666208348,269888150,2349202967,1749209109,3966416502,3708227201,1089671869,3201496230
dimwishlist:item=3366545721&perks=3666208348,938542991,269888150,1749209109,3966416502,3708227201,1089671869,3201496230
dimwishlist:item=3366545721&perks=938542991,269888150,2349202967,1749209109,3966416502,3708227201,1089671869,3201496230
dimwishlist:item=3366545721&perks=3666208348,938542991,2349202967,1749209109,3966416502,3708227201,1089671869,3201496230
dimwishlist:item=3366545721&perks=269888150,1749209109,3966416502,3708227201,1089671869,3201496230,766321425
dimwishlist:item=3366545721&perks=3666208348,1749209109,3966416502,3708227201,1089671869,3201496230,766321425
dimwishlist:item=3366545721&perks=2349202967,1749209109,3966416502,3708227201,1089671869,3201496230,766321425
dimwishlist:item=3366545721&perks=938542991,1749209109,3966416502,3708227201,1089671869,3201496230,766321425
dimwishlist:item=3366545721&perks=3666208348,269888150,1749209109,3966416502,3708227201,1089671869,3201496230
dimwishlist:item=3366545721&perks=269888150,2349202967,1749209109,3966416502,3708227201,1089671869,3201496230
dimwishlist:item=3366545721&perks=3666208348,2349202967,1749209109,3966416502,3708227201,1089671869,3201496230
dimwishlist:item=3366545721&perks=938542991,269888150,1749209109,3966416502,3708227201,1089671869,3201496230
dimwishlist:item=3366545721&perks=3666208348,938542991,1749209109,3966416502,3708227201,1089671869,3201496230
dimwishlist:item=3366545721&perks=938542991,2349202967,1749209109,3966416502,3708227201,1089671869,3201496230
dimwishlist:item=3366545721&perks=1749209109,3966416502,3708227201,1089671869,3201496230,766321425
dimwishlist:item=3366545721&perks=269888150,1749209109,3966416502,3708227201,1089671869,3201496230
dimwishlist:item=3366545721&perks=3666208348,1749209109,3966416502,3708227201,1089671869,3201496230
dimwishlist:item=3366545721&perks=2349202967,1749209109,3966416502,3708227201,1089671869,3201496230
dimwishlist:item=3366545721&perks=938542991,1749209109,3966416502,3708227201,1089671869,3201496230
dimwishlist:item=3366545721&perks=1749209109,3966416502,3708227201,1089671869,3201496230

// Opaque Hourglass
//notes:no double damage but solid reload/damage perks. Origin: Frame of Reference
dimwishlist:item=1553681400&perks=1220787353,2955427634,1069117426,1202133695,951095735,3824105627,4042220767,1089671869,2848615171,1771339417,2597494435
dimwishlist:item=1553681400&perks=1220787353,2955427634,1069117426,951095735,3824105627,4042220767,1089671869,2848615171,1771339417,2597494435
dimwishlist:item=1553681400&perks=1220787353,2955427634,1202133695,951095735,3824105627,4042220767,1089671869,2848615171,1771339417,2597494435
dimwishlist:item=1553681400&perks=1220787353,1069117426,1202133695,951095735,3824105627,4042220767,1089671869,2848615171,1771339417,2597494435
dimwishlist:item=1553681400&perks=1220787353,2955427634,951095735,3824105627,4042220767,1089671869,2848615171,1771339417,2597494435
dimwishlist:item=1553681400&perks=2955427634,1069117426,951095735,3824105627,4042220767,1089671869,2848615171,1771339417,2597494435
dimwishlist:item=1553681400&perks=1220787353,1069117426,951095735,3824105627,4042220767,1089671869,2848615171,1771339417,2597494435
dimwishlist:item=1553681400&perks=2955427634,1202133695,951095735,3824105627,4042220767,1089671869,2848615171,1771339417,2597494435
dimwishlist:item=1553681400&perks=1220787353,1202133695,951095735,3824105627,4042220767,1089671869,2848615171,1771339417,2597494435
dimwishlist:item=1553681400&perks=1069117426,1202133695,951095735,3824105627,4042220767,1089671869,2848615171,1771339417,2597494435
dimwishlist:item=1553681400&perks=1220787353,2955427634,1069117426,951095735,3824105627,4042220767,1089671869,2848615171,1771339417
dimwishlist:item=1553681400&perks=1220787353,2955427634,1202133695,951095735,3824105627,4042220767,1089671869,2848615171,1771339417
dimwishlist:item=1553681400&perks=1220787353,1069117426,1202133695,951095735,3824105627,4042220767,1089671869,2848615171,1771339417
dimwishlist:item=1553681400&perks=2955427634,951095735,3824105627,4042220767,1089671869,2848615171,1771339417,2597494435
dimwishlist:item=1553681400&perks=1220787353,951095735,3824105627,4042220767,1089671869,2848615171,1771339417,2597494435
dimwishlist:item=1553681400&perks=1069117426,951095735,3824105627,4042220767,1089671869,2848615171,1771339417,2597494435
dimwishlist:item=1553681400&perks=1202133695,951095735,3824105627,4042220767,1089671869,2848615171,1771339417,2597494435
dimwishlist:item=1553681400&perks=1220787353,2955427634,951095735,3824105627,4042220767,1089671869,2848615171,1771339417
dimwishlist:item=1553681400&perks=2955427634,1069117426,951095735,3824105627,4042220767,1089671869,2848615171,1771339417
dimwishlist:item=1553681400&perks=1220787353,1069117426,951095735,3824105627,4042220767,1089671869,2848615171,1771339417
dimwishlist:item=1553681400&perks=2955427634,1202133695,951095735,3824105627,4042220767,1089671869,2848615171,1771339417
dimwishlist:item=1553681400&perks=1220787353,1202133695,951095735,3824105627,4042220767,1089671869,2848615171,1771339417
dimwishlist:item=1553681400&perks=1069117426,1202133695,951095735,3824105627,4042220767,1089671869,2848615171,1771339417
dimwishlist:item=1553681400&perks=951095735,3824105627,4042220767,1089671869,2848615171,1771339417,2597494435
dimwishlist:item=1553681400&perks=2955427634,951095735,3824105627,4042220767,1089671869,2848615171,1771339417
dimwishlist:item=1553681400&perks=1220787353,951095735,3824105627,4042220767,1089671869,2848615171,1771339417
dimwishlist:item=1553681400&perks=1069117426,951095735,3824105627,4042220767,1089671869,2848615171,1771339417
dimwishlist:item=1553681400&perks=1202133695,951095735,3824105627,4042220767,1089671869,2848615171,1771339417
dimwishlist:item=1553681400&perks=951095735,3824105627,4042220767,1089671869,2848615171,1771339417

// Submersion
//notes:cool add clear option. Origin: Contending Cascade
dimwishlist:item=3524386983&perks=1220787353,2955427634,1069117426,1202133695,3300816228,4042220767,1570399071,3764420437,124408337,2978966579,934928524
dimwishlist:item=3524386983&perks=1220787353,2955427634,1069117426,3300816228,4042220767,1570399071,3764420437,124408337,2978966579,934928524
dimwishlist:item=3524386983&perks=1220787353,2955427634,1202133695,3300816228,4042220767,1570399071,3764420437,124408337,2978966579,934928524
dimwishlist:item=3524386983&perks=1220787353,1069117426,1202133695,3300816228,4042220767,1570399071,3764420437,124408337,2978966579,934928524
dimwishlist:item=3524386983&perks=1220787353,2955427634,3300816228,4042220767,1570399071,3764420437,124408337,2978966579,934928524
dimwishlist:item=3524386983&perks=2955427634,1069117426,3300816228,4042220767,1570399071,3764420437,124408337,2978966579,934928524
dimwishlist:item=3524386983&perks=1220787353,1069117426,3300816228,4042220767,1570399071,3764420437,124408337,2978966579,934928524
dimwishlist:item=3524386983&perks=2955427634,1202133695,3300816228,4042220767,1570399071,3764420437,124408337,2978966579,934928524
dimwishlist:item=3524386983&perks=1220787353,1202133695,3300816228,4042220767,1570399071,3764420437,124408337,2978966579,934928524
dimwishlist:item=3524386983&perks=1069117426,1202133695,3300816228,4042220767,1570399071,3764420437,124408337,2978966579,934928524
dimwishlist:item=3524386983&perks=1220787353,2955427634,1069117426,3300816228,4042220767,1570399071,3764420437,124408337,2978966579
dimwishlist:item=3524386983&perks=1220787353,2955427634,1202133695,3300816228,4042220767,1570399071,3764420437,124408337,2978966579
dimwishlist:item=3524386983&perks=1220787353,1069117426,1202133695,3300816228,4042220767,1570399071,3764420437,124408337,2978966579
dimwishlist:item=3524386983&perks=2955427634,3300816228,4042220767,1570399071,3764420437,124408337,2978966579,934928524
dimwishlist:item=3524386983&perks=1220787353,3300816228,4042220767,1570399071,3764420437,124408337,2978966579,934928524
dimwishlist:item=3524386983&perks=1069117426,3300816228,4042220767,1570399071,3764420437,124408337,2978966579,934928524
dimwishlist:item=3524386983&perks=1202133695,3300816228,4042220767,1570399071,3764420437,124408337,2978966579,934928524
dimwishlist:item=3524386983&perks=1220787353,2955427634,3300816228,4042220767,1570399071,3764420437,124408337,2978966579
dimwishlist:item=3524386983&perks=2955427634,1069117426,3300816228,4042220767,1570399071,3764420437,124408337,2978966579
dimwishlist:item=3524386983&perks=1220787353,1069117426,3300816228,4042220767,1570399071,3764420437,124408337,2978966579
dimwishlist:item=3524386983&perks=2955427634,1202133695,3300816228,4042220767,1570399071,3764420437,124408337,2978966579
dimwishlist:item=3524386983&perks=1220787353,1202133695,3300816228,4042220767,1570399071,3764420437,124408337,2978966579
dimwishlist:item=3524386983&perks=1069117426,1202133695,3300816228,4042220767,1570399071,3764420437,124408337,2978966579
dimwishlist:item=3524386983&perks=3300816228,4042220767,1570399071,3764420437,124408337,2978966579,934928524
dimwishlist:item=3524386983&perks=2955427634,3300816228,4042220767,1570399071,3764420437,124408337,2978966579
dimwishlist:item=3524386983&perks=1220787353,3300816228,4042220767,1570399071,3764420437,124408337,2978966579
dimwishlist:item=3524386983&perks=1069117426,3300816228,4042220767,1570399071,3764420437,124408337,2978966579
dimwishlist:item=3524386983&perks=1202133695,3300816228,4042220767,1570399071,3764420437,124408337,2978966579
dimwishlist:item=3524386983&perks=3300816228,4042220767,1570399071,3764420437,124408337,2978966579

// Submersion
//notes:cool add clear option. Origin: Contending Cascade
dimwishlist:item=1724104236&perks=1220787353,2955427634,1069117426,1202133695,3300816228,4042220767,1570399071,3764420437,124408337,2978966579,934928524
dimwishlist:item=1724104236&perks=1220787353,2955427634,1069117426,3300816228,4042220767,1570399071,3764420437,124408337,2978966579,934928524
dimwishlist:item=1724104236&perks=1220787353,2955427634,1202133695,3300816228,4042220767,1570399071,3764420437,124408337,2978966579,934928524
dimwishlist:item=1724104236&perks=1220787353,1069117426,1202133695,3300816228,4042220767,1570399071,3764420437,124408337,2978966579,934928524
dimwishlist:item=1724104236&perks=1220787353,2955427634,3300816228,4042220767,1570399071,3764420437,124408337,2978966579,934928524
dimwishlist:item=1724104236&perks=2955427634,1069117426,3300816228,4042220767,1570399071,3764420437,124408337,2978966579,934928524
dimwishlist:item=1724104236&perks=1220787353,1069117426,3300816228,4042220767,1570399071,3764420437,124408337,2978966579,934928524
dimwishlist:item=1724104236&perks=2955427634,1202133695,3300816228,4042220767,1570399071,3764420437,124408337,2978966579,934928524
dimwishlist:item=1724104236&perks=1220787353,1202133695,3300816228,4042220767,1570399071,3764420437,124408337,2978966579,934928524
dimwishlist:item=1724104236&perks=1069117426,1202133695,3300816228,4042220767,1570399071,3764420437,124408337,2978966579,934928524
dimwishlist:item=1724104236&perks=1220787353,2955427634,1069117426,3300816228,4042220767,1570399071,3764420437,124408337,2978966579
dimwishlist:item=1724104236&perks=1220787353,2955427634,1202133695,3300816228,4042220767,1570399071,3764420437,124408337,2978966579
dimwishlist:item=1724104236&perks=1220787353,1069117426,1202133695,3300816228,4042220767,1570399071,3764420437,124408337,2978966579
dimwishlist:item=1724104236&perks=2955427634,3300816228,4042220767,1570399071,3764420437,124408337,2978966579,934928524
dimwishlist:item=1724104236&perks=1220787353,3300816228,4042220767,1570399071,3764420437,124408337,2978966579,934928524
dimwishlist:item=1724104236&perks=1069117426,3300816228,4042220767,1570399071,3764420437,124408337,2978966579,934928524
dimwishlist:item=1724104236&perks=1202133695,3300816228,4042220767,1570399071,3764420437,124408337,2978966579,934928524
dimwishlist:item=1724104236&perks=1220787353,2955427634,3300816228,4042220767,1570399071,3764420437,124408337,2978966579
dimwishlist:item=1724104236&perks=2955427634,1069117426,3300816228,4042220767,1570399071,3764420437,124408337,2978966579
dimwishlist:item=1724104236&perks=1220787353,1069117426,3300816228,4042220767,1570399071,3764420437,124408337,2978966579
dimwishlist:item=1724104236&perks=2955427634,1202133695,3300816228,4042220767,1570399071,3764420437,124408337,2978966579
dimwishlist:item=1724104236&perks=1220787353,1202133695,3300816228,4042220767,1570399071,3764420437,124408337,2978966579
dimwishlist:item=1724104236&perks=1069117426,1202133695,3300816228,4042220767,1570399071,3764420437,124408337,2978966579
dimwishlist:item=1724104236&perks=3300816228,4042220767,1570399071,3764420437,124408337,2978966579,934928524
dimwishlist:item=1724104236&perks=2955427634,3300816228,4042220767,1570399071,3764420437,124408337,2978966579
dimwishlist:item=1724104236&perks=1220787353,3300816228,4042220767,1570399071,3764420437,124408337,2978966579
dimwishlist:item=1724104236&perks=1069117426,3300816228,4042220767,1570399071,3764420437,124408337,2978966579
dimwishlist:item=1724104236&perks=1202133695,3300816228,4042220767,1570399071,3764420437,124408337,2978966579
dimwishlist:item=1724104236&perks=3300816228,4042220767,1570399071,3764420437,124408337,2978966579

// A Good Shout
//notes:potential damage option if High Ground is usable on a boss. Origin: Accelerated Assault
dimwishlist:item=3615748501&perks=1220787353,2955427634,1069117426,1202133695,3987942396,4042220767,1134488199,2319119708,2551157718
dimwishlist:item=3615748501&perks=1220787353,2955427634,1069117426,3987942396,4042220767,1134488199,2319119708,2551157718
dimwishlist:item=3615748501&perks=1220787353,2955427634,1202133695,3987942396,4042220767,1134488199,2319119708,2551157718
dimwishlist:item=3615748501&perks=1220787353,1069117426,1202133695,3987942396,4042220767,1134488199,2319119708,2551157718
dimwishlist:item=3615748501&perks=1220787353,2955427634,3987942396,4042220767,1134488199,2319119708,2551157718
dimwishlist:item=3615748501&perks=2955427634,1069117426,3987942396,4042220767,1134488199,2319119708,2551157718
dimwishlist:item=3615748501&perks=1220787353,1069117426,3987942396,4042220767,1134488199,2319119708,2551157718
dimwishlist:item=3615748501&perks=2955427634,1202133695,3987942396,4042220767,1134488199,2319119708,2551157718
dimwishlist:item=3615748501&perks=1220787353,1202133695,3987942396,4042220767,1134488199,2319119708,2551157718
dimwishlist:item=3615748501&perks=1069117426,1202133695,3987942396,4042220767,1134488199,2319119708,2551157718
dimwishlist:item=3615748501&perks=2955427634,3987942396,4042220767,1134488199,2319119708,2551157718
dimwishlist:item=3615748501&perks=1220787353,3987942396,4042220767,1134488199,2319119708,2551157718
dimwishlist:item=3615748501&perks=1069117426,3987942396,4042220767,1134488199,2319119708,2551157718
dimwishlist:item=3615748501&perks=1202133695,3987942396,4042220767,1134488199,2319119708,2551157718
dimwishlist:item=3615748501&perks=3987942396,4042220767,1134488199,2319119708,2551157718

// A Good Shout
//notes:potential damage option if High Ground is usable on a boss. Origin: Accelerated Assault
dimwishlist:item=649691506&perks=1220787353,2955427634,1069117426,1202133695,3987942396,4042220767,1134488199,2319119708,2551157718,2697390518
dimwishlist:item=649691506&perks=1220787353,2955427634,1069117426,3987942396,4042220767,1134488199,2319119708,2551157718,2697390518
dimwishlist:item=649691506&perks=1220787353,2955427634,1202133695,3987942396,4042220767,1134488199,2319119708,2551157718,2697390518
dimwishlist:item=649691506&perks=1220787353,1069117426,1202133695,3987942396,4042220767,1134488199,2319119708,2551157718,2697390518
dimwishlist:item=649691506&perks=1220787353,2955427634,3987942396,4042220767,1134488199,2319119708,2551157718,2697390518
dimwishlist:item=649691506&perks=2955427634,1069117426,3987942396,4042220767,1134488199,2319119708,2551157718,2697390518
dimwishlist:item=649691506&perks=1220787353,1069117426,3987942396,4042220767,1134488199,2319119708,2551157718,2697390518
dimwishlist:item=649691506&perks=2955427634,1202133695,3987942396,4042220767,1134488199,2319119708,2551157718,2697390518
dimwishlist:item=649691506&perks=1220787353,1202133695,3987942396,4042220767,1134488199,2319119708,2551157718,2697390518
dimwishlist:item=649691506&perks=1069117426,1202133695,3987942396,4042220767,1134488199,2319119708,2551157718,2697390518
dimwishlist:item=649691506&perks=1220787353,2955427634,1069117426,3987942396,4042220767,1134488199,2319119708,2551157718
dimwishlist:item=649691506&perks=1220787353,2955427634,1202133695,3987942396,4042220767,1134488199,2319119708,2551157718
dimwishlist:item=649691506&perks=1220787353,1069117426,1202133695,3987942396,4042220767,1134488199,2319119708,2551157718
dimwishlist:item=649691506&perks=2955427634,3987942396,4042220767,1134488199,2319119708,2551157718,2697390518
dimwishlist:item=649691506&perks=1220787353,3987942396,4042220767,1134488199,2319119708,2551157718,2697390518
dimwishlist:item=649691506&perks=1069117426,3987942396,4042220767,1134488199,2319119708,2551157718,2697390518
dimwishlist:item=649691506&perks=1202133695,3987942396,4042220767,1134488199,2319119708,2551157718,2697390518
dimwishlist:item=649691506&perks=1220787353,2955427634,3987942396,4042220767,1134488199,2319119708,2551157718
dimwishlist:item=649691506&perks=2955427634,1069117426,3987942396,4042220767,1134488199,2319119708,2551157718
dimwishlist:item=649691506&perks=1220787353,1069117426,3987942396,4042220767,1134488199,2319119708,2551157718
dimwishlist:item=649691506&perks=2955427634,1202133695,3987942396,4042220767,1134488199,2319119708,2551157718
dimwishlist:item=649691506&perks=1220787353,1202133695,3987942396,4042220767,1134488199,2319119708,2551157718
dimwishlist:item=649691506&perks=1069117426,1202133695,3987942396,4042220767,1134488199,2319119708,2551157718
dimwishlist:item=649691506&perks=3987942396,4042220767,1134488199,2319119708,2551157718,2697390518
dimwishlist:item=649691506&perks=2955427634,3987942396,4042220767,1134488199,2319119708,2551157718
dimwishlist:item=649691506&perks=1220787353,3987942396,4042220767,1134488199,2319119708,2551157718
dimwishlist:item=649691506&perks=1069117426,3987942396,4042220767,1134488199,2319119708,2551157718
dimwishlist:item=649691506&perks=1202133695,3987942396,4042220767,1134488199,2319119708,2551157718
dimwishlist:item=649691506&perks=3987942396,4042220767,1134488199,2319119708,2551157718

// Uncivil Discourse
//notes:BiS for LP for now. Origin: Accelerated Assault
dimwishlist:item=2462965802&perks=1840239774,807993149,1092016998,1421772400,3932949589,555281244,2109543898,3713579091
dimwishlist:item=2462965802&perks=1840239774,807993149,1421772400,3932949589,555281244,2109543898,3713579091
dimwishlist:item=2462965802&perks=807993149,1092016998,1421772400,3932949589,555281244,2109543898,3713579091
dimwishlist:item=2462965802&perks=1840239774,1092016998,1421772400,3932949589,555281244,2109543898,3713579091
dimwishlist:item=2462965802&perks=1840239774,807993149,1092016998,1421772400,3932949589,555281244,2109543898
dimwishlist:item=2462965802&perks=807993149,1421772400,3932949589,555281244,2109543898,3713579091
dimwishlist:item=2462965802&perks=1840239774,1421772400,3932949589,555281244,2109543898,3713579091
dimwishlist:item=2462965802&perks=1092016998,1421772400,3932949589,555281244,2109543898,3713579091
dimwishlist:item=2462965802&perks=1840239774,807993149,1421772400,3932949589,555281244,2109543898
dimwishlist:item=2462965802&perks=807993149,1092016998,1421772400,3932949589,555281244,2109543898
dimwishlist:item=2462965802&perks=1840239774,1092016998,1421772400,3932949589,555281244,2109543898
dimwishlist:item=2462965802&perks=1421772400,3932949589,555281244,2109543898,3713579091
dimwishlist:item=2462965802&perks=807993149,1421772400,3932949589,555281244,2109543898
dimwishlist:item=2462965802&perks=1840239774,1421772400,3932949589,555281244,2109543898
dimwishlist:item=2462965802&perks=1092016998,1421772400,3932949589,555281244,2109543898
dimwishlist:item=2462965802&perks=1421772400,3932949589,555281244,2109543898

// Uncivil Discourse
//notes:BiS for LP for now. Origin: Accelerated Assault
dimwishlist:item=3146657389&perks=1840239774,807993149,1092016998,1421772400,3932949589,555281244,2109543898
dimwishlist:item=3146657389&perks=1840239774,807993149,1421772400,3932949589,555281244,2109543898
dimwishlist:item=3146657389&perks=807993149,1092016998,1421772400,3932949589,555281244,2109543898
dimwishlist:item=3146657389&perks=1840239774,1092016998,1421772400,3932949589,555281244,2109543898
dimwishlist:item=3146657389&perks=807993149,1421772400,3932949589,555281244,2109543898
dimwishlist:item=3146657389&perks=1840239774,1421772400,3932949589,555281244,2109543898
dimwishlist:item=3146657389&perks=1092016998,1421772400,3932949589,555281244,2109543898
dimwishlist:item=3146657389&perks=1421772400,3932949589,555281244,2109543898

// Refurbished A499
//notes:first of its kind; powerful archetype with mediocre 1st column. Origin: Accelerated Assault
dimwishlist:item=3661051060&perks=1840239774,3230963543,957782887,588594999,2289534249,3764420437
dimwishlist:item=3661051060&perks=3230963543,957782887,588594999,2289534249,3764420437
dimwishlist:item=3661051060&perks=1840239774,957782887,588594999,2289534249,3764420437
dimwishlist:item=3661051060&perks=957782887,588594999,2289534249,3764420437

// Refurbished A499
//notes:first of its kind; powerful archetype with mediocre 1st column. Origin: Accelerated Assault
dimwishlist:item=593808239&perks=1840239774,3230963543,957782887,588594999,2289534249,3764420437,2697390518
dimwishlist:item=593808239&perks=3230963543,957782887,588594999,2289534249,3764420437,2697390518
dimwishlist:item=593808239&perks=1840239774,957782887,588594999,2289534249,3764420437,2697390518
dimwishlist:item=593808239&perks=1840239774,3230963543,957782887,588594999,2289534249,3764420437
dimwishlist:item=593808239&perks=957782887,588594999,2289534249,3764420437,2697390518
dimwishlist:item=593808239&perks=3230963543,957782887,588594999,2289534249,3764420437
dimwishlist:item=593808239&perks=1840239774,957782887,588594999,2289534249,3764420437
dimwishlist:item=593808239&perks=957782887,588594999,2289534249,3764420437

// Psi Aeterna IV
//notes:worse reload perks than Mint but still usable. Origin: Accelerated Assault
dimwishlist:item=3556730800&perks=3525010810,1478423395,2420895100,106909392,1115162408,1017229899,684456054,1089671869,4049631843,3966416502
dimwishlist:item=3556730800&perks=3525010810,2420895100,106909392,1115162408,1017229899,684456054,1089671869,4049631843,3966416502
dimwishlist:item=3556730800&perks=3525010810,1478423395,2420895100,1115162408,1017229899,684456054,1089671869,4049631843,3966416502
dimwishlist:item=3556730800&perks=1478423395,2420895100,106909392,1115162408,1017229899,684456054,1089671869,4049631843,3966416502
dimwishlist:item=3556730800&perks=3525010810,1478423395,106909392,1115162408,1017229899,684456054,1089671869,4049631843,3966416502
dimwishlist:item=3556730800&perks=3525010810,2420895100,1115162408,1017229899,684456054,1089671869,4049631843,3966416502
dimwishlist:item=3556730800&perks=2420895100,106909392,1115162408,1017229899,684456054,1089671869,4049631843,3966416502
dimwishlist:item=3556730800&perks=3525010810,106909392,1115162408,1017229899,684456054,1089671869,4049631843,3966416502
dimwishlist:item=3556730800&perks=1478423395,2420895100,1115162408,1017229899,684456054,1089671869,4049631843,3966416502
dimwishlist:item=3556730800&perks=3525010810,1478423395,1115162408,1017229899,684456054,1089671869,4049631843,3966416502
dimwishlist:item=3556730800&perks=1478423395,106909392,1115162408,1017229899,684456054,1089671869,4049631843,3966416502
dimwishlist:item=3556730800&perks=2420895100,1115162408,1017229899,684456054,1089671869,4049631843,3966416502
dimwishlist:item=3556730800&perks=3525010810,1115162408,1017229899,684456054,1089671869,4049631843,3966416502
dimwishlist:item=3556730800&perks=106909392,1115162408,1017229899,684456054,1089671869,4049631843,3966416502
dimwishlist:item=3556730800&perks=1478423395,1115162408,1017229899,684456054,1089671869,4049631843,3966416502
dimwishlist:item=3556730800&perks=1115162408,1017229899,684456054,1089671869,4049631843,3966416502

// Psi Aeterna IV
//notes:worse reload perks than Mint but still usable. Origin: Accelerated Assault
dimwishlist:item=135971347&perks=3525010810,1478423395,2420895100,106909392,1115162408,1017229899,684456054,1089671869,4049631843,3966416502,3713579091
dimwishlist:item=135971347&perks=3525010810,2420895100,106909392,1115162408,1017229899,684456054,1089671869,4049631843,3966416502,3713579091
dimwishlist:item=135971347&perks=3525010810,1478423395,2420895100,1115162408,1017229899,684456054,1089671869,4049631843,3966416502,3713579091
dimwishlist:item=135971347&perks=1478423395,2420895100,106909392,1115162408,1017229899,684456054,1089671869,4049631843,3966416502,3713579091
dimwishlist:item=135971347&perks=3525010810,1478423395,106909392,1115162408,1017229899,684456054,1089671869,4049631843,3966416502,3713579091
dimwishlist:item=135971347&perks=3525010810,1478423395,2420895100,106909392,1115162408,1017229899,684456054,1089671869,4049631843,3966416502
dimwishlist:item=135971347&perks=3525010810,2420895100,1115162408,1017229899,684456054,1089671869,4049631843,3966416502,3713579091
dimwishlist:item=135971347&perks=2420895100,106909392,1115162408,1017229899,684456054,1089671869,4049631843,3966416502,3713579091
dimwishlist:item=135971347&perks=3525010810,106909392,1115162408,1017229899,684456054,1089671869,4049631843,3966416502,3713579091
dimwishlist:item=135971347&perks=1478423395,2420895100,1115162408,1017229899,684456054,1089671869,4049631843,3966416502,3713579091
dimwishlist:item=135971347&perks=3525010810,1478423395,1115162408,1017229899,684456054,1089671869,4049631843,3966416502,3713579091
dimwishlist:item=135971347&perks=1478423395,106909392,1115162408,1017229899,684456054,1089671869,4049631843,3966416502,3713579091
dimwishlist:item=135971347&perks=3525010810,2420895100,106909392,1115162408,1017229899,684456054,1089671869,4049631843,3966416502
dimwishlist:item=135971347&perks=3525010810,1478423395,2420895100,1115162408,1017229899,684456054,1089671869,4049631843,3966416502
dimwishlist:item=135971347&perks=1478423395,2420895100,106909392,1115162408,1017229899,684456054,1089671869,4049631843,3966416502
dimwishlist:item=135971347&perks=3525010810,1478423395,106909392,1115162408,1017229899,684456054,1089671869,4049631843,3966416502
dimwishlist:item=135971347&perks=2420895100,1115162408,1017229899,684456054,1089671869,4049631843,3966416502,3713579091
dimwishlist:item=135971347&perks=3525010810,1115162408,1017229899,684456054,1089671869,4049631843,3966416502,3713579091
dimwishlist:item=135971347&perks=106909392,1115162408,1017229899,684456054,1089671869,4049631843,3966416502,3713579091
dimwishlist:item=135971347&perks=1478423395,1115162408,1017229899,684456054,1089671869,4049631843,3966416502,3713579091
dimwishlist:item=135971347&perks=3525010810,2420895100,1115162408,1017229899,684456054,1089671869,4049631843,3966416502
dimwishlist:item=135971347&perks=2420895100,106909392,1115162408,1017229899,684456054,1089671869,4049631843,3966416502
dimwishlist:item=135971347&perks=3525010810,106909392,1115162408,1017229899,684456054,1089671869,4049631843,3966416502
dimwishlist:item=135971347&perks=1478423395,2420895100,1115162408,1017229899,684456054,1089671869,4049631843,3966416502
dimwishlist:item=135971347&perks=3525010810,1478423395,1115162408,1017229899,684456054,1089671869,4049631843,3966416502
dimwishlist:item=135971347&perks=1478423395,106909392,1115162408,1017229899,684456054,1089671869,4049631843,3966416502
dimwishlist:item=135971347&perks=1115162408,1017229899,684456054,1089671869,4049631843,3966416502,3713579091
dimwishlist:item=135971347&perks=2420895100,1115162408,1017229899,684456054,1089671869,4049631843,3966416502
dimwishlist:item=135971347&perks=3525010810,1115162408,1017229899,684456054,1089671869,4049631843,3966416502
dimwishlist:item=135971347&perks=106909392,1115162408,1017229899,684456054,1089671869,4049631843,3966416502
dimwishlist:item=135971347&perks=1478423395,1115162408,1017229899,684456054,1089671869,4049631843,3966416502
dimwishlist:item=135971347&perks=1115162408,1017229899,684456054,1089671869,4049631843,3966416502

// Veillantif-D
//notes:better perks than Psi for roam. Origin: Häkke Breach Armaments
dimwishlist:item=406384293&perks=3525010810,1478423395,2420895100,106909392,1421772400,3017780555,1017229899,4293542123,2109543898,2890807135,1607056502
dimwishlist:item=406384293&perks=3525010810,2420895100,106909392,1421772400,3017780555,1017229899,4293542123,2109543898,2890807135,1607056502
dimwishlist:item=406384293&perks=3525010810,1478423395,2420895100,1421772400,3017780555,1017229899,4293542123,2109543898,2890807135,1607056502
dimwishlist:item=406384293&perks=1478423395,2420895100,106909392,1421772400,3017780555,1017229899,4293542123,2109543898,2890807135,1607056502
dimwishlist:item=406384293&perks=3525010810,1478423395,106909392,1421772400,3017780555,1017229899,4293542123,2109543898,2890807135,1607056502
dimwishlist:item=406384293&perks=3525010810,1478423395,2420895100,106909392,1421772400,3017780555,1017229899,4293542123,2109543898,2890807135
dimwishlist:item=406384293&perks=3525010810,2420895100,1421772400,3017780555,1017229899,4293542123,2109543898,2890807135,1607056502
dimwishlist:item=406384293&perks=2420895100,106909392,1421772400,3017780555,1017229899,4293542123,2109543898,2890807135,1607056502
dimwishlist:item=406384293&perks=3525010810,106909392,1421772400,3017780555,1017229899,4293542123,2109543898,2890807135,1607056502
dimwishlist:item=406384293&perks=1478423395,2420895100,1421772400,3017780555,1017229899,4293542123,2109543898,2890807135,1607056502
dimwishlist:item=406384293&perks=3525010810,1478423395,1421772400,3017780555,1017229899,4293542123,2109543898,2890807135,1607056502
dimwishlist:item=406384293&perks=1478423395,106909392,1421772400,3017780555,1017229899,4293542123,2109543898,2890807135,1607056502
dimwishlist:item=406384293&perks=3525010810,2420895100,106909392,1421772400,3017780555,1017229899,4293542123,2109543898,2890807135
dimwishlist:item=406384293&perks=3525010810,1478423395,2420895100,1421772400,3017780555,1017229899,4293542123,2109543898,2890807135
dimwishlist:item=406384293&perks=1478423395,2420895100,106909392,1421772400,3017780555,1017229899,4293542123,2109543898,2890807135
dimwishlist:item=406384293&perks=3525010810,1478423395,106909392,1421772400,3017780555,1017229899,4293542123,2109543898,2890807135
dimwishlist:item=406384293&perks=2420895100,1421772400,3017780555,1017229899,4293542123,2109543898,2890807135,1607056502
dimwishlist:item=406384293&perks=3525010810,1421772400,3017780555,1017229899,4293542123,2109543898,2890807135,1607056502
dimwishlist:item=406384293&perks=106909392,1421772400,3017780555,1017229899,4293542123,2109543898,2890807135,1607056502
dimwishlist:item=406384293&perks=1478423395,1421772400,3017780555,1017229899,4293542123,2109543898,2890807135,1607056502
dimwishlist:item=406384293&perks=3525010810,2420895100,1421772400,3017780555,1017229899,4293542123,2109543898,2890807135
dimwishlist:item=406384293&perks=2420895100,106909392,1421772400,3017780555,1017229899,4293542123,2109543898,2890807135
dimwishlist:item=406384293&perks=3525010810,106909392,1421772400,3017780555,1017229899,4293542123,2109543898,2890807135
dimwishlist:item=406384293&perks=1478423395,2420895100,1421772400,3017780555,1017229899,4293542123,2109543898,2890807135
dimwishlist:item=406384293&perks=3525010810,1478423395,1421772400,3017780555,1017229899,4293542123,2109543898,2890807135
dimwishlist:item=406384293&perks=1478423395,106909392,1421772400,3017780555,1017229899,4293542123,2109543898,2890807135
dimwishlist:item=406384293&perks=1421772400,3017780555,1017229899,4293542123,2109543898,2890807135,1607056502
dimwishlist:item=406384293&perks=2420895100,1421772400,3017780555,1017229899,4293542123,2109543898,2890807135
dimwishlist:item=406384293&perks=3525010810,1421772400,3017780555,1017229899,4293542123,2109543898,2890807135
dimwishlist:item=406384293&perks=106909392,1421772400,3017780555,1017229899,4293542123,2109543898,2890807135
dimwishlist:item=406384293&perks=1478423395,1421772400,3017780555,1017229899,4293542123,2109543898,2890807135
dimwishlist:item=406384293&perks=1421772400,3017780555,1017229899,4293542123,2109543898,2890807135

// Veillantif-D
//notes:better perks than Psi for roam. Origin: Häkke Breach Armaments
dimwishlist:item=1361871430&perks=3525010810,1478423395,2420895100,106909392,1421772400,3017780555,1017229899,4293542123,2109543898,2890807135,1607056502
dimwishlist:item=1361871430&perks=3525010810,2420895100,106909392,1421772400,3017780555,1017229899,4293542123,2109543898,2890807135,1607056502
dimwishlist:item=1361871430&perks=3525010810,1478423395,2420895100,1421772400,3017780555,1017229899,4293542123,2109543898,2890807135,1607056502
dimwishlist:item=1361871430&perks=1478423395,2420895100,106909392,1421772400,3017780555,1017229899,4293542123,2109543898,2890807135,1607056502
dimwishlist:item=1361871430&perks=3525010810,1478423395,106909392,1421772400,3017780555,1017229899,4293542123,2109543898,2890807135,1607056502
dimwishlist:item=1361871430&perks=3525010810,1478423395,2420895100,106909392,1421772400,3017780555,1017229899,4293542123,2109543898,2890807135
dimwishlist:item=1361871430&perks=3525010810,2420895100,1421772400,3017780555,1017229899,4293542123,2109543898,2890807135,1607056502
dimwishlist:item=1361871430&perks=2420895100,106909392,1421772400,3017780555,1017229899,4293542123,2109543898,2890807135,1607056502
dimwishlist:item=1361871430&perks=3525010810,106909392,1421772400,3017780555,1017229899,4293542123,2109543898,2890807135,1607056502
dimwishlist:item=1361871430&perks=1478423395,2420895100,1421772400,3017780555,1017229899,4293542123,2109543898,2890807135,1607056502
dimwishlist:item=1361871430&perks=3525010810,1478423395,1421772400,3017780555,1017229899,4293542123,2109543898,2890807135,1607056502
dimwishlist:item=1361871430&perks=1478423395,106909392,1421772400,3017780555,1017229899,4293542123,2109543898,2890807135,1607056502
dimwishlist:item=1361871430&perks=3525010810,2420895100,106909392,1421772400,3017780555,1017229899,4293542123,2109543898,2890807135
dimwishlist:item=1361871430&perks=3525010810,1478423395,2420895100,1421772400,3017780555,1017229899,4293542123,2109543898,2890807135
dimwishlist:item=1361871430&perks=1478423395,2420895100,106909392,1421772400,3017780555,1017229899,4293542123,2109543898,2890807135
dimwishlist:item=1361871430&perks=3525010810,1478423395,106909392,1421772400,3017780555,1017229899,4293542123,2109543898,2890807135
dimwishlist:item=1361871430&perks=2420895100,1421772400,3017780555,1017229899,4293542123,2109543898,2890807135,1607056502
dimwishlist:item=1361871430&perks=3525010810,1421772400,3017780555,1017229899,4293542123,2109543898,2890807135,1607056502
dimwishlist:item=1361871430&perks=106909392,1421772400,3017780555,1017229899,4293542123,2109543898,2890807135,1607056502
dimwishlist:item=1361871430&perks=1478423395,1421772400,3017780555,1017229899,4293542123,2109543898,2890807135,1607056502
dimwishlist:item=1361871430&perks=3525010810,2420895100,1421772400,3017780555,1017229899,4293542123,2109543898,2890807135
dimwishlist:item=1361871430&perks=2420895100,106909392,1421772400,3017780555,1017229899,4293542123,2109543898,2890807135
dimwishlist:item=1361871430&perks=3525010810,106909392,1421772400,3017780555,1017229899,4293542123,2109543898,2890807135
dimwishlist:item=1361871430&perks=1478423395,2420895100,1421772400,3017780555,1017229899,4293542123,2109543898,2890807135
dimwishlist:item=1361871430&perks=3525010810,1478423395,1421772400,3017780555,1017229899,4293542123,2109543898,2890807135
dimwishlist:item=1361871430&perks=1478423395,106909392,1421772400,3017780555,1017229899,4293542123,2109543898,2890807135
dimwishlist:item=1361871430&perks=1421772400,3017780555,1017229899,4293542123,2109543898,2890807135,1607056502
dimwishlist:item=1361871430&perks=2420895100,1421772400,3017780555,1017229899,4293542123,2109543898,2890807135
dimwishlist:item=1361871430&perks=3525010810,1421772400,3017780555,1017229899,4293542123,2109543898,2890807135
dimwishlist:item=1361871430&perks=106909392,1421772400,3017780555,1017229899,4293542123,2109543898,2890807135
dimwishlist:item=1361871430&perks=1478423395,1421772400,3017780555,1017229899,4293542123,2109543898,2890807135
dimwishlist:item=1361871430&perks=1421772400,3017780555,1017229899,4293542123,2109543898,2890807135

// Mint Retrograde
//notes:excellent ammo gen + roam + damage perks. Origin: Accelerated Assault
dimwishlist:item=3285784871&perks=3525010810,1478423395,2420895100,106909392,2869569095,2859149211,831391274,3081867624,4104185692,3751912585
dimwishlist:item=3285784871&perks=3525010810,2420895100,106909392,2869569095,2859149211,831391274,3081867624,4104185692,3751912585
dimwishlist:item=3285784871&perks=3525010810,1478423395,2420895100,2869569095,2859149211,831391274,3081867624,4104185692,3751912585
dimwishlist:item=3285784871&perks=1478423395,2420895100,106909392,2869569095,2859149211,831391274,3081867624,4104185692,3751912585
dimwishlist:item=3285784871&perks=3525010810,1478423395,106909392,2869569095,2859149211,831391274,3081867624,4104185692,3751912585
dimwishlist:item=3285784871&perks=3525010810,2420895100,2869569095,2859149211,831391274,3081867624,4104185692,3751912585
dimwishlist:item=3285784871&perks=2420895100,106909392,2869569095,2859149211,831391274,3081867624,4104185692,3751912585
dimwishlist:item=3285784871&perks=3525010810,106909392,2869569095,2859149211,831391274,3081867624,4104185692,3751912585
dimwishlist:item=3285784871&perks=1478423395,2420895100,2869569095,2859149211,831391274,3081867624,4104185692,3751912585
dimwishlist:item=3285784871&perks=3525010810,1478423395,2869569095,2859149211,831391274,3081867624,4104185692,3751912585
dimwishlist:item=3285784871&perks=1478423395,106909392,2869569095,2859149211,831391274,3081867624,4104185692,3751912585
dimwishlist:item=3285784871&perks=2420895100,2869569095,2859149211,831391274,3081867624,4104185692,3751912585
dimwishlist:item=3285784871&perks=3525010810,2869569095,2859149211,831391274,3081867624,4104185692,3751912585
dimwishlist:item=3285784871&perks=106909392,2869569095,2859149211,831391274,3081867624,4104185692,3751912585
dimwishlist:item=3285784871&perks=1478423395,2869569095,2859149211,831391274,3081867624,4104185692,3751912585
dimwishlist:item=3285784871&perks=2869569095,2859149211,831391274,3081867624,4104185692,3751912585

// Mint Retrograde
//notes:excellent ammo gen + roam + damage perks. Origin: Accelerated Assault
dimwishlist:item=42435996&perks=3525010810,1478423395,2420895100,106909392,2859149211,831391274,3081867624
dimwishlist:item=42435996&perks=3525010810,2420895100,106909392,2859149211,831391274,3081867624
dimwishlist:item=42435996&perks=3525010810,1478423395,2420895100,2859149211,831391274,3081867624
dimwishlist:item=42435996&perks=1478423395,2420895100,106909392,2859149211,831391274,3081867624
dimwishlist:item=42435996&perks=3525010810,1478423395,106909392,2859149211,831391274,3081867624
dimwishlist:item=42435996&perks=3525010810,2420895100,2859149211,831391274,3081867624
dimwishlist:item=42435996&perks=2420895100,106909392,2859149211,831391274,3081867624
dimwishlist:item=42435996&perks=3525010810,106909392,2859149211,831391274,3081867624
dimwishlist:item=42435996&perks=1478423395,2420895100,2859149211,831391274,3081867624
dimwishlist:item=42435996&perks=3525010810,1478423395,2859149211,831391274,3081867624
dimwishlist:item=42435996&perks=1478423395,106909392,2859149211,831391274,3081867624
dimwishlist:item=42435996&perks=2420895100,2859149211,831391274,3081867624
dimwishlist:item=42435996&perks=3525010810,2859149211,831391274,3081867624
dimwishlist:item=42435996&perks=106909392,2859149211,831391274,3081867624
dimwishlist:item=42435996&perks=1478423395,2859149211,831391274,3081867624
dimwishlist:item=42435996&perks=2859149211,831391274,3081867624

// Mint Retrograde
//notes:excellent ammo gen + roam + damage perks. Origin: Accelerated Assault
dimwishlist:item=1715391576&perks=3525010810,1478423395,2420895100,106909392,2869569095,2859149211,831391274,3081867624,4104185692,3751912585,3713579091
dimwishlist:item=1715391576&perks=3525010810,2420895100,106909392,2869569095,2859149211,831391274,3081867624,4104185692,3751912585,3713579091
dimwishlist:item=1715391576&perks=3525010810,1478423395,2420895100,2869569095,2859149211,831391274,3081867624,4104185692,3751912585,3713579091
dimwishlist:item=1715391576&perks=1478423395,2420895100,106909392,2869569095,2859149211,831391274,3081867624,4104185692,3751912585,3713579091
dimwishlist:item=1715391576&perks=3525010810,1478423395,106909392,2869569095,2859149211,831391274,3081867624,4104185692,3751912585,3713579091
dimwishlist:item=1715391576&perks=3525010810,1478423395,2420895100,106909392,2869569095,2859149211,831391274,3081867624,4104185692,3751912585
dimwishlist:item=1715391576&perks=3525010810,2420895100,2869569095,2859149211,831391274,3081867624,4104185692,3751912585,3713579091
dimwishlist:item=1715391576&perks=2420895100,106909392,2869569095,2859149211,831391274,3081867624,4104185692,3751912585,3713579091
dimwishlist:item=1715391576&perks=3525010810,106909392,2869569095,2859149211,831391274,3081867624,4104185692,3751912585,3713579091
dimwishlist:item=1715391576&perks=1478423395,2420895100,2869569095,2859149211,831391274,3081867624,4104185692,3751912585,3713579091
dimwishlist:item=1715391576&perks=3525010810,1478423395,2869569095,2859149211,831391274,3081867624,4104185692,3751912585,3713579091
dimwishlist:item=1715391576&perks=1478423395,106909392,2869569095,2859149211,831391274,3081867624,4104185692,3751912585,3713579091
dimwishlist:item=1715391576&perks=3525010810,2420895100,106909392,2869569095,2859149211,831391274,3081867624,4104185692,3751912585
dimwishlist:item=1715391576&perks=3525010810,1478423395,2420895100,2869569095,2859149211,831391274,3081867624,4104185692,3751912585
dimwishlist:item=1715391576&perks=1478423395,2420895100,106909392,2869569095,2859149211,831391274,3081867624,4104185692,3751912585
dimwishlist:item=1715391576&perks=3525010810,1478423395,106909392,2869569095,2859149211,831391274,3081867624,4104185692,3751912585
dimwishlist:item=1715391576&perks=2420895100,2869569095,2859149211,831391274,3081867624,4104185692,3751912585,3713579091
dimwishlist:item=1715391576&perks=3525010810,2869569095,2859149211,831391274,3081867624,4104185692,3751912585,3713579091
dimwishlist:item=1715391576&perks=106909392,2869569095,2859149211,831391274,3081867624,4104185692,3751912585,3713579091
dimwishlist:item=1715391576&perks=1478423395,2869569095,2859149211,831391274,3081867624,4104185692,3751912585,3713579091
dimwishlist:item=1715391576&perks=3525010810,2420895100,2869569095,2859149211,831391274,3081867624,4104185692,3751912585
dimwishlist:item=1715391576&perks=2420895100,106909392,2869569095,2859149211,831391274,3081867624,4104185692,3751912585
dimwishlist:item=1715391576&perks=3525010810,106909392,2869569095,2859149211,831391274,3081867624,4104185692,3751912585
dimwishlist:item=1715391576&perks=1478423395,2420895100,2869569095,2859149211,831391274,3081867624,4104185692,3751912585
dimwishlist:item=1715391576&perks=3525010810,1478423395,2869569095,2859149211,831391274,3081867624,4104185692,3751912585
dimwishlist:item=1715391576&perks=1478423395,106909392,2869569095,2859149211,831391274,3081867624,4104185692,3751912585
dimwishlist:item=1715391576&perks=2869569095,2859149211,831391274,3081867624,4104185692,3751912585,3713579091
dimwishlist:item=1715391576&perks=2420895100,2869569095,2859149211,831391274,3081867624,4104185692,3751912585
dimwishlist:item=1715391576&perks=3525010810,2869569095,2859149211,831391274,3081867624,4104185692,3751912585
dimwishlist:item=1715391576&perks=106909392,2869569095,2859149211,831391274,3081867624,4104185692,3751912585
dimwishlist:item=1715391576&perks=1478423395,2869569095,2859149211,831391274,3081867624,4104185692,3751912585
dimwishlist:item=1715391576&perks=2869569095,2859149211,831391274,3081867624,4104185692,3751912585

